========================================
Antigravity RC (Rust Edition) 啟動中...
監聽地址: http://0.0.0.0:2026
Cloudflare Tunnel 應指向此處。
========================================
========================================
Antigravity RC (Rust Edition) 啟動中...
監聽地址: http://0.0.0.0:2026
Cloudflare Tunnel 應指向此處。
========================================
========================================
Antigravity RC (Rust Edition) 啟動中...
監聽地址: http://0.0.0.0:2026
Cloudflare Tunnel 應指向此處。
========================================
[Injection Failure] error sending request for url (http://localhost:9222/json)
[Injection Failure] error sending request for url (http://localhost:9222/json)
[Injection Failure] error sending request for url (http://localhost:9222/json)
========================================
Antigravity RC (Rust Edition) 啟動中...
監聽地址: http://0.0.0.0:2026
Cloudflare Tunnel 應指向此處。
========================================
========================================
Antigravity RC PRO (雙向對話版) 已啟動
監聽地址: http://0.0.0.0:2026
========================================
========================================
Antigravity RC PRO (雙向對話版) 已啟動
監聽地址: http://0.0.0.0:2026
========================================
[Inject Error] error sending request for url (http://localhost:9222/json)
[Inject Error] error sending request for url (http://localhost:9222/json)
========================================
Antigravity RC PRO (雙向對話版) 已啟動
監聽地址: http://0.0.0.0:2026
========================================
========================================
Antigravity RC PRO (雙向對話版) 已啟動
監聽地址: http://0.0.0.0:2026
========================================
========================================
Antigravity RC PRO (雙向對話版) 已啟動
監聽地址: http://0.0.0.0:2026
========================================
========================================
Antigravity RC PRO (雙向對話版) 已啟動
監聽地址: http://0.0.0.0:2026
========================================
========================================
Antigravity RC PRO (雙向對話版) 已啟動
監聽地址: http://0.0.0.0:2026
========================================
========================================
Antigravity RC PRO (雙向對話版) 已啟動
監聽地址: http://0.0.0.0:2026
========================================
========================================
Antigravity RC PRO (雙向對話版) 已啟動
監聽地址: http://0.0.0.0:2026
========================================
========================================
Antigravity RC PRO (雙向對話版) 已啟動
監聽地址: http://0.0.0.0:2026
========================================
========================================
Antigravity RC PRO (雙向對話版) 已啟動
監聽地址: http://0.0.0.0:2026
========================================
========================================
Antigravity RC PRO (雙向對話版) 已啟動
監聽地址: http://0.0.0.0:2026
========================================
========================================
Antigravity RC PRO (雙向對話版) 已啟動
監聽地址: http://0.0.0.0:2026
========================================
========================================
Antigravity RC PRO (雙向對話版) 已啟動
監聽地址: http://0.0.0.0:2026
========================================
========================================
Antigravity RC PRO (雙向對話版) 已啟動
監聽地址: http://0.0.0.0:2026
========================================
[ARC] Received message: Final Test: Is it working now after race fix?
[ARC] Injection successful
========================================
Antigravity RC PRO (雙向對話版) 已啟動
監聽地址: http://0.0.0.0:2026
========================================
[ARC] Received message: 測試
[ARC] Injection successful
========================================
Antigravity RC PRO (雙向對話版) 已啟動
監聽地址: http://0.0.0.0:2026
========================================
========================================
Antigravity RC PRO (雙向對話版) 已啟動
監聽地址: http://0.0.0.0:2026
========================================
[ARC] Received message: 測試
[ARC] Injection successful
========================================
Antigravity RC PRO (雙向對話版) 已啟動
監聽地址: http://0.0.0.0:2026
========================================
[ARC] Received message: CDP_TEST_MESSAGE_INJECT
[ARC] Injection Result: {"className":"max-h-[300px] rounded cursor-text overflow-y-auto text-md p-2 outline-none transition-all duration-100 text-sm","status":"injected","tag":"DIV"}
========================================
Antigravity RC PRO (雙向對話版) 已啟動
監聽地址: http://0.0.0.0:2026
========================================
[ARC] Received message: CDP_PASTE_TEST_MESSAGE
[ARC] Injection Result: {"className":"max-h-[300px] rounded cursor-text overflow-y-auto text-md p-2 outline-none transition-all duration-100 text-sm","status":"injected","tag":"DIV"}
========================================
Antigravity RC PRO (雙向對話版) 已啟動
監聽地址: http://0.0.0.0:2026
========================================
[ARC] Received message: CDP_NATIVE_KEYBOARD_TEST
[ARC] Injection Result: {"status":"cdp_injected_and_clicked"}
========================================
Antigravity RC PRO (雙向對話版) 已啟動
監聽地址: http://0.0.0.0:2026
========================================
[ARC] Received message: 測試
[ARC] Injection Result: {"status":"cdp_injected_and_clicked"}
========================================
Antigravity RC PRO (雙向對話版) 已啟動
監聽地址: http://0.0.0.0:2026
========================================
[ARC] Polled AI Msg: SettingsAI Shortcuts
[ARC] Polled AI Msg: SettingsAI Shortcuts
[ARC] Polled AI Msg: SettingsAI Shortcuts
[ARC] Polled AI Msg: SettingsAI Shortcuts
[ARC] Polled AI Msg: SettingsAI Shortcuts
[ARC] Polled AI Msg: SettingsAI Shortcuts
[ARC] Polled AI Msg: SettingsAI Shortcuts
[ARC] Polled AI Msg: SettingsAI Shortcuts
[ARC] Polled AI Msg: SettingsAI Shortcuts
[ARC] Polled AI Msg: SettingsAI Shortcuts
[ARC] Polled AI Msg: SettingsAI Shortcuts
[ARC] Polled AI Msg: SettingsAI Shortcuts
[ARC] Polled AI Msg: SettingsAI Shortcuts
[ARC] Polled AI Msg: SettingsAI Shortcuts
[ARC] Polled AI Msg: SettingsAI Shortcuts
[ARC] Polled AI Msg: SettingsAI Shortcuts
[ARC] Polled AI Msg: SettingsAI Shortcuts
[ARC] Polled AI Msg: SettingsAI Shortcuts
[ARC] Polled AI Msg: SettingsAI Shortcuts
[ARC] Polled AI Msg: SettingsAI Shortcuts
[ARC] Polled AI Msg: SettingsAI Shortcuts
[ARC] Polled AI Msg: SettingsAI Shortcuts
[ARC] Polled AI Msg: SettingsAI Shortcuts
[ARC] Polled AI Msg: SettingsAI Shortcuts
[ARC] Polled AI Msg: SettingsAI Shortcuts
========================================
Antigravity RC PRO (雙向對話版) 已啟動
監聽地址: http://0.0.0.0:2026
========================================
[ARC] Polled AI Msg: DEBUG_FOUND_CLASS: leading-rel
[ARC] Polled AI Msg: DEBUG_FOUND_CLASS: leading-rel
[ARC] Polled AI Msg: DEBUG_FOUND_CLASS: leading-rel
[ARC] Polled AI Msg: DEBUG_FOUND_CLASS: leading-rel
[ARC] Polled AI Msg: DEBUG_FOUND_CLASS: leading-rel
[ARC] Polled AI Msg: DEBUG_FOUND_CLASS: leading-rel
[ARC] Polled AI Msg: DEBUG_FOUND_CLASS: leading-rel
[ARC] Polled AI Msg: DEBUG_FOUND_CLASS: leading-rel
[ARC] Polled AI Msg: DEBUG_FOUND_CLASS: leading-rel
[ARC] Polled AI Msg: DEBUG_FOUND_CLASS: leading-rel
[ARC] Polled AI Msg: DEBUG_FOUND_CLASS: leading-rel
[ARC] Polled AI Msg: DEBUG_FOUND_CLASS: leading-rel
[ARC] Polled AI Msg: DEBUG_FOUND_CLASS: leading-rel
[ARC] Polled AI Msg: DEBUG_FOUND_CLASS: leading-rel
[ARC] Polled AI Msg: DEBUG_FOUND_CLASS: leading-rel
[ARC] Polled AI Msg: DEBUG_FOUND_CLASS: leading-rel
[ARC] Polled AI Msg: DEBUG_FOUND_CLASS: leading-rel
[ARC] Polled AI Msg: DEBUG_FOUND_CLASS: leading-rel
[ARC] Polled AI Msg: DEBUG_FOUND_CLASS: leading-rel
[ARC] Polled AI Msg: DEBUG_FOUND_CLASS: leading-rel
[ARC] Polled AI Msg: DEBUG_FOUND_CLASS: leading-rel
[ARC] Polled AI Msg: DEBUG_FOUND_CLASS: leading-rel
[ARC] Polled AI Msg: DEBUG_FOUND_CLASS: leading-rel
[ARC] Polled AI Msg: DEBUG_FOUND_CLASS: leading-rel
[ARC] Polled AI Msg: DEBUG_FOUND_CLASS: leading-rel
[ARC] Polled AI Msg: DEBUG_FOUND_CLASS: leading-rel
[ARC] Polled AI Msg: DEBUG_FOUND_CLASS: leading-rel
========================================
Antigravity RC PRO (雙向對話版) 已啟動
監聽地址: http://0.0.0.0:2026
========================================
[ARC] Polled AI Msg: Gemini 3.1 Pro (High)
[ARC] Polled AI Msg: Gemini 3.1 Pro (High)
[ARC] Polled AI Msg: Gemini 3.1 Pro (High)
[ARC] Polled AI Msg: Gemini 3.1 Pro (High)
[ARC] Polled AI Msg: Gemini 3.1 Pro (High)
[ARC] Polled AI Msg: Gemini 3.1 Pro (High)
[ARC] Polled AI Msg: Gemini 3.1 Pro (High)
[ARC] Polled AI Msg: Gemini 3.1 Pro (High)
[ARC] Polled AI Msg: Gemini 3.1 Pro (High)
[ARC] Polled AI Msg: Gemini 3.1 Pro (High)
[ARC] Polled AI Msg: Gemini 3.1 Pro (High)
[ARC] Polled AI Msg: Gemini 3.1 Pro (High)
[ARC] Polled AI Msg: Gemini 3.1 Pro (High)
[ARC] Polled AI Msg: Gemini 3.1 Pro (High)
[ARC] Polled AI Msg: Gemini 3.1 Pro (High)
[ARC] Polled AI Msg: Gemini 3.1 Pro (High)
[ARC] Polled AI Msg: Gemini 3.1 Pro (High)
[ARC] Polled AI Msg: Gemini 3.1 Pro (High)
[ARC] Polled AI Msg: Gemini 3.1 Pro (High)
[ARC] Polled AI Msg: Gemini 3.1 Pro (High)
[ARC] Polled AI Msg: Gemini 3.1 Pro (High)
[ARC] Polled AI Msg: Gemini 3.1 Pro (High)
[ARC] Polled AI Msg: Gemini 3.1 Pro (High)
[ARC] Polled AI Msg: Gemini 3.1 Pro (High)
[ARC] Polled AI Msg: Gemini 3.1 Pro (High)
[ARC] Polled AI Msg: Gemini 3.1 Pro (High)
[ARC] Polled AI Msg: Gemini 3.1 Pro (High)
[ARC] Polled AI Msg: Gemini 3.1 Pro (High)
[ARC] Polled AI Msg: Gemini 3.1 Pro (High)
[ARC] Polled AI Msg: Gemini 3.1 Pro (High)
[ARC] Polled AI Msg: Gemini 3.1 Pro (High)
========================================
Antigravity RC PRO (雙向對話版) 已啟動
監聽地址: http://0.0.0.0:2026
========================================
[ARC] Polled AI Msg: Agent will execute tasks direc
[ARC] Polled AI Msg: Agent will execute tasks direc
[ARC] Polled AI Msg: Agent will execute tasks direc
[ARC] Polled AI Msg: Agent will execute tasks direc
[ARC] Polled AI Msg: Agent will execute tasks direc
[ARC] Polled AI Msg: Agent will execute tasks direc
[ARC] Polled AI Msg: Agent will execute tasks direc
[ARC] Polled AI Msg: Agent will execute tasks direc
[ARC] Polled AI Msg: Agent will execute tasks direc
[ARC] Polled AI Msg: Agent will execute tasks direc
[ARC] Polled AI Msg: Agent will execute tasks direc
[ARC] Polled AI Msg: Agent will execute tasks direc
[ARC] Polled AI Msg: Agent will execute tasks direc
[ARC] Polled AI Msg: Agent will execute tasks direc
[ARC] Polled AI Msg: Agent will execute tasks direc
[ARC] Polled AI Msg: Agent will execute tasks direc
[ARC] Polled AI Msg: Agent will execute tasks direc
[ARC] Polled AI Msg: Agent will execute tasks direc
[ARC] Polled AI Msg: Agent will execute tasks direc
[ARC] Polled AI Msg: Agent will execute tasks direc
[ARC] Polled AI Msg: Agent will execute tasks direc
[ARC] Polled AI Msg: Agent will execute tasks direc
[ARC] Polled AI Msg: Agent will execute tasks direc
[ARC] Polled AI Msg: Agent will execute tasks direc
[ARC] Polled AI Msg: Agent will execute tasks direc
[ARC] Polled AI Msg: Agent will execute tasks direc
[ARC] Polled AI Msg: Agent will execute tasks direc
[ARC] Polled AI Msg: Agent will execute tasks direc
[ARC] Polled AI Msg: Agent will execute tasks direc
[ARC] Polled AI Msg: Agent will execute tasks direc
[ARC] Polled AI Msg: Agent will execute tasks direc
[ARC] Polled AI Msg: Agent will execute tasks direc
[ARC] Polled AI Msg: Agent will execute tasks direc
[ARC] Polled AI Msg: Agent will execute tasks direc
[ARC] Polled AI Msg: Agent will execute tasks direc
[ARC] Polled AI Msg: Agent will execute tasks direc
[ARC] Polled AI Msg: Agent will execute tasks direc
[ARC] Polled AI Msg: Agent will execute tasks direc
[ARC] Polled AI Msg: Agent will execute tasks direc
[ARC] Polled AI Msg: Agent will execute tasks direc
[ARC] Polled AI Msg: Agent will execute tasks direc
[ARC] Polled AI Msg: Agent will execute tasks direc
[ARC] Polled AI Msg: Agent will execute tasks direc
[ARC] Polled AI Msg: Agent will execute tasks direc
[ARC] Polled AI Msg: Agent will execute tasks direc
[ARC] Polled AI Msg: Agent will execute tasks direc
[ARC] Polled AI Msg: Agent will execute tasks direc
[ARC] Polled AI Msg: Agent will execute tasks direc
[ARC] Polled AI Msg: Agent will execute tasks direc
[ARC] Polled AI Msg: Agent will execute tasks direc
[ARC] Polled AI Msg: Agent will execute tasks direc
[ARC] Polled AI Msg: Agent will execute tasks direc
[ARC] Polled AI Msg: Agent will execute tasks direc
[ARC] Polled AI Msg: Agent will execute tasks direc
[ARC] Polled AI Msg: Agent will execute tasks direc
[ARC] Polled AI Msg: Agent will execute tasks direc
[ARC] Polled AI Msg: Agent will execute tasks direc
[ARC] Polled AI Msg: Agent will execute tasks direc
[ARC] Polled AI Msg: Agent will execute tasks direc
[ARC] Polled AI Msg: Agent will execute tasks direc
[ARC] Polled AI Msg: Agent will execute tasks direc
[ARC] Polled AI Msg: Agent will execute tasks direc
[ARC] Polled AI Msg: Agent will execute tasks direc
[ARC] Polled AI Msg: Agent will execute tasks direc
[ARC] Polled AI Msg: Agent will execute tasks direc
[ARC] Polled AI Msg: Agent will execute tasks direc
[ARC] Polled AI Msg: Agent will execute tasks direc
[ARC] Polled AI Msg: Agent will execute tasks direc
[ARC] Polled AI Msg: Agent will execute tasks direc
[ARC] Polled AI Msg: Agent will execute tasks direc
[ARC] Polled AI Msg: Agent will execute tasks direc
[ARC] Polled AI Msg: Agent will execute tasks direc
[ARC] Polled AI Msg: Agent will execute tasks direc
[ARC] Polled AI Msg: Agent will execute tasks direc
[ARC] Polled AI Msg: Agent will execute tasks direc
[ARC] Polled AI Msg: Agent will execute tasks direc
[ARC] Polled AI Msg: Agent will execute tasks direc
[ARC] Polled AI Msg: Agent will execute tasks direc
[ARC] Polled AI Msg: Agent will execute tasks direc
[ARC] Polled AI Msg: Agent will execute tasks direc
[ARC] Polled AI Msg: Agent will execute tasks direc
[ARC] Polled AI Msg: Agent will execute tasks direc
[ARC] Polled AI Msg: Agent will execute tasks direc
[ARC] Polled AI Msg: Agent will execute tasks direc
[ARC] Polled AI Msg: Agent will execute tasks direc
[ARC] Polled AI Msg: Agent will execute tasks direc
[ARC] Polled AI Msg: Agent will execute tasks direc
[ARC] Polled AI Msg: Agent will execute tasks direc
[ARC] Polled AI Msg: Agent will execute tasks direc
[ARC] Polled AI Msg: Agent will execute tasks direc
[ARC] Polled AI Msg: Agent will execute tasks direc
[ARC] Polled AI Msg: Agent will execute tasks direc
[ARC] Polled AI Msg: Open Antigravity User Settings
[ARC] Polled AI Msg: Agent will execute tasks direc
[ARC] Polled AI Msg: Agent will execute tasks direc
[ARC] Polled AI Msg: Agent will execute tasks direc
[ARC] Polled AI Msg: Agent will execute tasks direc
[ARC] Polled AI Msg: Agent will execute tasks direc
[ARC] Polled AI Msg: Agent will execute tasks direc
[ARC] Polled AI Msg: Agent will execute tasks direc
[ARC] Polled AI Msg: Agent will execute tasks direc
[ARC] Polled AI Msg: Agent will execute tasks direc
[ARC] Polled AI Msg: Agent will execute tasks direc
[ARC] Polled AI Msg: Agent will execute tasks direc
[ARC] Polled AI Msg: Agent will execute tasks direc
[ARC] Polled AI Msg: Agent will execute tasks direc
[ARC] Polled AI Msg: Agent will execute tasks direc
[ARC] Polled AI Msg: Agent will execute tasks direc
[ARC] Polled AI Msg: Agent will execute tasks direc
[ARC] Polled AI Msg: Agent will execute tasks direc
[ARC] Polled AI Msg: Agent will execute tasks direc
[ARC] Polled AI Msg: Agent will execute tasks direc
[ARC] Polled AI Msg: Agent will execute tasks direc
[ARC] Polled AI Msg: Agent will execute tasks direc
[ARC] Polled AI Msg: Agent will execute tasks direc
[ARC] Polled AI Msg: Agent will execute tasks direc
[ARC] Polled AI Msg: Agent will execute tasks direc
[ARC] Polled AI Msg: Agent will execute tasks direc
[ARC] Polled AI Msg: Agent will execute tasks direc
[ARC] Polled AI Msg: Agent will execute tasks direc
[ARC] Polled AI Msg: Agent will execute tasks direc
[ARC] Polled AI Msg: Agent will execute tasks direc
[ARC] Polled AI Msg: Agent will execute tasks direc
[ARC] Polled AI Msg: Agent will execute tasks direc
[ARC] Polled AI Msg: Agent will execute tasks direc
[ARC] Polled AI Msg: Agent will execute tasks direc
[ARC] Polled AI Msg: Agent will execute tasks direc
[ARC] Polled AI Msg: Agent will execute tasks direc
[ARC] Polled AI Msg: Agent will execute tasks direc
[ARC] Polled AI Msg: Agent will execute tasks direc
[ARC] Polled AI Msg: Agent will execute tasks direc
[ARC] Polled AI Msg: Agent will execute tasks direc
[ARC] Polled AI Msg: Agent will execute tasks direc
[ARC] Polled AI Msg: Agent will execute tasks direc
[ARC] Polled AI Msg: Agent will execute tasks direc
[ARC] Polled AI Msg: Agent will execute tasks direc
[ARC] Polled AI Msg: Agent will execute tasks direc
[ARC] Polled AI Msg: Agent will execute tasks direc
[ARC] Polled AI Msg: Agent will execute tasks direc
[ARC] Polled AI Msg: Agent will execute tasks direc
[ARC] Polled AI Msg: Agent will execute tasks direc
[ARC] Polled AI Msg: Agent will execute tasks direc
[ARC] Polled AI Msg: Agent will execute tasks direc
[ARC] Polled AI Msg: Agent will execute tasks direc
[ARC] Polled AI Msg: Agent will execute tasks direc
[ARC] Polled AI Msg: Agent will execute tasks direc
[ARC] Polled AI Msg: Agent will execute tasks direc
[ARC] Polled AI Msg: Agent will execute tasks direc
========================================
Antigravity RC PRO (雙向對話版) 已啟動
監聽地址: http://0.0.0.0:2026
========================================
[ARC] Polled AI Msg: Agent will execute tasks direc
[ARC] Polled AI Msg: Agent will execute tasks direc
[ARC] Polled AI Msg: Agent will execute tasks direc
[ARC] Polled AI Msg: Agent will execute tasks direc
[ARC] Polled AI Msg: Agent will execute tasks direc
[ARC] Polled AI Msg: Agent will execute tasks direc
[ARC] Polled AI Msg: Agent will execute tasks direc
[ARC] Polled AI Msg: Agent will execute tasks direc
[ARC] Polled AI Msg: Agent will execute tasks direc
[ARC] Polled AI Msg: Agent will execute tasks direc
[ARC] Polled AI Msg: Agent will execute tasks direc
[ARC] Polled AI Msg: Agent will execute tasks direc
[ARC] Polled AI Msg: Agent will execute tasks direc
[ARC] Polled AI Msg: Agent will execute tasks direc
[ARC] Polled AI Msg: Agent will execute tasks direc
[ARC] Polled AI Msg: Agent will execute tasks direc
[ARC] Polled AI Msg: Agent will execute tasks direc
[ARC] Polled AI Msg: Agent will execute tasks direc
[ARC] Polled AI Msg: Agent will execute tasks direc
[ARC] Polled AI Msg: Agent will execute tasks direc
[ARC] Polled AI Msg: Agent will execute tasks direc
[ARC] Polled AI Msg: Agent will execute tasks direc
[ARC] Polled AI Msg: Agent will execute tasks direc
[ARC] Polled AI Msg: Agent will execute tasks direc
[ARC] Polled AI Msg: Agent will execute tasks direc
[ARC] Polled AI Msg: Agent will execute tasks direc
[ARC] Polled AI Msg: Agent will execute tasks direc
[ARC] Polled AI Msg: Agent will execute tasks direc
[ARC] Polled AI Msg: Agent will execute tasks direc
[ARC] Polled AI Msg: Agent will execute tasks direc
[ARC] Polled AI Msg: Agent will execute tasks direc
[ARC] Polled AI Msg: Agent will execute tasks direc
[ARC] Polled AI Msg: Agent will execute tasks direc
[ARC] Polled AI Msg: Agent will execute tasks direc
[ARC] Polled AI Msg: Agent will execute tasks direc
[ARC] Polled AI Msg: Agent will execute tasks direc
[ARC] Polled AI Msg: Agent will execute tasks direc
[ARC] Polled AI Msg: Agent will execute tasks direc
[ARC] Polled AI Msg: Agent will execute tasks direc
[ARC] Polled AI Msg: Agent will execute tasks direc
[ARC] Polled AI Msg: Agent will execute tasks direc
[ARC] Polled AI Msg: Agent will execute tasks direc
[ARC] Polled AI Msg: Agent will execute tasks direc
[ARC] Polled AI Msg: Agent will execute tasks direc
[ARC] Polled AI Msg: Agent will execute tasks direc
[ARC] Polled AI Msg: Agent will execute tasks direc
[ARC] Polled AI Msg: Agent will execute tasks direc
[ARC] Polled AI Msg: Agent will execute tasks direc
[ARC] Polled AI Msg: Agent will execute tasks direc
[ARC] Polled AI Msg: Agent will execute tasks direc
[ARC] Polled AI Msg: Agent will execute tasks direc
[ARC] Polled AI Msg: Agent will execute tasks direc
[ARC] Polled AI Msg: Agent will execute tasks direc
[ARC] Polled AI Msg: Agent will execute tasks direc
[ARC] Polled AI Msg: Agent will execute tasks direc
[ARC] Polled AI Msg: Agent will execute tasks direc
[ARC] Polled AI Msg: Agent will execute tasks direc
[ARC] Polled AI Msg: Agent will execute tasks direc
[ARC] Polled AI Msg: Agent will execute tasks direc
[ARC] Polled AI Msg: Agent will execute tasks direc
[ARC] Polled AI Msg: Agent will execute tasks direc
[ARC] Polled AI Msg: Agent will execute tasks direc
[ARC] Polled AI Msg: Agent will execute tasks direc
[ARC] Polled AI Msg: Agent will execute tasks direc
[ARC] Polled AI Msg: Agent will execute tasks direc
[ARC] Polled AI Msg: Agent will execute tasks direc
[ARC] Polled AI Msg: Agent will execute tasks direc
[ARC] Polled AI Msg: Agent will execute tasks direc
[ARC] Polled AI Msg: Agent will execute tasks direc
[ARC] Polled AI Msg: Agent will execute tasks direc
========================================
Antigravity RC PRO (雙向對話版) 已啟動
監聽地址: http://0.0.0.0:2026
========================================
[ARC] Polled AI Msg: Agent will execute tasks direc
[ARC] Polled AI Msg: Agent will execute tasks direc
[ARC] Polled AI Msg: Agent will execute tasks direc
[ARC] Polled AI Msg: Agent will execute tasks direc
[ARC] Polled AI Msg: Agent will execute tasks direc
[ARC] Polled AI Msg: Agent will execute tasks direc
[ARC] Polled AI Msg: Agent will execute tasks direc
[ARC] Polled AI Msg: Agent will execute tasks direc
[ARC] Polled AI Msg: Agent will execute tasks direc
[ARC] Polled AI Msg: Agent will execute tasks direc
[ARC] Polled AI Msg: Agent will execute tasks direc
[ARC] Polled AI Msg: Agent will execute tasks direc
[ARC] Polled AI Msg: Agent will execute tasks direc
[ARC] Polled AI Msg: Agent will execute tasks direc
[ARC] Polled AI Msg: Agent will execute tasks direc
[ARC] Polled AI Msg: Agent will execute tasks direc
[ARC] Polled AI Msg: Agent will execute tasks direc
[ARC] Polled AI Msg: Agent will execute tasks direc
[ARC] Polled AI Msg: Agent will execute tasks direc
[ARC] Polled AI Msg: Agent will execute tasks direc
[ARC] Polled AI Msg: Agent will execute tasks direc
[ARC] Polled AI Msg: Agent will execute tasks direc
[ARC] Polled AI Msg: Agent will execute tasks direc
[ARC] Polled AI Msg: Agent will execute tasks direc
[ARC] Polled AI Msg: Agent will execute tasks direc
[ARC] Polled AI Msg: Agent will execute tasks direc
[ARC] Polled AI Msg: Agent will execute tasks direc
[ARC] Polled AI Msg: Agent will execute tasks direc
[ARC] Received message: 你怎麼沒按照ide的模型選項設定？ (Model: None)
[ARC] Injection Result: {"status":"cdp_injected_and_clicked"}
[ARC] Polled AI Msg: Agent will execute tasks direc
[ARC] Polled AI Msg: Agent will execute tasks direc
[ARC] Polled AI Msg: Agent will execute tasks direc
[ARC] Polled AI Msg: Agent will execute tasks direc
[ARC] Polled AI Msg: Agent will execute tasks direc
[ARC] Polled AI Msg: Agent will execute tasks direc
[ARC] Polled AI Msg: Agent will execute tasks direc
[ARC] Polled AI Msg: Agent will execute tasks direc
[ARC] Polled AI Msg: Agent will execute tasks direc
[ARC] Polled AI Msg: Agent will execute tasks direc
[ARC] Polled AI Msg: Agent will execute tasks direc
[ARC] Polled AI Msg: Agent will execute tasks direc
[ARC] Polled AI Msg: Agent will execute tasks direc
[ARC] Polled AI Msg: Agent will execute tasks direc
[ARC] Polled AI Msg: Agent will execute tasks direc
[ARC] Polled AI Msg: Agent will execute tasks direc
[ARC] Polled AI Msg: Agent will execute tasks direc
[ARC] Polled AI Msg: Agent will execute tasks direc
[ARC] Polled AI Msg: Agent will execute tasks direc
[ARC] Polled AI Msg: Agent will execute tasks direc
[ARC] Polled AI Msg: Agent will execute tasks direc
[ARC] Polled AI Msg: Agent will execute tasks direc
[ARC] Polled AI Msg: Agent will execute tasks direc
[ARC] Polled AI Msg: Agent will execute tasks direc
[ARC] Polled AI Msg: Show Opened EditorsClose AllCt
[ARC] Polled AI Msg: Show Opened EditorsClose AllCt
[ARC] Polled AI Msg: Show Opened EditorsClose AllCt
[ARC] Polled AI Msg: Agent will execute tasks direc
[ARC] Polled AI Msg: Agent will execute tasks direc
[ARC] Polled AI Msg: Agent will execute tasks direc
[ARC] Polled AI Msg: Agent will execute tasks direc
[ARC] Polled AI Msg: Agent will execute tasks direc
[ARC] Polled AI Msg: Agent will execute tasks direc
[ARC] Polled AI Msg: Agent will execute tasks direc
[ARC] Polled AI Msg: Agent will execute tasks direc
[ARC] Polled AI Msg: Agent will execute tasks direc
[ARC] Polled AI Msg: Agent will execute tasks direc
[ARC] Polled AI Msg: Agent will execute tasks direc
[ARC] Polled AI Msg: Agent will execute tasks direc
[ARC] Polled AI Msg: Agent will execute tasks direc
[ARC] Polled AI Msg: Agent will execute tasks direc
[ARC] Polled AI Msg: Agent will execute tasks direc
[ARC] Polled AI Msg: Agent will execute tasks direc
[ARC] Polled AI Msg: Agent will execute tasks direc
[ARC] Polled AI Msg: Agent will execute tasks direc
[ARC] Polled AI Msg: Agent will execute tasks direc
[ARC] Polled AI Msg: Agent will execute tasks direc
[ARC] Polled AI Msg: Agent will execute tasks direc
[ARC] Polled AI Msg: Agent will execute tasks direc
[ARC] Polled AI Msg: Agent will execute tasks direc
[ARC] Polled AI Msg: Agent will execute tasks direc
[ARC] Polled AI Msg: Agent will execute tasks direc
[ARC] Polled AI Msg: Agent will execute tasks direc
[ARC] Polled AI Msg: Agent will execute tasks direc
[ARC] Polled AI Msg: Agent will execute tasks direc
[ARC] Polled AI Msg: Agent will execute tasks direc
[ARC] Polled AI Msg: Agent will execute tasks direc
[ARC] Polled AI Msg: Agent will execute tasks direc
========================================
Antigravity RC PRO (雙向對話版) 已啟動
監聽地址: http://0.0.0.0:2026
========================================
[ARC] Polled AI Msg: Agent will execute tasks direc
[ARC] Polled AI Msg: Agent will execute tasks direc
[ARC] Polled AI Msg: Agent will execute tasks direc
[ARC] Polled AI Msg: Agent will execute tasks direc
[ARC] Polled AI Msg: Agent will execute tasks direc
[ARC] Polled AI Msg: Agent will execute tasks direc
[ARC] Polled AI Msg: Agent will execute tasks direc
[ARC] Polled AI Msg: Agent will execute tasks direc
[ARC] Polled AI Msg: Agent will execute tasks direc
[ARC] Polled AI Msg: Agent will execute tasks direc
[ARC] Polled AI Msg: Agent will execute tasks direc
[ARC] Polled AI Msg: Agent will execute tasks direc
[ARC] Polled AI Msg: Agent will execute tasks direc
[ARC] Polled AI Msg: Agent will execute tasks direc
[ARC] Polled AI Msg: Agent will execute tasks direc
[ARC] Polled AI Msg: Agent will execute tasks direc
[ARC] Polled AI Msg: Agent will execute tasks direc
[ARC] Polled AI Msg: Agent will execute tasks direc
[ARC] Polled AI Msg: Agent will execute tasks direc
[ARC] Polled AI Msg: Agent will execute tasks direc
========================================
Antigravity RC PRO (雙向對話版) 已啟動
監聽地址: http://0.0.0.0:2026
========================================
[ARC] Polled AI Msg: Agent will execute tasks direc
[ARC] Polled AI Msg: Agent will execute tasks direc
[ARC] Polled AI Msg: Agent will execute tasks direc
[ARC] Polled AI Msg: Agent will execute tasks direc
[ARC] Polled AI Msg: Agent will execute tasks direc
[ARC] Polled AI Msg: Agent will execute tasks direc
[ARC] Polled AI Msg: Agent will execute tasks direc
[ARC] Polled AI Msg: Agent will execute tasks direc
[ARC] Polled AI Msg: Agent will execute tasks direc
[ARC] Polled AI Msg: Agent will execute tasks direc
[ARC] Polled AI Msg: Agent will execute tasks direc
[ARC] Polled AI Msg: Agent will execute tasks direc
[ARC] Polled AI Msg: Agent will execute tasks direc
[ARC] Polled AI Msg: Agent will execute tasks direc
[ARC] Polled AI Msg: Agent will execute tasks direc
[ARC] Polled AI Msg: Agent will execute tasks direc
[ARC] Polled AI Msg: Agent will execute tasks direc
[ARC] Polled AI Msg: Agent will execute tasks direc
[ARC] Polled AI Msg: Agent will execute tasks direc
[ARC] Polled AI Msg: Agent will execute tasks direc
[ARC] Polled AI Msg: Agent will execute tasks direc
[ARC] Polled AI Msg: Agent will execute tasks direc
[ARC] Polled AI Msg: Agent will execute tasks direc
[ARC] Polled AI Msg: Agent will execute tasks direc
[ARC] Polled AI Msg: Agent will execute tasks direc
[ARC] Polled AI Msg: Agent will execute tasks direc
[ARC] Polled AI Msg: Agent will execute tasks direc
[ARC] Polled AI Msg: Agent will execute tasks direc
[ARC] Polled AI Msg: Agent will execute tasks direc
[ARC] Polled AI Msg: Agent will execute tasks direc
[ARC] Polled AI Msg: Agent will execute tasks direc
[ARC] Polled AI Msg: Agent will execute tasks direc
[ARC] Polled AI Msg: Agent will execute tasks direc
[ARC] Polled AI Msg: Agent will execute tasks direc
[ARC] Polled AI Msg: Agent will execute tasks direc
[ARC] Polled AI Msg: Agent will execute tasks direc
[ARC] Polled AI Msg: Agent will execute tasks direc
[ARC] Polled AI Msg: Agent will execute tasks direc
[ARC] Polled AI Msg: Agent will execute tasks direc
[ARC] Polled AI Msg: Agent will execute tasks direc
[ARC] Polled AI Msg: Agent will execute tasks direc
[ARC] Polled AI Msg: Agent will execute tasks direc
[ARC] Polled AI Msg: Agent will execute tasks direc
[ARC] Polled AI Msg: Agent will execute tasks direc
[ARC] Polled AI Msg: Agent will execute tasks direc
[ARC] Polled AI Msg: Agent will execute tasks direc
[ARC] Polled AI Msg: Agent will execute tasks direc
========================================
Antigravity RC PRO (雙向對話版) 已啟動
監聽地址: http://0.0.0.0:2026
========================================
[ARC] Polled AI Msg: DEBUG_PATH: DIV.px-2.pb-1.over
[ARC] Polled AI Msg: DEBUG_PATH: DIV.px-2.pb-1.over
[ARC] Polled AI Msg: DEBUG_PATH: DIV.px-2.pb-1.over
[ARC] Polled AI Msg: DEBUG_PATH: DIV.px-2.pb-1.over
[ARC] Polled AI Msg: DEBUG_PATH: DIV.px-2.pb-1.over
[ARC] Polled AI Msg: DEBUG_PATH: DIV.px-2.pb-1.over
[ARC] Polled AI Msg: DEBUG_PATH: DIV.px-2.pb-1.over
[ARC] Polled AI Msg: DEBUG_PATH: DIV.px-2.pb-1.over
[ARC] Polled AI Msg: DEBUG_PATH: DIV.px-2.pb-1.over
[ARC] Polled AI Msg: DEBUG_PATH: DIV.px-2.pb-1.over
[ARC] Polled AI Msg: DEBUG_PATH: DIV.px-2.pb-1.over
[ARC] Polled AI Msg: DEBUG_PATH: DIV.px-2.pb-1.over
[ARC] Polled AI Msg: DEBUG_PATH: DIV.px-2.pb-1.over
[ARC] Polled AI Msg: DEBUG_PATH: DIV.px-2.pb-1.over
[ARC] Polled AI Msg: DEBUG_PATH: DIV.px-2.pb-1.over
[ARC] Polled AI Msg: DEBUG_PATH: DIV.px-2.pb-1.over
[ARC] Polled AI Msg: DEBUG_PATH: DIV.px-2.pb-1.over
[ARC] Polled AI Msg: DEBUG_PATH: DIV.px-2.pb-1.over
[ARC] Polled AI Msg: DEBUG_PATH: DIV.px-2.pb-1.over
[ARC] Polled AI Msg: DEBUG_PATH: DIV.px-2.pb-1.over
[ARC] Polled AI Msg: DEBUG_PATH: DIV.px-2.pb-1.over
[ARC] Polled AI Msg: DEBUG_PATH: DIV.px-2.pb-1.over
[ARC] Polled AI Msg: DEBUG_PATH: DIV.px-2.pb-1.over
[ARC] Polled AI Msg: DEBUG_PATH: DIV.px-2.pb-1.over
[ARC] Polled AI Msg: DEBUG_PATH: DIV.px-2.pb-1.over
[ARC] Polled AI Msg: DEBUG_PATH: DIV.px-2.pb-1.over
[ARC] Polled AI Msg: DEBUG_PATH: DIV.px-2.pb-1.over
[ARC] Polled AI Msg: DEBUG_PATH: DIV.px-2.pb-1.over
[ARC] Polled AI Msg: DEBUG_PATH: DIV.px-2.pb-1.over
[ARC] Polled AI Msg: DEBUG_PATH: DIV.px-2.pb-1.over
[ARC] Polled AI Msg: DEBUG_PATH: DIV.px-2.pb-1.over
[ARC] Polled AI Msg: DEBUG_PATH: DIV.px-2.pb-1.over
[ARC] Polled AI Msg: DEBUG_PATH: DIV.px-2.pb-1.over
========================================
Antigravity RC PRO (雙向對話版) 已啟動
監聽地址: http://0.0.0.0:2026
========================================
[ARC] Polled AI Msg: DUMP: DIV.relative.w-full => A
[ARC] Polled AI Msg: DUMP: DIV.relative.w-full => A
[ARC] Polled AI Msg: DUMP: DIV.relative.w-full => A
[ARC] Polled AI Msg: DUMP: DIV.relative.w-full => A
[ARC] Polled AI Msg: DUMP: DIV.relative.w-full => A
[ARC] Polled AI Msg: DUMP: DIV.relative.w-full => A
[ARC] Polled AI Msg: DUMP: DIV.relative.w-full => A
[ARC] Polled AI Msg: DUMP: DIV.relative.w-full => A
[ARC] Polled AI Msg: DUMP: DIV.relative.w-full => A
[ARC] Polled AI Msg: DUMP: DIV.relative.w-full => A
[ARC] Polled AI Msg: DUMP: DIV.relative.w-full => A
[ARC] Polled AI Msg: DUMP: DIV.relative.w-full => A
[ARC] Polled AI Msg: DUMP: DIV.relative.w-full => A
[ARC] Polled AI Msg: DUMP: DIV.relative.w-full => A
[ARC] Polled AI Msg: DUMP: DIV.relative.w-full => A
[ARC] Polled AI Msg: DUMP: DIV.relative.w-full => A
[ARC] Polled AI Msg: DUMP: DIV.relative.w-full => A
[ARC] Polled AI Msg: DUMP: DIV.relative.w-full => A
[ARC] Polled AI Msg: DUMP: DIV.relative.w-full => A
[ARC] Polled AI Msg: DUMP: DIV.relative.w-full => A
[ARC] Polled AI Msg: DUMP: DIV.relative.w-full => A
[ARC] Polled AI Msg: DUMP: DIV.relative.w-full => A
[ARC] Polled AI Msg: DUMP: DIV.relative.w-full => A
[ARC] Polled AI Msg: DUMP: DIV.relative.w-full => A
========================================
Antigravity RC PRO (雙向對話版) 已啟動
監聽地址: http://0.0.0.0:2026
========================================
[ARC] Polled AI Msg: DUMP: DIV.relative.w-full => Ask anything, @ to mention, / for workflows || DIV.w-full.rounded-lg.transition-all.duration-10 => Ask anything, @ to mention, / for workflows || DIV.relative.w-full => Ask anything, @ to mention, / for workflows || P.pointer-events-none.absolute.left-2.right-2.top-2.z-0.select-none.overflow-hidden.text-ellipsis.whitespace-nowrap.text-sm.text-ide-input-color.opacity-40 => Ask anything, @ to mention, / for workflows || DIV.mt-1.flex.w-full.items-center.justify-between.gap-1.px-0.5 => FastGemini 3.1 Pro (High) || DIV.flex.min-w-0.flex-1.items-center.gap-0.5 => FastGemini 3.1 Pro (High) || DIV.min-w-0 => Gemini 3.1 Pro (High) || DIV. => Gemini 3.1 Pro (High) || DIV. => Gemini 3.1 Pro (High) || SPAN.min-w-0.select-none.overflow-hidden.text-ellipsis.whitespace-nowrap.text-xs.opacity-70 => Gemini 3.1 Pro (High) 
[ARC] Polled AI Msg: DUMP: DIV.relative.w-full => Ask anything, @ to mention, / for workflows || DIV.w-full.rounded-lg.transition-all.duration-10 => Ask anything, @ to mention, / for workflows || DIV.relative.w-full => Ask anything, @ to mention, / for workflows || P.pointer-events-none.absolute.left-2.right-2.top-2.z-0.select-none.overflow-hidden.text-ellipsis.whitespace-nowrap.text-sm.text-ide-input-color.opacity-40 => Ask anything, @ to mention, / for workflows || DIV.mt-1.flex.w-full.items-center.justify-between.gap-1.px-0.5 => FastGemini 3.1 Pro (High) || DIV.flex.min-w-0.flex-1.items-center.gap-0.5 => FastGemini 3.1 Pro (High) || DIV.min-w-0 => Gemini 3.1 Pro (High) || DIV. => Gemini 3.1 Pro (High) || DIV. => Gemini 3.1 Pro (High) || SPAN.min-w-0.select-none.overflow-hidden.text-ellipsis.whitespace-nowrap.text-xs.opacity-70 => Gemini 3.1 Pro (High) 
[ARC] Polled AI Msg: DUMP: DIV.relative.w-full => Ask anything, @ to mention, / for workflows || DIV.w-full.rounded-lg.transition-all.duration-10 => Ask anything, @ to mention, / for workflows || DIV.relative.w-full => Ask anything, @ to mention, / for workflows || P.pointer-events-none.absolute.left-2.right-2.top-2.z-0.select-none.overflow-hidden.text-ellipsis.whitespace-nowrap.text-sm.text-ide-input-color.opacity-40 => Ask anything, @ to mention, / for workflows || DIV.mt-1.flex.w-full.items-center.justify-between.gap-1.px-0.5 => FastGemini 3.1 Pro (High) || DIV.flex.min-w-0.flex-1.items-center.gap-0.5 => FastGemini 3.1 Pro (High) || DIV.min-w-0 => Gemini 3.1 Pro (High) || DIV. => Gemini 3.1 Pro (High) || DIV. => Gemini 3.1 Pro (High) || SPAN.min-w-0.select-none.overflow-hidden.text-ellipsis.whitespace-nowrap.text-xs.opacity-70 => Gemini 3.1 Pro (High) 
[ARC] Polled AI Msg: DUMP: DIV.relative.w-full => Ask anything, @ to mention, / for workflows || DIV.w-full.rounded-lg.transition-all.duration-10 => Ask anything, @ to mention, / for workflows || DIV.relative.w-full => Ask anything, @ to mention, / for workflows || P.pointer-events-none.absolute.left-2.right-2.top-2.z-0.select-none.overflow-hidden.text-ellipsis.whitespace-nowrap.text-sm.text-ide-input-color.opacity-40 => Ask anything, @ to mention, / for workflows || DIV.mt-1.flex.w-full.items-center.justify-between.gap-1.px-0.5 => FastGemini 3.1 Pro (High) || DIV.flex.min-w-0.flex-1.items-center.gap-0.5 => FastGemini 3.1 Pro (High) || DIV.min-w-0 => Gemini 3.1 Pro (High) || DIV. => Gemini 3.1 Pro (High) || DIV. => Gemini 3.1 Pro (High) || SPAN.min-w-0.select-none.overflow-hidden.text-ellipsis.whitespace-nowrap.text-xs.opacity-70 => Gemini 3.1 Pro (High) 
[ARC] Polled AI Msg: DUMP: DIV.relative.w-full => Ask anything, @ to mention, / for workflows || DIV.w-full.rounded-lg.transition-all.duration-10 => Ask anything, @ to mention, / for workflows || DIV.relative.w-full => Ask anything, @ to mention, / for workflows || P.pointer-events-none.absolute.left-2.right-2.top-2.z-0.select-none.overflow-hidden.text-ellipsis.whitespace-nowrap.text-sm.text-ide-input-color.opacity-40 => Ask anything, @ to mention, / for workflows || DIV.mt-1.flex.w-full.items-center.justify-between.gap-1.px-0.5 => FastGemini 3.1 Pro (High) || DIV.flex.min-w-0.flex-1.items-center.gap-0.5 => FastGemini 3.1 Pro (High) || DIV.min-w-0 => Gemini 3.1 Pro (High) || DIV. => Gemini 3.1 Pro (High) || DIV. => Gemini 3.1 Pro (High) || SPAN.min-w-0.select-none.overflow-hidden.text-ellipsis.whitespace-nowrap.text-xs.opacity-70 => Gemini 3.1 Pro (High) 
[ARC] Polled AI Msg: DUMP: DIV.relative.w-full => Ask anything, @ to mention, / for workflows || DIV.w-full.rounded-lg.transition-all.duration-10 => Ask anything, @ to mention, / for workflows || DIV.relative.w-full => Ask anything, @ to mention, / for workflows || P.pointer-events-none.absolute.left-2.right-2.top-2.z-0.select-none.overflow-hidden.text-ellipsis.whitespace-nowrap.text-sm.text-ide-input-color.opacity-40 => Ask anything, @ to mention, / for workflows || DIV.mt-1.flex.w-full.items-center.justify-between.gap-1.px-0.5 => FastGemini 3.1 Pro (High) || DIV.flex.min-w-0.flex-1.items-center.gap-0.5 => FastGemini 3.1 Pro (High) || DIV.min-w-0 => Gemini 3.1 Pro (High) || DIV. => Gemini 3.1 Pro (High) || DIV. => Gemini 3.1 Pro (High) || SPAN.min-w-0.select-none.overflow-hidden.text-ellipsis.whitespace-nowrap.text-xs.opacity-70 => Gemini 3.1 Pro (High) 
[ARC] Polled AI Msg: DUMP: DIV.relative.w-full => Ask anything, @ to mention, / for workflows || DIV.w-full.rounded-lg.transition-all.duration-10 => Ask anything, @ to mention, / for workflows || DIV.relative.w-full => Ask anything, @ to mention, / for workflows || P.pointer-events-none.absolute.left-2.right-2.top-2.z-0.select-none.overflow-hidden.text-ellipsis.whitespace-nowrap.text-sm.text-ide-input-color.opacity-40 => Ask anything, @ to mention, / for workflows || DIV.mt-1.flex.w-full.items-center.justify-between.gap-1.px-0.5 => FastGemini 3.1 Pro (High) || DIV.flex.min-w-0.flex-1.items-center.gap-0.5 => FastGemini 3.1 Pro (High) || DIV.min-w-0 => Gemini 3.1 Pro (High) || DIV. => Gemini 3.1 Pro (High) || DIV. => Gemini 3.1 Pro (High) || SPAN.min-w-0.select-none.overflow-hidden.text-ellipsis.whitespace-nowrap.text-xs.opacity-70 => Gemini 3.1 Pro (High) 
[ARC] Polled AI Msg: DUMP: DIV.relative.w-full => Ask anything, @ to mention, / for workflows || DIV.w-full.rounded-lg.transition-all.duration-10 => Ask anything, @ to mention, / for workflows || DIV.relative.w-full => Ask anything, @ to mention, / for workflows || P.pointer-events-none.absolute.left-2.right-2.top-2.z-0.select-none.overflow-hidden.text-ellipsis.whitespace-nowrap.text-sm.text-ide-input-color.opacity-40 => Ask anything, @ to mention, / for workflows || DIV.mt-1.flex.w-full.items-center.justify-between.gap-1.px-0.5 => FastGemini 3.1 Pro (High) || DIV.flex.min-w-0.flex-1.items-center.gap-0.5 => FastGemini 3.1 Pro (High) || DIV.min-w-0 => Gemini 3.1 Pro (High) || DIV. => Gemini 3.1 Pro (High) || DIV. => Gemini 3.1 Pro (High) || SPAN.min-w-0.select-none.overflow-hidden.text-ellipsis.whitespace-nowrap.text-xs.opacity-70 => Gemini 3.1 Pro (High) 
[ARC] Polled AI Msg: DUMP: DIV.relative.w-full => Ask anything, @ to mention, / for workflows || DIV.w-full.rounded-lg.transition-all.duration-10 => Ask anything, @ to mention, / for workflows || DIV.relative.w-full => Ask anything, @ to mention, / for workflows || P.pointer-events-none.absolute.left-2.right-2.top-2.z-0.select-none.overflow-hidden.text-ellipsis.whitespace-nowrap.text-sm.text-ide-input-color.opacity-40 => Ask anything, @ to mention, / for workflows || DIV.mt-1.flex.w-full.items-center.justify-between.gap-1.px-0.5 => FastGemini 3.1 Pro (High) || DIV.flex.min-w-0.flex-1.items-center.gap-0.5 => FastGemini 3.1 Pro (High) || DIV.min-w-0 => Gemini 3.1 Pro (High) || DIV. => Gemini 3.1 Pro (High) || DIV. => Gemini 3.1 Pro (High) || SPAN.min-w-0.select-none.overflow-hidden.text-ellipsis.whitespace-nowrap.text-xs.opacity-70 => Gemini 3.1 Pro (High) 
[ARC] Polled AI Msg: DUMP: DIV.relative.w-full => Ask anything, @ to mention, / for workflows || DIV.w-full.rounded-lg.transition-all.duration-10 => Ask anything, @ to mention, / for workflows || DIV.relative.w-full => Ask anything, @ to mention, / for workflows || P.pointer-events-none.absolute.left-2.right-2.top-2.z-0.select-none.overflow-hidden.text-ellipsis.whitespace-nowrap.text-sm.text-ide-input-color.opacity-40 => Ask anything, @ to mention, / for workflows || DIV.mt-1.flex.w-full.items-center.justify-between.gap-1.px-0.5 => FastGemini 3.1 Pro (High) || DIV.flex.min-w-0.flex-1.items-center.gap-0.5 => FastGemini 3.1 Pro (High) || DIV.min-w-0 => Gemini 3.1 Pro (High) || DIV. => Gemini 3.1 Pro (High) || DIV. => Gemini 3.1 Pro (High) || SPAN.min-w-0.select-none.overflow-hidden.text-ellipsis.whitespace-nowrap.text-xs.opacity-70 => Gemini 3.1 Pro (High) 
[ARC] Polled AI Msg: DUMP: DIV.relative.w-full => Ask anything, @ to mention, / for workflows || DIV.w-full.rounded-lg.transition-all.duration-10 => Ask anything, @ to mention, / for workflows || DIV.relative.w-full => Ask anything, @ to mention, / for workflows || P.pointer-events-none.absolute.left-2.right-2.top-2.z-0.select-none.overflow-hidden.text-ellipsis.whitespace-nowrap.text-sm.text-ide-input-color.opacity-40 => Ask anything, @ to mention, / for workflows || DIV.mt-1.flex.w-full.items-center.justify-between.gap-1.px-0.5 => FastGemini 3.1 Pro (High) || DIV.flex.min-w-0.flex-1.items-center.gap-0.5 => FastGemini 3.1 Pro (High) || DIV.min-w-0 => Gemini 3.1 Pro (High) || DIV. => Gemini 3.1 Pro (High) || DIV. => Gemini 3.1 Pro (High) || SPAN.min-w-0.select-none.overflow-hidden.text-ellipsis.whitespace-nowrap.text-xs.opacity-70 => Gemini 3.1 Pro (High) 
[ARC] Polled AI Msg: DUMP: DIV.relative.w-full => Ask anything, @ to mention, / for workflows || DIV.w-full.rounded-lg.transition-all.duration-10 => Ask anything, @ to mention, / for workflows || DIV.relative.w-full => Ask anything, @ to mention, / for workflows || P.pointer-events-none.absolute.left-2.right-2.top-2.z-0.select-none.overflow-hidden.text-ellipsis.whitespace-nowrap.text-sm.text-ide-input-color.opacity-40 => Ask anything, @ to mention, / for workflows || DIV.mt-1.flex.w-full.items-center.justify-between.gap-1.px-0.5 => FastGemini 3.1 Pro (High) || DIV.flex.min-w-0.flex-1.items-center.gap-0.5 => FastGemini 3.1 Pro (High) || DIV.min-w-0 => Gemini 3.1 Pro (High) || DIV. => Gemini 3.1 Pro (High) || DIV. => Gemini 3.1 Pro (High) || SPAN.min-w-0.select-none.overflow-hidden.text-ellipsis.whitespace-nowrap.text-xs.opacity-70 => Gemini 3.1 Pro (High) 
[ARC] Polled AI Msg: DUMP: DIV.px-2 => 0 Files With ChangesReview Changes || DIV.outline-solid.relative.z-20.flex.min-h-[1.8rem].justify-between.px-1.py-1.outline-1.outline-gray-500/10.rounded-lg => 0 Files With ChangesReview Changes || DIV.w-full.flex.flex-col.items-stretch.gap-2.box-border => 而且​FastGemini 3.1 Pro (High) || DIV.relative.flex.flex-col.gap-0.p-1.rounded-lg.bg-gray-500/10.border.border-gray-500/20 => 而且​FastGemini 3.1 Pro (High) || DIV.mt-1.flex.w-full.items-center.justify-between.gap-1.px-0.5 => FastGemini 3.1 Pro (High) || DIV.flex.min-w-0.flex-1.items-center.gap-0.5 => FastGemini 3.1 Pro (High) || DIV.min-w-0 => Gemini 3.1 Pro (High) || DIV. => Gemini 3.1 Pro (High) || DIV. => Gemini 3.1 Pro (High) || SPAN.min-w-0.select-none.overflow-hidden.text-ellipsis.whitespace-nowrap.text-xs.opacity-70 => Gemini 3.1 Pro (High) 
[ARC] Polled AI Msg: DUMP: DIV.px-2 => 0 Files With ChangesReview Changes || DIV.outline-solid.relative.z-20.flex.min-h-[1.8rem].justify-between.px-1.py-1.outline-1.outline-gray-500/10.rounded-lg => 0 Files With ChangesReview Changes || DIV.w-full.flex.flex-col.items-stretch.gap-2.box-border => 而且模型ㄒㄩㄢ​FastGemini 3.1 Pro (High) || DIV.relative.flex.flex-col.gap-0.p-1.rounded-lg.bg-gray-500/10.border.border-gray-500/20 => 而且模型ㄒㄩㄢ​FastGemini 3.1 Pro (High) || DIV.mt-1.flex.w-full.items-center.justify-between.gap-1.px-0.5 => FastGemini 3.1 Pro (High) || DIV.flex.min-w-0.flex-1.items-center.gap-0.5 => FastGemini 3.1 Pro (High) || DIV.min-w-0 => Gemini 3.1 Pro (High) || DIV. => Gemini 3.1 Pro (High) || DIV. => Gemini 3.1 Pro (High) || SPAN.min-w-0.select-none.overflow-hidden.text-ellipsis.whitespace-nowrap.text-xs.opacity-70 => Gemini 3.1 Pro (High) 
[ARC] Polled AI Msg: DUMP: DIV.px-2 => 0 Files With ChangesReview Changes || DIV.outline-solid.relative.z-20.flex.min-h-[1.8rem].justify-between.px-1.py-1.outline-1.outline-gray-500/10.rounded-lg => 0 Files With ChangesReview Changes || DIV.w-full.flex.flex-col.items-stretch.gap-2.box-border => 而且模型選單​FastGemini 3.1 Pro (High) || DIV.relative.flex.flex-col.gap-0.p-1.rounded-lg.bg-gray-500/10.border.border-gray-500/20 => 而且模型選單​FastGemini 3.1 Pro (High) || DIV.mt-1.flex.w-full.items-center.justify-between.gap-1.px-0.5 => FastGemini 3.1 Pro (High) || DIV.flex.min-w-0.flex-1.items-center.gap-0.5 => FastGemini 3.1 Pro (High) || DIV.min-w-0 => Gemini 3.1 Pro (High) || DIV. => Gemini 3.1 Pro (High) || DIV. => Gemini 3.1 Pro (High) || SPAN.min-w-0.select-none.overflow-hidden.text-ellipsis.whitespace-nowrap.text-xs.opacity-70 => Gemini 3.1 Pro (High) 
[ARC] Polled AI Msg: DUMP: DIV.px-2 => 0 Files With ChangesReview Changes || DIV.outline-solid.relative.z-20.flex.min-h-[1.8rem].justify-between.px-1.py-1.outline-1.outline-gray-500/10.rounded-lg => 0 Files With ChangesReview Changes || DIV.w-full.flex.flex-col.items-stretch.gap-2.box-border => 而且模型選單還是ㄍㄣ​FastGemini 3.1 Pro (High) || DIV.relative.flex.flex-col.gap-0.p-1.rounded-lg.bg-gray-500/10.border.border-gray-500/20 => 而且模型選單還是ㄍㄣ​FastGemini 3.1 Pro (High) || DIV.mt-1.flex.w-full.items-center.justify-between.gap-1.px-0.5 => FastGemini 3.1 Pro (High) || DIV.flex.min-w-0.flex-1.items-center.gap-0.5 => FastGemini 3.1 Pro (High) || DIV.min-w-0 => Gemini 3.1 Pro (High) || DIV. => Gemini 3.1 Pro (High) || DIV. => Gemini 3.1 Pro (High) || SPAN.min-w-0.select-none.overflow-hidden.text-ellipsis.whitespace-nowrap.text-xs.opacity-70 => Gemini 3.1 Pro (High) 
[ARC] Polled AI Msg: DUMP: DIV.px-2 => 0 Files With ChangesReview Changes || DIV.outline-solid.relative.z-20.flex.min-h-[1.8rem].justify-between.px-1.py-1.outline-1.outline-gray-500/10.rounded-lg => 0 Files With ChangesReview Changes || DIV.w-full.flex.flex-col.items-stretch.gap-2.box-border => 而且模型選單還是跟ide​FastGemini 3.1 Pro (High) || DIV.relative.flex.flex-col.gap-0.p-1.rounded-lg.bg-gray-500/10.border.border-gray-500/20 => 而且模型選單還是跟ide​FastGemini 3.1 Pro (High) || DIV.mt-1.flex.w-full.items-center.justify-between.gap-1.px-0.5 => FastGemini 3.1 Pro (High) || DIV.flex.min-w-0.flex-1.items-center.gap-0.5 => FastGemini 3.1 Pro (High) || DIV.min-w-0 => Gemini 3.1 Pro (High) || DIV. => Gemini 3.1 Pro (High) || DIV. => Gemini 3.1 Pro (High) || SPAN.min-w-0.select-none.overflow-hidden.text-ellipsis.whitespace-nowrap.text-xs.opacity-70 => Gemini 3.1 Pro (High) 
[ARC] Polled AI Msg: DUMP: DIV.px-2 => 0 Files With ChangesReview Changes || DIV.outline-solid.relative.z-20.flex.min-h-[1.8rem].justify-between.px-1.py-1.outline-1.outline-gray-500/10.rounded-lg => 0 Files With ChangesReview Changes || DIV.w-full.flex.flex-col.items-stretch.gap-2.box-border => 而且模型選單還是跟ide不同，​FastGemini 3.1 Pro (High) || DIV.relative.flex.flex-col.gap-0.p-1.rounded-lg.bg-gray-500/10.border.border-gray-500/20 => 而且模型選單還是跟ide不同，​FastGemini 3.1 Pro (High) || DIV.mt-1.flex.w-full.items-center.justify-between.gap-1.px-0.5 => FastGemini 3.1 Pro (High) || DIV.flex.min-w-0.flex-1.items-center.gap-0.5 => FastGemini 3.1 Pro (High) || DIV.min-w-0 => Gemini 3.1 Pro (High) || DIV. => Gemini 3.1 Pro (High) || DIV. => Gemini 3.1 Pro (High) || SPAN.min-w-0.select-none.overflow-hidden.text-ellipsis.whitespace-nowrap.text-xs.opacity-70 => Gemini 3.1 Pro (High) 
[ARC] Polled AI Msg: DUMP: DIV.px-2 => 0 Files With ChangesReview Changes || DIV.outline-solid.relative.z-20.flex.min-h-[1.8rem].justify-between.px-1.py-1.outline-1.outline-gray-500/10.rounded-lg => 0 Files With ChangesReview Changes || DIV.w-full.flex.flex-col.items-stretch.gap-2.box-border => 而且模型選單還是跟ide不同，​FastGemini 3.1 Pro (High) || DIV.relative.flex.flex-col.gap-0.p-1.rounded-lg.bg-gray-500/10.border.border-gray-500/20 => 而且模型選單還是跟ide不同，​FastGemini 3.1 Pro (High) || DIV.mt-1.flex.w-full.items-center.justify-between.gap-1.px-0.5 => FastGemini 3.1 Pro (High) || DIV.flex.min-w-0.flex-1.items-center.gap-0.5 => FastGemini 3.1 Pro (High) || DIV.min-w-0 => Gemini 3.1 Pro (High) || DIV. => Gemini 3.1 Pro (High) || DIV. => Gemini 3.1 Pro (High) || SPAN.min-w-0.select-none.overflow-hidden.text-ellipsis.whitespace-nowrap.text-xs.opacity-70 => Gemini 3.1 Pro (High) 
[ARC] Polled AI Msg: DUMP: DIV.px-2 => 0 Files With ChangesReview Changes || DIV.outline-solid.relative.z-20.flex.min-h-[1.8rem].justify-between.px-1.py-1.outline-1.outline-gray-500/10.rounded-lg => 0 Files With ChangesReview Changes || DIV.w-full.flex.flex-col.items-stretch.gap-2.box-border => 而且模型選單還是跟ide不同，​FastGemini 3.1 Pro (High) || DIV.relative.flex.flex-col.gap-0.p-1.rounded-lg.bg-gray-500/10.border.border-gray-500/20 => 而且模型選單還是跟ide不同，​FastGemini 3.1 Pro (High) || DIV.mt-1.flex.w-full.items-center.justify-between.gap-1.px-0.5 => FastGemini 3.1 Pro (High) || DIV.flex.min-w-0.flex-1.items-center.gap-0.5 => FastGemini 3.1 Pro (High) || DIV.min-w-0 => Gemini 3.1 Pro (High) || DIV. => Gemini 3.1 Pro (High) || DIV. => Gemini 3.1 Pro (High) || SPAN.min-w-0.select-none.overflow-hidden.text-ellipsis.whitespace-nowrap.text-xs.opacity-70 => Gemini 3.1 Pro (High) 
[ARC] Polled AI Msg: DUMP: DIV.px-2 => 0 Files With ChangesReview Changes || DIV.outline-solid.relative.z-20.flex.min-h-[1.8rem].justify-between.px-1.py-1.outline-1.outline-gray-500/10.rounded-lg => 0 Files With ChangesReview Changes || DIV.w-full.flex.flex-col.items-stretch.gap-2.box-border => 而且模型選單還是跟ide不同，​FastGemini 3.1 Pro (High) || DIV.relative.flex.flex-col.gap-0.p-1.rounded-lg.bg-gray-500/10.border.border-gray-500/20 => 而且模型選單還是跟ide不同，​FastGemini 3.1 Pro (High) || DIV.mt-1.flex.w-full.items-center.justify-between.gap-1.px-0.5 => FastGemini 3.1 Pro (High) || DIV.flex.min-w-0.flex-1.items-center.gap-0.5 => FastGemini 3.1 Pro (High) || DIV.min-w-0 => Gemini 3.1 Pro (High) || DIV. => Gemini 3.1 Pro (High) || DIV. => Gemini 3.1 Pro (High) || SPAN.min-w-0.select-none.overflow-hidden.text-ellipsis.whitespace-nowrap.text-xs.opacity-70 => Gemini 3.1 Pro (High) 
[ARC] Polled AI Msg: DUMP: DIV.px-2 => 0 Files With ChangesReview Changes || DIV.outline-solid.relative.z-20.flex.min-h-[1.8rem].justify-between.px-1.py-1.outline-1.outline-gray-500/10.rounded-lg => 0 Files With ChangesReview Changes || DIV.w-full.flex.flex-col.items-stretch.gap-2.box-border => 而且模型選單還是跟ide不同，切ㄏ​FastGemini 3.1 Pro (High) || DIV.relative.flex.flex-col.gap-0.p-1.rounded-lg.bg-gray-500/10.border.border-gray-500/20 => 而且模型選單還是跟ide不同，切ㄏ​FastGemini 3.1 Pro (High) || DIV.mt-1.flex.w-full.items-center.justify-between.gap-1.px-0.5 => FastGemini 3.1 Pro (High) || DIV.flex.min-w-0.flex-1.items-center.gap-0.5 => FastGemini 3.1 Pro (High) || DIV.min-w-0 => Gemini 3.1 Pro (High) || DIV. => Gemini 3.1 Pro (High) || DIV. => Gemini 3.1 Pro (High) || SPAN.min-w-0.select-none.overflow-hidden.text-ellipsis.whitespace-nowrap.text-xs.opacity-70 => Gemini 3.1 Pro (High) 
[ARC] Polled AI Msg: DUMP: DIV.relative.w-full => 而且模型選單還是跟ide不同，切換也沒ㄊㄨ​ || DIV.max-h-[300px].rounded.cursor-text.overflow-y-auto.text-md.p-2.outline-none.transition-all.duration-100.text-sm => 而且模型選單還是跟ide不同，切換也沒ㄊㄨ​ || P. => 而且模型選單還是跟ide不同，切換也沒ㄊㄨ​ || SPAN. => 而且模型選單還是跟ide不同，切換也沒ㄊㄨ​ || DIV.mt-1.flex.w-full.items-center.justify-between.gap-1.px-0.5 => FastGemini 3.1 Pro (High) || DIV.flex.min-w-0.flex-1.items-center.gap-0.5 => FastGemini 3.1 Pro (High) || DIV.min-w-0 => Gemini 3.1 Pro (High) || DIV. => Gemini 3.1 Pro (High) || DIV. => Gemini 3.1 Pro (High) || SPAN.min-w-0.select-none.overflow-hidden.text-ellipsis.whitespace-nowrap.text-xs.opacity-70 => Gemini 3.1 Pro (High) 
[ARC] Polled AI Msg: DUMP: DIV.relative.w-full => 而且模型選單還是跟ide不同，切換也沒同步 || DIV.max-h-[300px].rounded.cursor-text.overflow-y-auto.text-md.p-2.outline-none.transition-all.duration-100.text-sm => 而且模型選單還是跟ide不同，切換也沒同步 || P. => 而且模型選單還是跟ide不同，切換也沒同步 || SPAN. => 而且模型選單還是跟ide不同，切換也沒同步 || DIV.mt-1.flex.w-full.items-center.justify-between.gap-1.px-0.5 => FastGemini 3.1 Pro (High) || DIV.flex.min-w-0.flex-1.items-center.gap-0.5 => FastGemini 3.1 Pro (High) || DIV.min-w-0 => Gemini 3.1 Pro (High) || DIV. => Gemini 3.1 Pro (High) || DIV. => Gemini 3.1 Pro (High) || SPAN.min-w-0.select-none.overflow-hidden.text-ellipsis.whitespace-nowrap.text-xs.opacity-70 => Gemini 3.1 Pro (High) 
[ARC] Polled AI Msg: DUMP: DIV.relative.w-full => 而且模型選單還是跟ide不同，切換也沒同步 || DIV.max-h-[300px].rounded.cursor-text.overflow-y-auto.text-md.p-2.outline-none.transition-all.duration-100.text-sm => 而且模型選單還是跟ide不同，切換也沒同步 || P. => 而且模型選單還是跟ide不同，切換也沒同步 || SPAN. => 而且模型選單還是跟ide不同，切換也沒同步 || DIV.mt-1.flex.w-full.items-center.justify-between.gap-1.px-0.5 => FastGemini 3.1 Pro (High) || DIV.flex.min-w-0.flex-1.items-center.gap-0.5 => FastGemini 3.1 Pro (High) || DIV.min-w-0 => Gemini 3.1 Pro (High) || DIV. => Gemini 3.1 Pro (High) || DIV. => Gemini 3.1 Pro (High) || SPAN.min-w-0.select-none.overflow-hidden.text-ellipsis.whitespace-nowrap.text-xs.opacity-70 => Gemini 3.1 Pro (High) 
[ARC] Polled AI Msg: DUMP: DIV.relative.w-full => 而且模型選單還是跟ide不同，切換也沒同步 || DIV.max-h-[300px].rounded.cursor-text.overflow-y-auto.text-md.p-2.outline-none.transition-all.duration-100.text-sm => 而且模型選單還是跟ide不同，切換也沒同步 || P. => 而且模型選單還是跟ide不同，切換也沒同步 || SPAN. => 而且模型選單還是跟ide不同，切換也沒同步 || DIV.mt-1.flex.w-full.items-center.justify-between.gap-1.px-0.5 => FastGemini 3.1 Pro (High) || DIV.flex.min-w-0.flex-1.items-center.gap-0.5 => FastGemini 3.1 Pro (High) || DIV.min-w-0 => Gemini 3.1 Pro (High) || DIV. => Gemini 3.1 Pro (High) || DIV. => Gemini 3.1 Pro (High) || SPAN.min-w-0.select-none.overflow-hidden.text-ellipsis.whitespace-nowrap.text-xs.opacity-70 => Gemini 3.1 Pro (High) 
[ARC] Polled AI Msg: DUMP: DIV.relative.w-full => Ask anything, @ to mention, / for workflows || DIV.w-full.rounded-lg.transition-all.duration-10 => Ask anything, @ to mention, / for workflows || DIV.relative.w-full => Ask anything, @ to mention, / for workflows || P.pointer-events-none.absolute.left-2.right-2.top-2.z-0.select-none.overflow-hidden.text-ellipsis.whitespace-nowrap.text-sm.text-ide-input-color.opacity-40 => Ask anything, @ to mention, / for workflows || DIV.mt-1.flex.w-full.items-center.justify-between.gap-1.px-0.5 => FastGemini 3.1 Pro (High) || DIV.flex.min-w-0.flex-1.items-center.gap-0.5 => FastGemini 3.1 Pro (High) || DIV.min-w-0 => Gemini 3.1 Pro (High) || DIV. => Gemini 3.1 Pro (High) || DIV. => Gemini 3.1 Pro (High) || SPAN.min-w-0.select-none.overflow-hidden.text-ellipsis.whitespace-nowrap.text-xs.opacity-70 => Gemini 3.1 Pro (High) 
[ARC] Polled AI Msg: DUMP: DIV.relative.w-full => Ask anything, @ to mention, / for workflows || DIV.w-full.rounded-lg.transition-all.duration-10 => Ask anything, @ to mention, / for workflows || DIV.relative.w-full => Ask anything, @ to mention, / for workflows || P.pointer-events-none.absolute.left-2.right-2.top-2.z-0.select-none.overflow-hidden.text-ellipsis.whitespace-nowrap.text-sm.text-ide-input-color.opacity-40 => Ask anything, @ to mention, / for workflows || DIV.mt-1.flex.w-full.items-center.justify-between.gap-1.px-0.5 => FastGemini 3.1 Pro (High) || DIV.flex.min-w-0.flex-1.items-center.gap-0.5 => FastGemini 3.1 Pro (High) || DIV.min-w-0 => Gemini 3.1 Pro (High) || DIV. => Gemini 3.1 Pro (High) || DIV. => Gemini 3.1 Pro (High) || SPAN.min-w-0.select-none.overflow-hidden.text-ellipsis.whitespace-nowrap.text-xs.opacity-70 => Gemini 3.1 Pro (High) 
[ARC] Polled AI Msg: DUMP: DIV.relative.w-full => Ask anything, @ to mention, / for workflows || DIV.w-full.rounded-lg.transition-all.duration-10 => Ask anything, @ to mention, / for workflows || DIV.relative.w-full => Ask anything, @ to mention, / for workflows || P.pointer-events-none.absolute.left-2.right-2.top-2.z-0.select-none.overflow-hidden.text-ellipsis.whitespace-nowrap.text-sm.text-ide-input-color.opacity-40 => Ask anything, @ to mention, / for workflows || DIV.mt-1.flex.w-full.items-center.justify-between.gap-1.px-0.5 => FastGemini 3.1 Pro (High) || DIV.flex.min-w-0.flex-1.items-center.gap-0.5 => FastGemini 3.1 Pro (High) || DIV.min-w-0 => Gemini 3.1 Pro (High) || DIV. => Gemini 3.1 Pro (High) || DIV. => Gemini 3.1 Pro (High) || SPAN.min-w-0.select-none.overflow-hidden.text-ellipsis.whitespace-nowrap.text-xs.opacity-70 => Gemini 3.1 Pro (High) 
[ARC] Polled AI Msg: DUMP: DIV.relative.w-full => Ask anything, @ to mention, / for workflows || DIV.w-full.rounded-lg.transition-all.duration-10 => Ask anything, @ to mention, / for workflows || DIV.relative.w-full => Ask anything, @ to mention, / for workflows || P.pointer-events-none.absolute.left-2.right-2.top-2.z-0.select-none.overflow-hidden.text-ellipsis.whitespace-nowrap.text-sm.text-ide-input-color.opacity-40 => Ask anything, @ to mention, / for workflows || DIV.mt-1.flex.w-full.items-center.justify-between.gap-1.px-0.5 => FastGemini 3.1 Pro (High) || DIV.flex.min-w-0.flex-1.items-center.gap-0.5 => FastGemini 3.1 Pro (High) || DIV.min-w-0 => Gemini 3.1 Pro (High) || DIV. => Gemini 3.1 Pro (High) || DIV. => Gemini 3.1 Pro (High) || SPAN.min-w-0.select-none.overflow-hidden.text-ellipsis.whitespace-nowrap.text-xs.opacity-70 => Gemini 3.1 Pro (High) 
[ARC] Polled AI Msg: DUMP: DIV.relative.w-full => Ask anything, @ to mention, / for workflows || DIV.w-full.rounded-lg.transition-all.duration-10 => Ask anything, @ to mention, / for workflows || DIV.relative.w-full => Ask anything, @ to mention, / for workflows || P.pointer-events-none.absolute.left-2.right-2.top-2.z-0.select-none.overflow-hidden.text-ellipsis.whitespace-nowrap.text-sm.text-ide-input-color.opacity-40 => Ask anything, @ to mention, / for workflows || DIV.mt-1.flex.w-full.items-center.justify-between.gap-1.px-0.5 => FastGemini 3.1 Pro (High) || DIV.flex.min-w-0.flex-1.items-center.gap-0.5 => FastGemini 3.1 Pro (High) || DIV.min-w-0 => Gemini 3.1 Pro (High) || DIV. => Gemini 3.1 Pro (High) || DIV. => Gemini 3.1 Pro (High) || SPAN.min-w-0.select-none.overflow-hidden.text-ellipsis.whitespace-nowrap.text-xs.opacity-70 => Gemini 3.1 Pro (High) 
[ARC] Polled AI Msg: DUMP: DIV.relative.w-full => Ask anything, @ to mention, / for workflows || DIV.w-full.rounded-lg.transition-all.duration-10 => Ask anything, @ to mention, / for workflows || DIV.relative.w-full => Ask anything, @ to mention, / for workflows || P.pointer-events-none.absolute.left-2.right-2.top-2.z-0.select-none.overflow-hidden.text-ellipsis.whitespace-nowrap.text-sm.text-ide-input-color.opacity-40 => Ask anything, @ to mention, / for workflows || DIV.mt-1.flex.w-full.items-center.justify-between.gap-1.px-0.5 => FastGemini 3.1 Pro (High) || DIV.flex.min-w-0.flex-1.items-center.gap-0.5 => FastGemini 3.1 Pro (High) || DIV.min-w-0 => Gemini 3.1 Pro (High) || DIV. => Gemini 3.1 Pro (High) || DIV. => Gemini 3.1 Pro (High) || SPAN.min-w-0.select-none.overflow-hidden.text-ellipsis.whitespace-nowrap.text-xs.opacity-70 => Gemini 3.1 Pro (High) 
[ARC] Polled AI Msg: DUMP: DIV.relative.w-full => Ask anything, @ to mention, / for workflows || DIV.w-full.rounded-lg.transition-all.duration-10 => Ask anything, @ to mention, / for workflows || DIV.relative.w-full => Ask anything, @ to mention, / for workflows || P.pointer-events-none.absolute.left-2.right-2.top-2.z-0.select-none.overflow-hidden.text-ellipsis.whitespace-nowrap.text-sm.text-ide-input-color.opacity-40 => Ask anything, @ to mention, / for workflows || DIV.mt-1.flex.w-full.items-center.justify-between.gap-1.px-0.5 => FastGemini 3.1 Pro (High) || DIV.flex.min-w-0.flex-1.items-center.gap-0.5 => FastGemini 3.1 Pro (High) || DIV.min-w-0 => Gemini 3.1 Pro (High) || DIV. => Gemini 3.1 Pro (High) || DIV. => Gemini 3.1 Pro (High) || SPAN.min-w-0.select-none.overflow-hidden.text-ellipsis.whitespace-nowrap.text-xs.opacity-70 => Gemini 3.1 Pro (High) 
[ARC] Polled AI Msg: DUMP: DIV.relative.w-full => Ask anything, @ to mention, / for workflows || DIV.w-full.rounded-lg.transition-all.duration-10 => Ask anything, @ to mention, / for workflows || DIV.relative.w-full => Ask anything, @ to mention, / for workflows || P.pointer-events-none.absolute.left-2.right-2.top-2.z-0.select-none.overflow-hidden.text-ellipsis.whitespace-nowrap.text-sm.text-ide-input-color.opacity-40 => Ask anything, @ to mention, / for workflows || DIV.mt-1.flex.w-full.items-center.justify-between.gap-1.px-0.5 => FastGemini 3.1 Pro (High) || DIV.flex.min-w-0.flex-1.items-center.gap-0.5 => FastGemini 3.1 Pro (High) || DIV.min-w-0 => Gemini 3.1 Pro (High) || DIV. => Gemini 3.1 Pro (High) || DIV. => Gemini 3.1 Pro (High) || SPAN.min-w-0.select-none.overflow-hidden.text-ellipsis.whitespace-nowrap.text-xs.opacity-70 => Gemini 3.1 Pro (High) 
[ARC] Polled AI Msg: DUMP: DIV.relative.w-full => Ask anything, @ to mention, / for workflows || DIV.w-full.rounded-lg.transition-all.duration-10 => Ask anything, @ to mention, / for workflows || DIV.relative.w-full => Ask anything, @ to mention, / for workflows || P.pointer-events-none.absolute.left-2.right-2.top-2.z-0.select-none.overflow-hidden.text-ellipsis.whitespace-nowrap.text-sm.text-ide-input-color.opacity-40 => Ask anything, @ to mention, / for workflows || DIV.mt-1.flex.w-full.items-center.justify-between.gap-1.px-0.5 => FastGemini 3.1 Pro (High) || DIV.flex.min-w-0.flex-1.items-center.gap-0.5 => FastGemini 3.1 Pro (High) || DIV.min-w-0 => Gemini 3.1 Pro (High) || DIV. => Gemini 3.1 Pro (High) || DIV. => Gemini 3.1 Pro (High) || SPAN.min-w-0.select-none.overflow-hidden.text-ellipsis.whitespace-nowrap.text-xs.opacity-70 => Gemini 3.1 Pro (High) 
[ARC] Polled AI Msg: DUMP: DIV.relative.w-full => Ask anything, @ to mention, / for workflows || DIV.w-full.rounded-lg.transition-all.duration-10 => Ask anything, @ to mention, / for workflows || DIV.relative.w-full => Ask anything, @ to mention, / for workflows || P.pointer-events-none.absolute.left-2.right-2.top-2.z-0.select-none.overflow-hidden.text-ellipsis.whitespace-nowrap.text-sm.text-ide-input-color.opacity-40 => Ask anything, @ to mention, / for workflows || DIV.mt-1.flex.w-full.items-center.justify-between.gap-1.px-0.5 => FastGemini 3.1 Pro (High) || DIV.flex.min-w-0.flex-1.items-center.gap-0.5 => FastGemini 3.1 Pro (High) || DIV.min-w-0 => Gemini 3.1 Pro (High) || DIV. => Gemini 3.1 Pro (High) || DIV. => Gemini 3.1 Pro (High) || SPAN.min-w-0.select-none.overflow-hidden.text-ellipsis.whitespace-nowrap.text-xs.opacity-70 => Gemini 3.1 Pro (High) 
[ARC] Polled AI Msg: DUMP: DIV.relative.w-full => Ask anything, @ to mention, / for workflows || DIV.w-full.rounded-lg.transition-all.duration-10 => Ask anything, @ to mention, / for workflows || DIV.relative.w-full => Ask anything, @ to mention, / for workflows || P.pointer-events-none.absolute.left-2.right-2.top-2.z-0.select-none.overflow-hidden.text-ellipsis.whitespace-nowrap.text-sm.text-ide-input-color.opacity-40 => Ask anything, @ to mention, / for workflows || DIV.mt-1.flex.w-full.items-center.justify-between.gap-1.px-0.5 => FastGemini 3.1 Pro (High) || DIV.flex.min-w-0.flex-1.items-center.gap-0.5 => FastGemini 3.1 Pro (High) || DIV.min-w-0 => Gemini 3.1 Pro (High) || DIV. => Gemini 3.1 Pro (High) || DIV. => Gemini 3.1 Pro (High) || SPAN.min-w-0.select-none.overflow-hidden.text-ellipsis.whitespace-nowrap.text-xs.opacity-70 => Gemini 3.1 Pro (High) 
[ARC] Polled AI Msg: DUMP: DIV.relative.w-full => Ask anything, @ to mention, / for workflows || DIV.w-full.rounded-lg.transition-all.duration-10 => Ask anything, @ to mention, / for workflows || DIV.relative.w-full => Ask anything, @ to mention, / for workflows || P.pointer-events-none.absolute.left-2.right-2.top-2.z-0.select-none.overflow-hidden.text-ellipsis.whitespace-nowrap.text-sm.text-ide-input-color.opacity-40 => Ask anything, @ to mention, / for workflows || DIV.mt-1.flex.w-full.items-center.justify-between.gap-1.px-0.5 => FastGemini 3.1 Pro (High) || DIV.flex.min-w-0.flex-1.items-center.gap-0.5 => FastGemini 3.1 Pro (High) || DIV.min-w-0 => Gemini 3.1 Pro (High) || DIV. => Gemini 3.1 Pro (High) || DIV. => Gemini 3.1 Pro (High) || SPAN.min-w-0.select-none.overflow-hidden.text-ellipsis.whitespace-nowrap.text-xs.opacity-70 => Gemini 3.1 Pro (High) 
[ARC] Polled AI Msg: DUMP: DIV.relative.w-full => Ask anything, @ to mention, / for workflows || DIV.w-full.rounded-lg.transition-all.duration-10 => Ask anything, @ to mention, / for workflows || DIV.relative.w-full => Ask anything, @ to mention, / for workflows || P.pointer-events-none.absolute.left-2.right-2.top-2.z-0.select-none.overflow-hidden.text-ellipsis.whitespace-nowrap.text-sm.text-ide-input-color.opacity-40 => Ask anything, @ to mention, / for workflows || DIV.mt-1.flex.w-full.items-center.justify-between.gap-1.px-0.5 => FastGemini 3.1 Pro (High) || DIV.flex.min-w-0.flex-1.items-center.gap-0.5 => FastGemini 3.1 Pro (High) || DIV.min-w-0 => Gemini 3.1 Pro (High) || DIV. => Gemini 3.1 Pro (High) || DIV. => Gemini 3.1 Pro (High) || SPAN.min-w-0.select-none.overflow-hidden.text-ellipsis.whitespace-nowrap.text-xs.opacity-70 => Gemini 3.1 Pro (High) 
[ARC] Polled AI Msg: DUMP: DIV.relative.w-full => Ask anything, @ to mention, / for workflows || DIV.w-full.rounded-lg.transition-all.duration-10 => Ask anything, @ to mention, / for workflows || DIV.relative.w-full => Ask anything, @ to mention, / for workflows || P.pointer-events-none.absolute.left-2.right-2.top-2.z-0.select-none.overflow-hidden.text-ellipsis.whitespace-nowrap.text-sm.text-ide-input-color.opacity-40 => Ask anything, @ to mention, / for workflows || DIV.mt-1.flex.w-full.items-center.justify-between.gap-1.px-0.5 => FastGemini 3.1 Pro (High) || DIV.flex.min-w-0.flex-1.items-center.gap-0.5 => FastGemini 3.1 Pro (High) || DIV.min-w-0 => Gemini 3.1 Pro (High) || DIV. => Gemini 3.1 Pro (High) || DIV. => Gemini 3.1 Pro (High) || SPAN.min-w-0.select-none.overflow-hidden.text-ellipsis.whitespace-nowrap.text-xs.opacity-70 => Gemini 3.1 Pro (High) 
[ARC] Polled AI Msg: DUMP: DIV.relative.w-full => Ask anything, @ to mention, / for workflows || DIV.w-full.rounded-lg.transition-all.duration-10 => Ask anything, @ to mention, / for workflows || DIV.relative.w-full => Ask anything, @ to mention, / for workflows || P.pointer-events-none.absolute.left-2.right-2.top-2.z-0.select-none.overflow-hidden.text-ellipsis.whitespace-nowrap.text-sm.text-ide-input-color.opacity-40 => Ask anything, @ to mention, / for workflows || DIV.mt-1.flex.w-full.items-center.justify-between.gap-1.px-0.5 => FastGemini 3.1 Pro (High) || DIV.flex.min-w-0.flex-1.items-center.gap-0.5 => FastGemini 3.1 Pro (High) || DIV.min-w-0 => Gemini 3.1 Pro (High) || DIV. => Gemini 3.1 Pro (High) || DIV. => Gemini 3.1 Pro (High) || SPAN.min-w-0.select-none.overflow-hidden.text-ellipsis.whitespace-nowrap.text-xs.opacity-70 => Gemini 3.1 Pro (High) 
[ARC] Polled AI Msg: DUMP: DIV.relative.w-full => Ask anything, @ to mention, / for workflows || DIV.w-full.rounded-lg.transition-all.duration-10 => Ask anything, @ to mention, / for workflows || DIV.relative.w-full => Ask anything, @ to mention, / for workflows || P.pointer-events-none.absolute.left-2.right-2.top-2.z-0.select-none.overflow-hidden.text-ellipsis.whitespace-nowrap.text-sm.text-ide-input-color.opacity-40 => Ask anything, @ to mention, / for workflows || DIV.mt-1.flex.w-full.items-center.justify-between.gap-1.px-0.5 => FastGemini 3.1 Pro (High) || DIV.flex.min-w-0.flex-1.items-center.gap-0.5 => FastGemini 3.1 Pro (High) || DIV.min-w-0 => Gemini 3.1 Pro (High) || DIV. => Gemini 3.1 Pro (High) || DIV. => Gemini 3.1 Pro (High) || SPAN.min-w-0.select-none.overflow-hidden.text-ellipsis.whitespace-nowrap.text-xs.opacity-70 => Gemini 3.1 Pro (High) 
[ARC] Polled AI Msg: DUMP: DIV.relative.w-full => Ask anything, @ to mention, / for workflows || DIV.w-full.rounded-lg.transition-all.duration-10 => Ask anything, @ to mention, / for workflows || DIV.relative.w-full => Ask anything, @ to mention, / for workflows || P.pointer-events-none.absolute.left-2.right-2.top-2.z-0.select-none.overflow-hidden.text-ellipsis.whitespace-nowrap.text-sm.text-ide-input-color.opacity-40 => Ask anything, @ to mention, / for workflows || DIV.mt-1.flex.w-full.items-center.justify-between.gap-1.px-0.5 => FastGemini 3.1 Pro (High) || DIV.flex.min-w-0.flex-1.items-center.gap-0.5 => FastGemini 3.1 Pro (High) || DIV.min-w-0 => Gemini 3.1 Pro (High) || DIV. => Gemini 3.1 Pro (High) || DIV. => Gemini 3.1 Pro (High) || SPAN.min-w-0.select-none.overflow-hidden.text-ellipsis.whitespace-nowrap.text-xs.opacity-70 => Gemini 3.1 Pro (High) 
[ARC] Polled AI Msg: DUMP: DIV.relative.w-full => Ask anything, @ to mention, / for workflows || DIV.w-full.rounded-lg.transition-all.duration-10 => Ask anything, @ to mention, / for workflows || DIV.relative.w-full => Ask anything, @ to mention, / for workflows || P.pointer-events-none.absolute.left-2.right-2.top-2.z-0.select-none.overflow-hidden.text-ellipsis.whitespace-nowrap.text-sm.text-ide-input-color.opacity-40 => Ask anything, @ to mention, / for workflows || DIV.mt-1.flex.w-full.items-center.justify-between.gap-1.px-0.5 => FastGemini 3.1 Pro (High) || DIV.flex.min-w-0.flex-1.items-center.gap-0.5 => FastGemini 3.1 Pro (High) || DIV.min-w-0 => Gemini 3.1 Pro (High) || DIV. => Gemini 3.1 Pro (High) || DIV. => Gemini 3.1 Pro (High) || SPAN.min-w-0.select-none.overflow-hidden.text-ellipsis.whitespace-nowrap.text-xs.opacity-70 => Gemini 3.1 Pro (High) 
[ARC] Polled AI Msg: DUMP: DIV.relative.w-full => Ask anything, @ to mention, / for workflows || DIV.w-full.rounded-lg.transition-all.duration-10 => Ask anything, @ to mention, / for workflows || DIV.relative.w-full => Ask anything, @ to mention, / for workflows || P.pointer-events-none.absolute.left-2.right-2.top-2.z-0.select-none.overflow-hidden.text-ellipsis.whitespace-nowrap.text-sm.text-ide-input-color.opacity-40 => Ask anything, @ to mention, / for workflows || DIV.mt-1.flex.w-full.items-center.justify-between.gap-1.px-0.5 => FastGemini 3.1 Pro (High) || DIV.flex.min-w-0.flex-1.items-center.gap-0.5 => FastGemini 3.1 Pro (High) || DIV.min-w-0 => Gemini 3.1 Pro (High) || DIV. => Gemini 3.1 Pro (High) || DIV. => Gemini 3.1 Pro (High) || SPAN.min-w-0.select-none.overflow-hidden.text-ellipsis.whitespace-nowrap.text-xs.opacity-70 => Gemini 3.1 Pro (High) 
[ARC] Polled AI Msg: DUMP: DIV.relative.w-full => Ask anything, @ to mention, / for workflows || DIV.w-full.rounded-lg.transition-all.duration-10 => Ask anything, @ to mention, / for workflows || DIV.relative.w-full => Ask anything, @ to mention, / for workflows || P.pointer-events-none.absolute.left-2.right-2.top-2.z-0.select-none.overflow-hidden.text-ellipsis.whitespace-nowrap.text-sm.text-ide-input-color.opacity-40 => Ask anything, @ to mention, / for workflows || DIV.mt-1.flex.w-full.items-center.justify-between.gap-1.px-0.5 => FastGemini 3.1 Pro (High) || DIV.flex.min-w-0.flex-1.items-center.gap-0.5 => FastGemini 3.1 Pro (High) || DIV.min-w-0 => Gemini 3.1 Pro (High) || DIV. => Gemini 3.1 Pro (High) || DIV. => Gemini 3.1 Pro (High) || SPAN.min-w-0.select-none.overflow-hidden.text-ellipsis.whitespace-nowrap.text-xs.opacity-70 => Gemini 3.1 Pro (High) 
[ARC] Polled AI Msg: DUMP: DIV.relative.w-full => Ask anything, @ to mention, / for workflows || DIV.w-full.rounded-lg.transition-all.duration-10 => Ask anything, @ to mention, / for workflows || DIV.relative.w-full => Ask anything, @ to mention, / for workflows || P.pointer-events-none.absolute.left-2.right-2.top-2.z-0.select-none.overflow-hidden.text-ellipsis.whitespace-nowrap.text-sm.text-ide-input-color.opacity-40 => Ask anything, @ to mention, / for workflows || DIV.mt-1.flex.w-full.items-center.justify-between.gap-1.px-0.5 => FastGemini 3.1 Pro (High) || DIV.flex.min-w-0.flex-1.items-center.gap-0.5 => FastGemini 3.1 Pro (High) || DIV.min-w-0 => Gemini 3.1 Pro (High) || DIV. => Gemini 3.1 Pro (High) || DIV. => Gemini 3.1 Pro (High) || SPAN.min-w-0.select-none.overflow-hidden.text-ellipsis.whitespace-nowrap.text-xs.opacity-70 => Gemini 3.1 Pro (High) 
[ARC] Polled AI Msg: DUMP: DIV.relative.w-full => Ask anything, @ to mention, / for workflows || DIV.w-full.rounded-lg.transition-all.duration-10 => Ask anything, @ to mention, / for workflows || DIV.relative.w-full => Ask anything, @ to mention, / for workflows || P.pointer-events-none.absolute.left-2.right-2.top-2.z-0.select-none.overflow-hidden.text-ellipsis.whitespace-nowrap.text-sm.text-ide-input-color.opacity-40 => Ask anything, @ to mention, / for workflows || DIV.mt-1.flex.w-full.items-center.justify-between.gap-1.px-0.5 => FastGemini 3.1 Pro (High) || DIV.flex.min-w-0.flex-1.items-center.gap-0.5 => FastGemini 3.1 Pro (High) || DIV.min-w-0 => Gemini 3.1 Pro (High) || DIV. => Gemini 3.1 Pro (High) || DIV. => Gemini 3.1 Pro (High) || SPAN.min-w-0.select-none.overflow-hidden.text-ellipsis.whitespace-nowrap.text-xs.opacity-70 => Gemini 3.1 Pro (High) 
[ARC] Polled AI Msg: DUMP: DIV.relative.w-full => Ask anything, @ to mention, / for workflows || DIV.w-full.rounded-lg.transition-all.duration-10 => Ask anything, @ to mention, / for workflows || DIV.relative.w-full => Ask anything, @ to mention, / for workflows || P.pointer-events-none.absolute.left-2.right-2.top-2.z-0.select-none.overflow-hidden.text-ellipsis.whitespace-nowrap.text-sm.text-ide-input-color.opacity-40 => Ask anything, @ to mention, / for workflows || DIV.mt-1.flex.w-full.items-center.justify-between.gap-1.px-0.5 => FastGemini 3.1 Pro (High) || DIV.flex.min-w-0.flex-1.items-center.gap-0.5 => FastGemini 3.1 Pro (High) || DIV.min-w-0 => Gemini 3.1 Pro (High) || DIV. => Gemini 3.1 Pro (High) || DIV. => Gemini 3.1 Pro (High) || SPAN.min-w-0.select-none.overflow-hidden.text-ellipsis.whitespace-nowrap.text-xs.opacity-70 => Gemini 3.1 Pro (High) 
[ARC] Polled AI Msg: DUMP: DIV.relative.w-full => Ask anything, @ to mention, / for workflows || DIV.w-full.rounded-lg.transition-all.duration-10 => Ask anything, @ to mention, / for workflows || DIV.relative.w-full => Ask anything, @ to mention, / for workflows || P.pointer-events-none.absolute.left-2.right-2.top-2.z-0.select-none.overflow-hidden.text-ellipsis.whitespace-nowrap.text-sm.text-ide-input-color.opacity-40 => Ask anything, @ to mention, / for workflows || DIV.mt-1.flex.w-full.items-center.justify-between.gap-1.px-0.5 => FastGemini 3.1 Pro (High) || DIV.flex.min-w-0.flex-1.items-center.gap-0.5 => FastGemini 3.1 Pro (High) || DIV.min-w-0 => Gemini 3.1 Pro (High) || DIV. => Gemini 3.1 Pro (High) || DIV. => Gemini 3.1 Pro (High) || SPAN.min-w-0.select-none.overflow-hidden.text-ellipsis.whitespace-nowrap.text-xs.opacity-70 => Gemini 3.1 Pro (High) 
[ARC] Polled AI Msg: DUMP: DIV.relative.w-full => Ask anything, @ to mention, / for workflows || DIV.w-full.rounded-lg.transition-all.duration-10 => Ask anything, @ to mention, / for workflows || DIV.relative.w-full => Ask anything, @ to mention, / for workflows || P.pointer-events-none.absolute.left-2.right-2.top-2.z-0.select-none.overflow-hidden.text-ellipsis.whitespace-nowrap.text-sm.text-ide-input-color.opacity-40 => Ask anything, @ to mention, / for workflows || DIV.mt-1.flex.w-full.items-center.justify-between.gap-1.px-0.5 => FastGemini 3.1 Pro (High) || DIV.flex.min-w-0.flex-1.items-center.gap-0.5 => FastGemini 3.1 Pro (High) || DIV.min-w-0 => Gemini 3.1 Pro (High) || DIV. => Gemini 3.1 Pro (High) || DIV. => Gemini 3.1 Pro (High) || SPAN.min-w-0.select-none.overflow-hidden.text-ellipsis.whitespace-nowrap.text-xs.opacity-70 => Gemini 3.1 Pro (High) 
[ARC] Polled AI Msg: DUMP: DIV.relative.w-full => Ask anything, @ to mention, / for workflows || DIV.w-full.rounded-lg.transition-all.duration-10 => Ask anything, @ to mention, / for workflows || DIV.relative.w-full => Ask anything, @ to mention, / for workflows || P.pointer-events-none.absolute.left-2.right-2.top-2.z-0.select-none.overflow-hidden.text-ellipsis.whitespace-nowrap.text-sm.text-ide-input-color.opacity-40 => Ask anything, @ to mention, / for workflows || DIV.mt-1.flex.w-full.items-center.justify-between.gap-1.px-0.5 => FastGemini 3.1 Pro (High) || DIV.flex.min-w-0.flex-1.items-center.gap-0.5 => FastGemini 3.1 Pro (High) || DIV.min-w-0 => Gemini 3.1 Pro (High) || DIV. => Gemini 3.1 Pro (High) || DIV. => Gemini 3.1 Pro (High) || SPAN.min-w-0.select-none.overflow-hidden.text-ellipsis.whitespace-nowrap.text-xs.opacity-70 => Gemini 3.1 Pro (High) 
[ARC] Polled AI Msg: DUMP: DIV.relative.w-full => Ask anything, @ to mention, / for workflows || DIV.w-full.rounded-lg.transition-all.duration-10 => Ask anything, @ to mention, / for workflows || DIV.relative.w-full => Ask anything, @ to mention, / for workflows || P.pointer-events-none.absolute.left-2.right-2.top-2.z-0.select-none.overflow-hidden.text-ellipsis.whitespace-nowrap.text-sm.text-ide-input-color.opacity-40 => Ask anything, @ to mention, / for workflows || DIV.mt-1.flex.w-full.items-center.justify-between.gap-1.px-0.5 => FastGemini 3.1 Pro (High) || DIV.flex.min-w-0.flex-1.items-center.gap-0.5 => FastGemini 3.1 Pro (High) || DIV.min-w-0 => Gemini 3.1 Pro (High) || DIV. => Gemini 3.1 Pro (High) || DIV. => Gemini 3.1 Pro (High) || SPAN.min-w-0.select-none.overflow-hidden.text-ellipsis.whitespace-nowrap.text-xs.opacity-70 => Gemini 3.1 Pro (High) 
[ARC] Polled AI Msg: DUMP: DIV.relative.w-full => Ask anything, @ to mention, / for workflows || DIV.w-full.rounded-lg.transition-all.duration-10 => Ask anything, @ to mention, / for workflows || DIV.relative.w-full => Ask anything, @ to mention, / for workflows || P.pointer-events-none.absolute.left-2.right-2.top-2.z-0.select-none.overflow-hidden.text-ellipsis.whitespace-nowrap.text-sm.text-ide-input-color.opacity-40 => Ask anything, @ to mention, / for workflows || DIV.mt-1.flex.w-full.items-center.justify-between.gap-1.px-0.5 => FastGemini 3.1 Pro (High) || DIV.flex.min-w-0.flex-1.items-center.gap-0.5 => FastGemini 3.1 Pro (High) || DIV.min-w-0 => Gemini 3.1 Pro (High) || DIV. => Gemini 3.1 Pro (High) || DIV. => Gemini 3.1 Pro (High) || SPAN.min-w-0.select-none.overflow-hidden.text-ellipsis.whitespace-nowrap.text-xs.opacity-70 => Gemini 3.1 Pro (High) 
[ARC] Polled AI Msg: DUMP: DIV.relative.w-full => Ask anything, @ to mention, / for workflows || DIV.w-full.rounded-lg.transition-all.duration-10 => Ask anything, @ to mention, / for workflows || DIV.relative.w-full => Ask anything, @ to mention, / for workflows || P.pointer-events-none.absolute.left-2.right-2.top-2.z-0.select-none.overflow-hidden.text-ellipsis.whitespace-nowrap.text-sm.text-ide-input-color.opacity-40 => Ask anything, @ to mention, / for workflows || DIV.mt-1.flex.w-full.items-center.justify-between.gap-1.px-0.5 => FastGemini 3.1 Pro (High) || DIV.flex.min-w-0.flex-1.items-center.gap-0.5 => FastGemini 3.1 Pro (High) || DIV.min-w-0 => Gemini 3.1 Pro (High) || DIV. => Gemini 3.1 Pro (High) || DIV. => Gemini 3.1 Pro (High) || SPAN.min-w-0.select-none.overflow-hidden.text-ellipsis.whitespace-nowrap.text-xs.opacity-70 => Gemini 3.1 Pro (High) 
[ARC] Polled AI Msg: DUMP: DIV.relative.w-full => Ask anything, @ to mention, / for workflows || DIV.w-full.rounded-lg.transition-all.duration-10 => Ask anything, @ to mention, / for workflows || DIV.relative.w-full => Ask anything, @ to mention, / for workflows || P.pointer-events-none.absolute.left-2.right-2.top-2.z-0.select-none.overflow-hidden.text-ellipsis.whitespace-nowrap.text-sm.text-ide-input-color.opacity-40 => Ask anything, @ to mention, / for workflows || DIV.mt-1.flex.w-full.items-center.justify-between.gap-1.px-0.5 => FastGemini 3.1 Pro (High) || DIV.flex.min-w-0.flex-1.items-center.gap-0.5 => FastGemini 3.1 Pro (High) || DIV.min-w-0 => Gemini 3.1 Pro (High) || DIV. => Gemini 3.1 Pro (High) || DIV. => Gemini 3.1 Pro (High) || SPAN.min-w-0.select-none.overflow-hidden.text-ellipsis.whitespace-nowrap.text-xs.opacity-70 => Gemini 3.1 Pro (High) 
[ARC] Polled AI Msg: DUMP: DIV.relative.w-full => Ask anything, @ to mention, / for workflows || DIV.w-full.rounded-lg.transition-all.duration-10 => Ask anything, @ to mention, / for workflows || DIV.relative.w-full => Ask anything, @ to mention, / for workflows || P.pointer-events-none.absolute.left-2.right-2.top-2.z-0.select-none.overflow-hidden.text-ellipsis.whitespace-nowrap.text-sm.text-ide-input-color.opacity-40 => Ask anything, @ to mention, / for workflows || DIV.mt-1.flex.w-full.items-center.justify-between.gap-1.px-0.5 => FastGemini 3.1 Pro (High) || DIV.flex.min-w-0.flex-1.items-center.gap-0.5 => FastGemini 3.1 Pro (High) || DIV.min-w-0 => Gemini 3.1 Pro (High) || DIV. => Gemini 3.1 Pro (High) || DIV. => Gemini 3.1 Pro (High) || SPAN.min-w-0.select-none.overflow-hidden.text-ellipsis.whitespace-nowrap.text-xs.opacity-70 => Gemini 3.1 Pro (High) 
[ARC] Polled AI Msg: DUMP: DIV.relative.w-full => Ask anything, @ to mention, / for workflows || DIV.w-full.rounded-lg.transition-all.duration-10 => Ask anything, @ to mention, / for workflows || DIV.relative.w-full => Ask anything, @ to mention, / for workflows || P.pointer-events-none.absolute.left-2.right-2.top-2.z-0.select-none.overflow-hidden.text-ellipsis.whitespace-nowrap.text-sm.text-ide-input-color.opacity-40 => Ask anything, @ to mention, / for workflows || DIV.mt-1.flex.w-full.items-center.justify-between.gap-1.px-0.5 => FastGemini 3.1 Pro (High) || DIV.flex.min-w-0.flex-1.items-center.gap-0.5 => FastGemini 3.1 Pro (High) || DIV.min-w-0 => Gemini 3.1 Pro (High) || DIV. => Gemini 3.1 Pro (High) || DIV. => Gemini 3.1 Pro (High) || SPAN.min-w-0.select-none.overflow-hidden.text-ellipsis.whitespace-nowrap.text-xs.opacity-70 => Gemini 3.1 Pro (High) 
[ARC] Polled AI Msg: DUMP: DIV.relative.w-full => Ask anything, @ to mention, / for workflows || DIV.w-full.rounded-lg.transition-all.duration-10 => Ask anything, @ to mention, / for workflows || DIV.relative.w-full => Ask anything, @ to mention, / for workflows || P.pointer-events-none.absolute.left-2.right-2.top-2.z-0.select-none.overflow-hidden.text-ellipsis.whitespace-nowrap.text-sm.text-ide-input-color.opacity-40 => Ask anything, @ to mention, / for workflows || DIV.mt-1.flex.w-full.items-center.justify-between.gap-1.px-0.5 => FastGemini 3.1 Pro (High) || DIV.flex.min-w-0.flex-1.items-center.gap-0.5 => FastGemini 3.1 Pro (High) || DIV.min-w-0 => Gemini 3.1 Pro (High) || DIV. => Gemini 3.1 Pro (High) || DIV. => Gemini 3.1 Pro (High) || SPAN.min-w-0.select-none.overflow-hidden.text-ellipsis.whitespace-nowrap.text-xs.opacity-70 => Gemini 3.1 Pro (High) 
[ARC] Polled AI Msg: DUMP: DIV.relative.w-full => Ask anything, @ to mention, / for workflows || DIV.w-full.rounded-lg.transition-all.duration-10 => Ask anything, @ to mention, / for workflows || DIV.relative.w-full => Ask anything, @ to mention, / for workflows || P.pointer-events-none.absolute.left-2.right-2.top-2.z-0.select-none.overflow-hidden.text-ellipsis.whitespace-nowrap.text-sm.text-ide-input-color.opacity-40 => Ask anything, @ to mention, / for workflows || DIV.mt-1.flex.w-full.items-center.justify-between.gap-1.px-0.5 => FastGemini 3.1 Pro (High) || DIV.flex.min-w-0.flex-1.items-center.gap-0.5 => FastGemini 3.1 Pro (High) || DIV.min-w-0 => Gemini 3.1 Pro (High) || DIV. => Gemini 3.1 Pro (High) || DIV. => Gemini 3.1 Pro (High) || SPAN.min-w-0.select-none.overflow-hidden.text-ellipsis.whitespace-nowrap.text-xs.opacity-70 => Gemini 3.1 Pro (High) 
[ARC] Polled AI Msg: DUMP: DIV.relative.w-full => Ask anything, @ to mention, / for workflows || DIV.w-full.rounded-lg.transition-all.duration-10 => Ask anything, @ to mention, / for workflows || DIV.relative.w-full => Ask anything, @ to mention, / for workflows || P.pointer-events-none.absolute.left-2.right-2.top-2.z-0.select-none.overflow-hidden.text-ellipsis.whitespace-nowrap.text-sm.text-ide-input-color.opacity-40 => Ask anything, @ to mention, / for workflows || DIV.mt-1.flex.w-full.items-center.justify-between.gap-1.px-0.5 => FastGemini 3.1 Pro (High) || DIV.flex.min-w-0.flex-1.items-center.gap-0.5 => FastGemini 3.1 Pro (High) || DIV.min-w-0 => Gemini 3.1 Pro (High) || DIV. => Gemini 3.1 Pro (High) || DIV. => Gemini 3.1 Pro (High) || SPAN.min-w-0.select-none.overflow-hidden.text-ellipsis.whitespace-nowrap.text-xs.opacity-70 => Gemini 3.1 Pro (High) 
[ARC] Polled AI Msg: DUMP: DIV.relative.w-full => Ask anything, @ to mention, / for workflows || DIV.w-full.rounded-lg.transition-all.duration-10 => Ask anything, @ to mention, / for workflows || DIV.relative.w-full => Ask anything, @ to mention, / for workflows || P.pointer-events-none.absolute.left-2.right-2.top-2.z-0.select-none.overflow-hidden.text-ellipsis.whitespace-nowrap.text-sm.text-ide-input-color.opacity-40 => Ask anything, @ to mention, / for workflows || DIV.mt-1.flex.w-full.items-center.justify-between.gap-1.px-0.5 => FastGemini 3.1 Pro (High) || DIV.flex.min-w-0.flex-1.items-center.gap-0.5 => FastGemini 3.1 Pro (High) || DIV.min-w-0 => Gemini 3.1 Pro (High) || DIV. => Gemini 3.1 Pro (High) || DIV. => Gemini 3.1 Pro (High) || SPAN.min-w-0.select-none.overflow-hidden.text-ellipsis.whitespace-nowrap.text-xs.opacity-70 => Gemini 3.1 Pro (High) 
[ARC] Polled AI Msg: DUMP: DIV.relative.w-full => Ask anything, @ to mention, / for workflows || DIV.w-full.rounded-lg.transition-all.duration-10 => Ask anything, @ to mention, / for workflows || DIV.relative.w-full => Ask anything, @ to mention, / for workflows || P.pointer-events-none.absolute.left-2.right-2.top-2.z-0.select-none.overflow-hidden.text-ellipsis.whitespace-nowrap.text-sm.text-ide-input-color.opacity-40 => Ask anything, @ to mention, / for workflows || DIV.mt-1.flex.w-full.items-center.justify-between.gap-1.px-0.5 => FastGemini 3.1 Pro (High) || DIV.flex.min-w-0.flex-1.items-center.gap-0.5 => FastGemini 3.1 Pro (High) || DIV.min-w-0 => Gemini 3.1 Pro (High) || DIV. => Gemini 3.1 Pro (High) || DIV. => Gemini 3.1 Pro (High) || SPAN.min-w-0.select-none.overflow-hidden.text-ellipsis.whitespace-nowrap.text-xs.opacity-70 => Gemini 3.1 Pro (High) 
[ARC] Polled AI Msg: DUMP: DIV.relative.w-full => Ask anything, @ to mention, / for workflows || DIV.w-full.rounded-lg.transition-all.duration-10 => Ask anything, @ to mention, / for workflows || DIV.relative.w-full => Ask anything, @ to mention, / for workflows || P.pointer-events-none.absolute.left-2.right-2.top-2.z-0.select-none.overflow-hidden.text-ellipsis.whitespace-nowrap.text-sm.text-ide-input-color.opacity-40 => Ask anything, @ to mention, / for workflows || DIV.mt-1.flex.w-full.items-center.justify-between.gap-1.px-0.5 => FastGemini 3.1 Pro (High) || DIV.flex.min-w-0.flex-1.items-center.gap-0.5 => FastGemini 3.1 Pro (High) || DIV.min-w-0 => Gemini 3.1 Pro (High) || DIV. => Gemini 3.1 Pro (High) || DIV. => Gemini 3.1 Pro (High) || SPAN.min-w-0.select-none.overflow-hidden.text-ellipsis.whitespace-nowrap.text-xs.opacity-70 => Gemini 3.1 Pro (High) 
[ARC] Polled AI Msg: DUMP: DIV.relative.w-full => Ask anything, @ to mention, / for workflows || DIV.w-full.rounded-lg.transition-all.duration-10 => Ask anything, @ to mention, / for workflows || DIV.relative.w-full => Ask anything, @ to mention, / for workflows || P.pointer-events-none.absolute.left-2.right-2.top-2.z-0.select-none.overflow-hidden.text-ellipsis.whitespace-nowrap.text-sm.text-ide-input-color.opacity-40 => Ask anything, @ to mention, / for workflows || DIV.mt-1.flex.w-full.items-center.justify-between.gap-1.px-0.5 => FastGemini 3.1 Pro (High) || DIV.flex.min-w-0.flex-1.items-center.gap-0.5 => FastGemini 3.1 Pro (High) || DIV.min-w-0 => Gemini 3.1 Pro (High) || DIV. => Gemini 3.1 Pro (High) || DIV. => Gemini 3.1 Pro (High) || SPAN.min-w-0.select-none.overflow-hidden.text-ellipsis.whitespace-nowrap.text-xs.opacity-70 => Gemini 3.1 Pro (High) 
[ARC] Polled AI Msg: DUMP: DIV.relative.w-full => Ask anything, @ to mention, / for workflows || DIV.w-full.rounded-lg.transition-all.duration-10 => Ask anything, @ to mention, / for workflows || DIV.relative.w-full => Ask anything, @ to mention, / for workflows || P.pointer-events-none.absolute.left-2.right-2.top-2.z-0.select-none.overflow-hidden.text-ellipsis.whitespace-nowrap.text-sm.text-ide-input-color.opacity-40 => Ask anything, @ to mention, / for workflows || DIV.mt-1.flex.w-full.items-center.justify-between.gap-1.px-0.5 => FastGemini 3.1 Pro (High) || DIV.flex.min-w-0.flex-1.items-center.gap-0.5 => FastGemini 3.1 Pro (High) || DIV.min-w-0 => Gemini 3.1 Pro (High) || DIV. => Gemini 3.1 Pro (High) || DIV. => Gemini 3.1 Pro (High) || SPAN.min-w-0.select-none.overflow-hidden.text-ellipsis.whitespace-nowrap.text-xs.opacity-70 => Gemini 3.1 Pro (High) 
[ARC] Polled AI Msg: DUMP: DIV.relative.w-full => Ask anything, @ to mention, / for workflows || DIV.w-full.rounded-lg.transition-all.duration-10 => Ask anything, @ to mention, / for workflows || DIV.relative.w-full => Ask anything, @ to mention, / for workflows || P.pointer-events-none.absolute.left-2.right-2.top-2.z-0.select-none.overflow-hidden.text-ellipsis.whitespace-nowrap.text-sm.text-ide-input-color.opacity-40 => Ask anything, @ to mention, / for workflows || DIV.mt-1.flex.w-full.items-center.justify-between.gap-1.px-0.5 => FastGemini 3.1 Pro (High) || DIV.flex.min-w-0.flex-1.items-center.gap-0.5 => FastGemini 3.1 Pro (High) || DIV.min-w-0 => Gemini 3.1 Pro (High) || DIV. => Gemini 3.1 Pro (High) || DIV. => Gemini 3.1 Pro (High) || SPAN.min-w-0.select-none.overflow-hidden.text-ellipsis.whitespace-nowrap.text-xs.opacity-70 => Gemini 3.1 Pro (High) 
========================================
Antigravity RC PRO (雙向對話版) 已啟動
監聽地址: http://0.0.0.0:2026
========================================
[ARC] Polled AI Msg: GPT-OSS 120B (Medium)
[ARC] Polled AI Msg: GPT-OSS 120B (Medium)
[ARC] Polled AI Msg: GPT-OSS 120B (Medium)
[ARC] Polled AI Msg: GPT-OSS 120B (Medium)
[ARC] Polled AI Msg: GPT-OSS 120B (Medium)
[ARC] Polled AI Msg: GPT-OSS 120B (Medium)
[ARC] Polled AI Msg: GPT-OSS 120B (Medium)
[ARC] Polled AI Msg: GPT-OSS 120B (Medium)
[ARC] Polled AI Msg: GPT-OSS 120B (Medium)
[ARC] Polled AI Msg: GPT-OSS 120B (Medium)
[ARC] Polled AI Msg: GPT-OSS 120B (Medium)
[ARC] Polled AI Msg: GPT-OSS 120B (Medium)
[ARC] Polled AI Msg: GPT-OSS 120B (Medium)
[ARC] Polled AI Msg: GPT-OSS 120B (Medium)
[ARC] Polled AI Msg: GPT-OSS 120B (Medium)
[ARC] Polled AI Msg: GPT-OSS 120B (Medium)
[ARC] Polled AI Msg: GPT-OSS 120B (Medium)
[ARC] Polled AI Msg: GPT-OSS 120B (Medium)
[ARC] Polled AI Msg: GPT-OSS 120B (Medium)
[ARC] Polled AI Msg: GPT-OSS 120B (Medium)
[ARC] Polled AI Msg: GPT-OSS 120B (Medium)
[ARC] Polled AI Msg: GPT-OSS 120B (Medium)
[ARC] Polled AI Msg: GPT-OSS 120B (Medium)
[ARC] Polled AI Msg: GPT-OSS 120B (Medium)
[ARC] Polled AI Msg: GPT-OSS 120B (Medium)
[ARC] Polled AI Msg: GPT-OSS 120B (Medium)
[ARC] Polled AI Msg: GPT-OSS 120B (Medium)
[ARC] Polled AI Msg: GPT-OSS 120B (Medium)
========================================
Antigravity RC PRO (雙向對話版) 已啟動
監聽地址: http://0.0.0.0:2026
========================================
[ARC] Polled AI Msg: GPT-OSS 120B (Medium)
[ARC] Polled AI Msg: GPT-OSS 120B (Medium)
[ARC] Polled AI Msg: GPT-OSS 120B (Medium)
[ARC] Polled AI Msg: GPT-OSS 120B (Medium)
[ARC] Polled AI Msg: GPT-OSS 120B (Medium)
[ARC] Polled AI Msg: GPT-OSS 120B (Medium)
[ARC] Polled AI Msg: GPT-OSS 120B (Medium)
[ARC] Polled AI Msg: GPT-OSS 120B (Medium)
[ARC] Polled AI Msg: GPT-OSS 120B (Medium)
[ARC] Polled AI Msg: GPT-OSS 120B (Medium)
[ARC] Polled AI Msg: GPT-OSS 120B (Medium)
[ARC] Polled AI Msg: GPT-OSS 120B (Medium)
[ARC] Polled AI Msg: GPT-OSS 120B (Medium)
[ARC] Polled AI Msg: GPT-OSS 120B (Medium)
[ARC] Polled AI Msg: GPT-OSS 120B (Medium)
[ARC] Polled AI Msg: GPT-OSS 120B (Medium)
[ARC] Polled AI Msg: GPT-OSS 120B (Medium)
[ARC] Polled AI Msg: GPT-OSS 120B (Medium)
[ARC] Polled AI Msg: GPT-OSS 120B (Medium)
[ARC] Polled AI Msg: GPT-OSS 120B (Medium)
[ARC] Polled AI Msg: GPT-OSS 120B (Medium)
[ARC] Polled AI Msg: GPT-OSS 120B (Medium)
[ARC] Polled AI Msg: GPT-OSS 120B (Medium)
[ARC] Polled AI Msg: GPT-OSS 120B (Medium)
[ARC] Polled AI Msg: GPT-OSS 120B (Medium)
[ARC] Polled AI Msg: GPT-OSS 120B (Medium)
[ARC] Received message: 再次測試 (Model: Some("gemini 3 flash"))
[ARC] Injection Result: null
[ARC] Polled AI Msg: GPT-OSS 120B (Medium)
[ARC] Polled AI Msg: GPT-OSS 120B (Medium)
[ARC] Polled AI Msg: GPT-OSS 120B (Medium)
[ARC] Polled AI Msg: GPT-OSS 120B (Medium)
[ARC] Polled AI Msg: GPT-OSS 120B (Medium)
[ARC] Polled AI Msg: GPT-OSS 120B (Medium)
[ARC] Polled AI Msg: GPT-OSS 120B (Medium)
[ARC] Polled AI Msg: GPT-OSS 120B (Medium)
[ARC] Polled AI Msg: GPT-OSS 120B (Medium)
[ARC] Polled AI Msg: GPT-OSS 120B (Medium)
[ARC] Polled AI Msg: GPT-OSS 120B (Medium)
[ARC] Polled AI Msg: GPT-OSS 120B (Medium)
[ARC] Polled AI Msg: GPT-OSS 120B (Medium)
[ARC] Polled AI Msg: GPT-OSS 120B (Medium)
[ARC] Polled AI Msg: GPT-OSS 120B (Medium)
[ARC] Polled AI Msg: GPT-OSS 120B (Medium)
[ARC] Polled AI Msg: GPT-OSS 120B (Medium)
[ARC] Polled AI Msg: GPT-OSS 120B (Medium)
[ARC] Polled AI Msg: GPT-OSS 120B (Medium)
[ARC] Polled AI Msg: GPT-OSS 120B (Medium)
[ARC] Polled AI Msg: GPT-OSS 120B (Medium)
[ARC] Polled AI Msg: GPT-OSS 120B (Medium)
[ARC] Polled AI Msg: GPT-OSS 120B (Medium)
========================================
Antigravity RC PRO (雙向對話版) 已啟動
監聽地址: http://0.0.0.0:2026
========================================
[ARC] Polled AI Msg: ACTIVE_MODEL: GPT-OSS 120B (Medium) || OPTIONS: ["Gemini 3 Flash","Gemini 3 Flash","Gemini 3 Flash","Claude Sonnet 4.6 (Thinking)","Claude Sonnet 4.6 (Thinking)","Claude Sonnet 4.6 (Thinking)","Claude Sonnet 4.6 (Thinking)","Claude Opus 4.6 (Thinking)","Claude Opus 4.6 (Thinking)","Claude Opus 4.6 (Thinking)","Claude Opus 4.6 (Thinking)","GPT-OSS 120B (Medium)","GPT-OSS 120B (Medium)","GPT-OSS 120B (Medium)","GPT-OSS 120B (Medium)"]
[ARC] Polled AI Msg: ACTIVE_MODEL: GPT-OSS 120B (Medium) || OPTIONS: ["Gemini 3 Flash","Gemini 3 Flash","Gemini 3 Flash","Claude Sonnet 4.6 (Thinking)","Claude Sonnet 4.6 (Thinking)","Claude Sonnet 4.6 (Thinking)","Claude Sonnet 4.6 (Thinking)","Claude Opus 4.6 (Thinking)","Claude Opus 4.6 (Thinking)","Claude Opus 4.6 (Thinking)","Claude Opus 4.6 (Thinking)","GPT-OSS 120B (Medium)","GPT-OSS 120B (Medium)","GPT-OSS 120B (Medium)","GPT-OSS 120B (Medium)"]
[ARC] Polled AI Msg: ACTIVE_MODEL: GPT-OSS 120B (Medium) || OPTIONS: ["Gemini 3 Flash","Gemini 3 Flash","Gemini 3 Flash","Claude Sonnet 4.6 (Thinking)","Claude Sonnet 4.6 (Thinking)","Claude Sonnet 4.6 (Thinking)","Claude Sonnet 4.6 (Thinking)","Claude Opus 4.6 (Thinking)","Claude Opus 4.6 (Thinking)","Claude Opus 4.6 (Thinking)","Claude Opus 4.6 (Thinking)","GPT-OSS 120B (Medium)","GPT-OSS 120B (Medium)","GPT-OSS 120B (Medium)","GPT-OSS 120B (Medium)"]
[ARC] Polled AI Msg: ACTIVE_MODEL: GPT-OSS 120B (Medium) || OPTIONS: ["Gemini 3 Flash","Gemini 3 Flash","Gemini 3 Flash","Claude Sonnet 4.6 (Thinking)","Claude Sonnet 4.6 (Thinking)","Claude Sonnet 4.6 (Thinking)","Claude Sonnet 4.6 (Thinking)","Claude Opus 4.6 (Thinking)","Claude Opus 4.6 (Thinking)","Claude Opus 4.6 (Thinking)","Claude Opus 4.6 (Thinking)","GPT-OSS 120B (Medium)","GPT-OSS 120B (Medium)","GPT-OSS 120B (Medium)","GPT-OSS 120B (Medium)"]
[ARC] Polled AI Msg: ACTIVE_MODEL: GPT-OSS 120B (Medium) || OPTIONS: ["Gemini 3 Flash","Gemini 3 Flash","Gemini 3 Flash","Claude Sonnet 4.6 (Thinking)","Claude Sonnet 4.6 (Thinking)","Claude Sonnet 4.6 (Thinking)","Claude Sonnet 4.6 (Thinking)","Claude Opus 4.6 (Thinking)","Claude Opus 4.6 (Thinking)","Claude Opus 4.6 (Thinking)","Claude Opus 4.6 (Thinking)","GPT-OSS 120B (Medium)","GPT-OSS 120B (Medium)","GPT-OSS 120B (Medium)","GPT-OSS 120B (Medium)"]
[ARC] Polled AI Msg: ACTIVE_MODEL: GPT-OSS 120B (Medium) || OPTIONS: ["Gemini 3 Flash","Gemini 3 Flash","Gemini 3 Flash","Claude Sonnet 4.6 (Thinking)","Claude Sonnet 4.6 (Thinking)","Claude Sonnet 4.6 (Thinking)","Claude Sonnet 4.6 (Thinking)","Claude Opus 4.6 (Thinking)","Claude Opus 4.6 (Thinking)","Claude Opus 4.6 (Thinking)","Claude Opus 4.6 (Thinking)","GPT-OSS 120B (Medium)","GPT-OSS 120B (Medium)","GPT-OSS 120B (Medium)","GPT-OSS 120B (Medium)"]
[ARC] Polled AI Msg: ACTIVE_MODEL: GPT-OSS 120B (Medium) || OPTIONS: ["Gemini 3 Flash","Gemini 3 Flash","Gemini 3 Flash","Claude Sonnet 4.6 (Thinking)","Claude Sonnet 4.6 (Thinking)","Claude Sonnet 4.6 (Thinking)","Claude Sonnet 4.6 (Thinking)","Claude Opus 4.6 (Thinking)","Claude Opus 4.6 (Thinking)","Claude Opus 4.6 (Thinking)","Claude Opus 4.6 (Thinking)","GPT-OSS 120B (Medium)","GPT-OSS 120B (Medium)","GPT-OSS 120B (Medium)","GPT-OSS 120B (Medium)"]
[ARC] Polled AI Msg: ACTIVE_MODEL: GPT-OSS 120B (Medium) || OPTIONS: ["Gemini 3 Flash","Gemini 3 Flash","Gemini 3 Flash","Claude Sonnet 4.6 (Thinking)","Claude Sonnet 4.6 (Thinking)","Claude Sonnet 4.6 (Thinking)","Claude Sonnet 4.6 (Thinking)","Claude Opus 4.6 (Thinking)","Claude Opus 4.6 (Thinking)","Claude Opus 4.6 (Thinking)","Claude Opus 4.6 (Thinking)","GPT-OSS 120B (Medium)","GPT-OSS 120B (Medium)","GPT-OSS 120B (Medium)","GPT-OSS 120B (Medium)"]
[ARC] Polled AI Msg: ACTIVE_MODEL: GPT-OSS 120B (Medium) || OPTIONS: ["Gemini 3 Flash","Gemini 3 Flash","Gemini 3 Flash","Claude Sonnet 4.6 (Thinking)","Claude Sonnet 4.6 (Thinking)","Claude Sonnet 4.6 (Thinking)","Claude Sonnet 4.6 (Thinking)","Claude Opus 4.6 (Thinking)","Claude Opus 4.6 (Thinking)","Claude Opus 4.6 (Thinking)","Claude Opus 4.6 (Thinking)","GPT-OSS 120B (Medium)","GPT-OSS 120B (Medium)","GPT-OSS 120B (Medium)","GPT-OSS 120B (Medium)"]
[ARC] Polled AI Msg: ACTIVE_MODEL: GPT-OSS 120B (Medium) || OPTIONS: ["Gemini 3 Flash","Gemini 3 Flash","Gemini 3 Flash","Claude Sonnet 4.6 (Thinking)","Claude Sonnet 4.6 (Thinking)","Claude Sonnet 4.6 (Thinking)","Claude Sonnet 4.6 (Thinking)","Claude Opus 4.6 (Thinking)","Claude Opus 4.6 (Thinking)","Claude Opus 4.6 (Thinking)","Claude Opus 4.6 (Thinking)","GPT-OSS 120B (Medium)","GPT-OSS 120B (Medium)","GPT-OSS 120B (Medium)","GPT-OSS 120B (Medium)"]
[ARC] Polled AI Msg: ACTIVE_MODEL: GPT-OSS 120B (Medium) || OPTIONS: ["Gemini 3 Flash","Gemini 3 Flash","Gemini 3 Flash","Claude Sonnet 4.6 (Thinking)","Claude Sonnet 4.6 (Thinking)","Claude Sonnet 4.6 (Thinking)","Claude Sonnet 4.6 (Thinking)","Claude Opus 4.6 (Thinking)","Claude Opus 4.6 (Thinking)","Claude Opus 4.6 (Thinking)","Claude Opus 4.6 (Thinking)","GPT-OSS 120B (Medium)","GPT-OSS 120B (Medium)","GPT-OSS 120B (Medium)","GPT-OSS 120B (Medium)"]
[ARC] Polled AI Msg: ACTIVE_MODEL: GPT-OSS 120B (Medium) || OPTIONS: ["Gemini 3 Flash","Gemini 3 Flash","Gemini 3 Flash","Claude Sonnet 4.6 (Thinking)","Claude Sonnet 4.6 (Thinking)","Claude Sonnet 4.6 (Thinking)","Claude Sonnet 4.6 (Thinking)","Claude Opus 4.6 (Thinking)","Claude Opus 4.6 (Thinking)","Claude Opus 4.6 (Thinking)","Claude Opus 4.6 (Thinking)","GPT-OSS 120B (Medium)","GPT-OSS 120B (Medium)","GPT-OSS 120B (Medium)","GPT-OSS 120B (Medium)"]
[ARC] Polled AI Msg: ACTIVE_MODEL: GPT-OSS 120B (Medium) || OPTIONS: ["Gemini 3 Flash","Gemini 3 Flash","Gemini 3 Flash","Claude Sonnet 4.6 (Thinking)","Claude Sonnet 4.6 (Thinking)","Claude Sonnet 4.6 (Thinking)","Claude Sonnet 4.6 (Thinking)","Claude Opus 4.6 (Thinking)","Claude Opus 4.6 (Thinking)","Claude Opus 4.6 (Thinking)","Claude Opus 4.6 (Thinking)","GPT-OSS 120B (Medium)","GPT-OSS 120B (Medium)","GPT-OSS 120B (Medium)","GPT-OSS 120B (Medium)"]
[ARC] Polled AI Msg: ACTIVE_MODEL: GPT-OSS 120B (Medium) || OPTIONS: ["Gemini 3 Flash","Gemini 3 Flash","Gemini 3 Flash","Claude Sonnet 4.6 (Thinking)","Claude Sonnet 4.6 (Thinking)","Claude Sonnet 4.6 (Thinking)","Claude Sonnet 4.6 (Thinking)","Claude Opus 4.6 (Thinking)","Claude Opus 4.6 (Thinking)","Claude Opus 4.6 (Thinking)","Claude Opus 4.6 (Thinking)","GPT-OSS 120B (Medium)","GPT-OSS 120B (Medium)","GPT-OSS 120B (Medium)","GPT-OSS 120B (Medium)"]
[ARC] Polled AI Msg: ACTIVE_MODEL: GPT-OSS 120B (Medium) || OPTIONS: ["Gemini 3 Flash","Gemini 3 Flash","Gemini 3 Flash","Claude Sonnet 4.6 (Thinking)","Claude Sonnet 4.6 (Thinking)","Claude Sonnet 4.6 (Thinking)","Claude Sonnet 4.6 (Thinking)","Claude Opus 4.6 (Thinking)","Claude Opus 4.6 (Thinking)","Claude Opus 4.6 (Thinking)","Claude Opus 4.6 (Thinking)","GPT-OSS 120B (Medium)","GPT-OSS 120B (Medium)","GPT-OSS 120B (Medium)","GPT-OSS 120B (Medium)"]
[ARC] Polled AI Msg: ACTIVE_MODEL: GPT-OSS 120B (Medium) || OPTIONS: ["Gemini 3 Flash","Gemini 3 Flash","Gemini 3 Flash","Claude Sonnet 4.6 (Thinking)","Claude Sonnet 4.6 (Thinking)","Claude Sonnet 4.6 (Thinking)","Claude Sonnet 4.6 (Thinking)","Claude Opus 4.6 (Thinking)","Claude Opus 4.6 (Thinking)","Claude Opus 4.6 (Thinking)","Claude Opus 4.6 (Thinking)","GPT-OSS 120B (Medium)","GPT-OSS 120B (Medium)","GPT-OSS 120B (Medium)","GPT-OSS 120B (Medium)"]
[ARC] Polled AI Msg: ACTIVE_MODEL: GPT-OSS 120B (Medium) || OPTIONS: ["Gemini 3 Flash","Gemini 3 Flash","Gemini 3 Flash","Claude Sonnet 4.6 (Thinking)","Claude Sonnet 4.6 (Thinking)","Claude Sonnet 4.6 (Thinking)","Claude Sonnet 4.6 (Thinking)","Claude Opus 4.6 (Thinking)","Claude Opus 4.6 (Thinking)","Claude Opus 4.6 (Thinking)","Claude Opus 4.6 (Thinking)","GPT-OSS 120B (Medium)","GPT-OSS 120B (Medium)","GPT-OSS 120B (Medium)","GPT-OSS 120B (Medium)"]
[ARC] Polled AI Msg: ACTIVE_MODEL: GPT-OSS 120B (Medium) || OPTIONS: ["Gemini 3 Flash","Gemini 3 Flash","Gemini 3 Flash","Claude Sonnet 4.6 (Thinking)","Claude Sonnet 4.6 (Thinking)","Claude Sonnet 4.6 (Thinking)","Claude Sonnet 4.6 (Thinking)","Claude Opus 4.6 (Thinking)","Claude Opus 4.6 (Thinking)","Claude Opus 4.6 (Thinking)","Claude Opus 4.6 (Thinking)","GPT-OSS 120B (Medium)","GPT-OSS 120B (Medium)","GPT-OSS 120B (Medium)","GPT-OSS 120B (Medium)"]
[ARC] Polled AI Msg: ACTIVE_MODEL: GPT-OSS 120B (Medium) || OPTIONS: ["Gemini 3 Flash","Gemini 3 Flash","Gemini 3 Flash","Claude Sonnet 4.6 (Thinking)","Claude Sonnet 4.6 (Thinking)","Claude Sonnet 4.6 (Thinking)","Claude Sonnet 4.6 (Thinking)","Claude Opus 4.6 (Thinking)","Claude Opus 4.6 (Thinking)","Claude Opus 4.6 (Thinking)","Claude Opus 4.6 (Thinking)","GPT-OSS 120B (Medium)","GPT-OSS 120B (Medium)","GPT-OSS 120B (Medium)","GPT-OSS 120B (Medium)"]
[ARC] Polled AI Msg: ACTIVE_MODEL: GPT-OSS 120B (Medium) || OPTIONS: ["Gemini 3 Flash","Gemini 3 Flash","Gemini 3 Flash","Claude Sonnet 4.6 (Thinking)","Claude Sonnet 4.6 (Thinking)","Claude Sonnet 4.6 (Thinking)","Claude Sonnet 4.6 (Thinking)","Claude Opus 4.6 (Thinking)","Claude Opus 4.6 (Thinking)","Claude Opus 4.6 (Thinking)","Claude Opus 4.6 (Thinking)","GPT-OSS 120B (Medium)","GPT-OSS 120B (Medium)","GPT-OSS 120B (Medium)","GPT-OSS 120B (Medium)"]
[ARC] Polled AI Msg: ACTIVE_MODEL: GPT-OSS 120B (Medium) || OPTIONS: ["Gemini 3 Flash","Gemini 3 Flash","Gemini 3 Flash","Claude Sonnet 4.6 (Thinking)","Claude Sonnet 4.6 (Thinking)","Claude Sonnet 4.6 (Thinking)","Claude Sonnet 4.6 (Thinking)","Claude Opus 4.6 (Thinking)","Claude Opus 4.6 (Thinking)","Claude Opus 4.6 (Thinking)","Claude Opus 4.6 (Thinking)","GPT-OSS 120B (Medium)","GPT-OSS 120B (Medium)","GPT-OSS 120B (Medium)","GPT-OSS 120B (Medium)"]
[ARC] Polled AI Msg: ACTIVE_MODEL: GPT-OSS 120B (Medium) || OPTIONS: ["Gemini 3 Flash","Gemini 3 Flash","Gemini 3 Flash","Claude Sonnet 4.6 (Thinking)","Claude Sonnet 4.6 (Thinking)","Claude Sonnet 4.6 (Thinking)","Claude Sonnet 4.6 (Thinking)","Claude Opus 4.6 (Thinking)","Claude Opus 4.6 (Thinking)","Claude Opus 4.6 (Thinking)","Claude Opus 4.6 (Thinking)","GPT-OSS 120B (Medium)","GPT-OSS 120B (Medium)","GPT-OSS 120B (Medium)","GPT-OSS 120B (Medium)"]
[ARC] Polled AI Msg: ACTIVE_MODEL: GPT-OSS 120B (Medium) || OPTIONS: ["Gemini 3 Flash","Gemini 3 Flash","Gemini 3 Flash","Claude Sonnet 4.6 (Thinking)","Claude Sonnet 4.6 (Thinking)","Claude Sonnet 4.6 (Thinking)","Claude Sonnet 4.6 (Thinking)","Claude Opus 4.6 (Thinking)","Claude Opus 4.6 (Thinking)","Claude Opus 4.6 (Thinking)","Claude Opus 4.6 (Thinking)","GPT-OSS 120B (Medium)","GPT-OSS 120B (Medium)","GPT-OSS 120B (Medium)","GPT-OSS 120B (Medium)"]
[ARC] Polled AI Msg: ACTIVE_MODEL: GPT-OSS 120B (Medium) || OPTIONS: ["Gemini 3 Flash","Gemini 3 Flash","Gemini 3 Flash","Claude Sonnet 4.6 (Thinking)","Claude Sonnet 4.6 (Thinking)","Claude Sonnet 4.6 (Thinking)","Claude Sonnet 4.6 (Thinking)","Claude Opus 4.6 (Thinking)","Claude Opus 4.6 (Thinking)","Claude Opus 4.6 (Thinking)","Claude Opus 4.6 (Thinking)","GPT-OSS 120B (Medium)","GPT-OSS 120B (Medium)","GPT-OSS 120B (Medium)","GPT-OSS 120B (Medium)"]
[ARC] Polled AI Msg: ACTIVE_MODEL: GPT-OSS 120B (Medium) || OPTIONS: ["Gemini 3 Flash","Gemini 3 Flash","Gemini 3 Flash","Claude Sonnet 4.6 (Thinking)","Claude Sonnet 4.6 (Thinking)","Claude Sonnet 4.6 (Thinking)","Claude Sonnet 4.6 (Thinking)","Claude Opus 4.6 (Thinking)","Claude Opus 4.6 (Thinking)","Claude Opus 4.6 (Thinking)","Claude Opus 4.6 (Thinking)","GPT-OSS 120B (Medium)","GPT-OSS 120B (Medium)","GPT-OSS 120B (Medium)","GPT-OSS 120B (Medium)"]
[ARC] Polled AI Msg: ACTIVE_MODEL: GPT-OSS 120B (Medium) || OPTIONS: ["Gemini 3 Flash","Gemini 3 Flash","Gemini 3 Flash","Claude Sonnet 4.6 (Thinking)","Claude Sonnet 4.6 (Thinking)","Claude Sonnet 4.6 (Thinking)","Claude Sonnet 4.6 (Thinking)","Claude Opus 4.6 (Thinking)","Claude Opus 4.6 (Thinking)","Claude Opus 4.6 (Thinking)","Claude Opus 4.6 (Thinking)","GPT-OSS 120B (Medium)","GPT-OSS 120B (Medium)","GPT-OSS 120B (Medium)","GPT-OSS 120B (Medium)"]
[ARC] Polled AI Msg: ACTIVE_MODEL: GPT-OSS 120B (Medium) || OPTIONS: ["Gemini 3 Flash","Gemini 3 Flash","Gemini 3 Flash","Claude Sonnet 4.6 (Thinking)","Claude Sonnet 4.6 (Thinking)","Claude Sonnet 4.6 (Thinking)","Claude Sonnet 4.6 (Thinking)","Claude Opus 4.6 (Thinking)","Claude Opus 4.6 (Thinking)","Claude Opus 4.6 (Thinking)","Claude Opus 4.6 (Thinking)","GPT-OSS 120B (Medium)","GPT-OSS 120B (Medium)","GPT-OSS 120B (Medium)","GPT-OSS 120B (Medium)"]
[ARC] Polled AI Msg: ACTIVE_MODEL: GPT-OSS 120B (Medium) || OPTIONS: ["Gemini 3 Flash","Gemini 3 Flash","Gemini 3 Flash","Claude Sonnet 4.6 (Thinking)","Claude Sonnet 4.6 (Thinking)","Claude Sonnet 4.6 (Thinking)","Claude Sonnet 4.6 (Thinking)","Claude Opus 4.6 (Thinking)","Claude Opus 4.6 (Thinking)","Claude Opus 4.6 (Thinking)","Claude Opus 4.6 (Thinking)","GPT-OSS 120B (Medium)","GPT-OSS 120B (Medium)","GPT-OSS 120B (Medium)","GPT-OSS 120B (Medium)"]
[ARC] Polled AI Msg: ACTIVE_MODEL: GPT-OSS 120B (Medium) || OPTIONS: ["Gemini 3 Flash","Gemini 3 Flash","Gemini 3 Flash","Claude Sonnet 4.6 (Thinking)","Claude Sonnet 4.6 (Thinking)","Claude Sonnet 4.6 (Thinking)","Claude Sonnet 4.6 (Thinking)","Claude Opus 4.6 (Thinking)","Claude Opus 4.6 (Thinking)","Claude Opus 4.6 (Thinking)","Claude Opus 4.6 (Thinking)","GPT-OSS 120B (Medium)","GPT-OSS 120B (Medium)","GPT-OSS 120B (Medium)","GPT-OSS 120B (Medium)"]
========================================
Antigravity RC PRO (雙向對話版) 已啟動
監聽地址: http://0.0.0.0:2026
========================================
[ARC] Polled AI Msg: Claude Opus 4.6 (Thinking)
[ARC] Polled AI Msg: Claude Opus 4.6 (Thinking)
[ARC] Polled AI Msg: Claude Opus 4.6 (Thinking)
[ARC] Polled AI Msg: Claude Opus 4.6 (Thinking)
[ARC] Polled AI Msg: Claude Opus 4.6 (Thinking)
[ARC] Polled AI Msg: Claude Opus 4.6 (Thinking)
[ARC] Polled AI Msg: Claude Opus 4.6 (Thinking)
[ARC] Polled AI Msg: Claude Opus 4.6 (Thinking)
[ARC] Polled AI Msg: Claude Opus 4.6 (Thinking)
[ARC] Polled AI Msg: Claude Opus 4.6 (Thinking)
[ARC] Polled AI Msg: Claude Opus 4.6 (Thinking)
[ARC] Polled AI Msg: Claude Opus 4.6 (Thinking)
[ARC] Polled AI Msg: Claude Opus 4.6 (Thinking)
[ARC] Polled AI Msg: Claude Opus 4.6 (Thinking)
========================================
Antigravity RC PRO (雙向對話版) 已啟動
監聽地址: http://0.0.0.0:2026
========================================
[ARC] Polled AI Msg: Claude Opus 4.6 (Thinking)
[ARC] Polled AI Msg: Claude Opus 4.6 (Thinking)
[ARC] Polled AI Msg: Claude Opus 4.6 (Thinking)
[ARC] Polled AI Msg: Claude Opus 4.6 (Thinking)
[ARC] Polled AI Msg: Claude Opus 4.6 (Thinking)
[ARC] Polled AI Msg: Claude Opus 4.6 (Thinking)
[ARC] Polled AI Msg: Claude Opus 4.6 (Thinking)
[ARC] Polled AI Msg: Claude Opus 4.6 (Thinking)
[ARC] Polled AI Msg: Claude Opus 4.6 (Thinking)
[ARC] Polled AI Msg: Claude Opus 4.6 (Thinking)
[ARC] Polled AI Msg: Claude Opus 4.6 (Thinking)
[ARC] Polled AI Msg: Claude Opus 4.6 (Thinking)
[ARC] Polled AI Msg: Claude Opus 4.6 (Thinking)
[ARC] Polled AI Msg: Claude Opus 4.6 (Thinking)
[ARC] Polled AI Msg: Claude Opus 4.6 (Thinking)
[ARC] Polled AI Msg: Claude Opus 4.6 (Thinking)
[ARC] Polled AI Msg: Claude Opus 4.6 (Thinking)
[ARC] Polled AI Msg: Claude Opus 4.6 (Thinking)
[ARC] Polled AI Msg: Claude Opus 4.6 (Thinking)
[ARC] Polled AI Msg: Claude Opus 4.6 (Thinking)
[ARC] Polled AI Msg: Claude Opus 4.6 (Thinking)
[ARC] Received message: gemini模型只剩下 (Model: Some("gemini 3 flash"))
[ARC] Polled AI Msg: Claude Opus 4.6 (Thinking)
[ARC] Injection Result: null
[ARC] Polled AI Msg: Claude Opus 4.6 (Thinking)
[ARC] Polled AI Msg: Claude Opus 4.6 (Thinking)
[ARC] Polled AI Msg: Claude Opus 4.6 (Thinking)
[ARC] Received message: flash (Model: Some("gemini 3 flash"))
[ARC] Polled AI Msg: Claude Opus 4.6 (Thinking)
[ARC] Injection Result: null
[ARC] Polled AI Msg: Claude Opus 4.6 (Thinking)
[ARC] Polled AI Msg: Claude Opus 4.6 (Thinking)
[ARC] Polled AI Msg: Claude Opus 4.6 (Thinking)
[ARC] Polled AI Msg: Claude Opus 4.6 (Thinking)
[ARC] Polled AI Msg: Claude Opus 4.6 (Thinking)
[ARC] Polled AI Msg: Claude Opus 4.6 (Thinking)
[ARC] Polled AI Msg: Claude Opus 4.6 (Thinking)
[ARC] Polled AI Msg: Claude Opus 4.6 (Thinking)
[ARC] Polled AI Msg: Claude Opus 4.6 (Thinking)
[ARC] Polled AI Msg: Claude Opus 4.6 (Thinking)
[ARC] Polled AI Msg: Claude Opus 4.6 (Thinking)
[ARC] Polled AI Msg: Claude Opus 4.6 (Thinking)
[ARC] Polled AI Msg: Claude Opus 4.6 (Thinking)
[ARC] Polled AI Msg: Claude Opus 4.6 (Thinking)
[ARC] Polled AI Msg: Claude Opus 4.6 (Thinking)
[ARC] Polled AI Msg: Claude Opus 4.6 (Thinking)
========================================
Antigravity RC PRO (雙向對話版) 已啟動
監聽地址: http://0.0.0.0:2026
========================================
========================================
Antigravity RC PRO (雙向對話版) 已啟動
監聽地址: http://0.0.0.0:2026
========================================
========================================
Antigravity RC PRO (雙向對話版) 已啟動
監聽地址: http://0.0.0.0:2026
========================================
========================================
Antigravity RC PRO (雙向對話版) 已啟動
監聽地址: http://0.0.0.0:2026
========================================
[ARC] Received message: 進行遠端傳訊收訊測試ing (Model: Some("gemini 3.1 pro (high)"))
[ARC] Injection Result: null
[ARC] Received message: 透過手機實測傳圖 (Model: Some("gemini 3.1 pro (high)"))
[ARC] Injection Result: null
[ARC] Received message: 提交推送master (Model: Some("gemini 3 flash"))
[ARC] Injection Result: null
