[2m2026-03-24T13:20:20.704611Z[0m [32m INFO[0m [2msingularity_world::store[0m[2m:[0m [store] loaded: 598 rooms, 12 entity_room, 1 venues, 4 assignments, 3 schedules, 12 entities, 10 items, 53729 event_log, 1 auth
[2m2026-03-24T13:20:20.704722Z[0m [32m INFO[0m [2mnpc_behavior[0m[2m:[0m loaded 18 roles from /home/tanger/Projects/singularity_world/data/npc_behaviors.json
[2m2026-03-24T13:20:20.705224Z[0m [32m INFO[0m [2mpathfind[0m[2m:[0m graph synced from store: 598 rooms, 1173 directed edges
[2m2026-03-24T13:20:20.705351Z[0m [32m INFO[0m [2msingularity_world::server::run[0m[2m:[0m Rust server listening on http://0.0.0.0:1721 (WebSocket /ws)
[2m2026-03-24T13:20:25.681066Z[0m [32m INFO[0m [2msingularity_world::store[0m[2m:[0m [store] loaded: 598 rooms, 12 entity_room, 1 venues, 4 assignments, 3 schedules, 12 entities, 10 items, 53729 event_log, 1 auth
[2m2026-03-24T13:20:25.681164Z[0m [32m INFO[0m [2mnpc_behavior[0m[2m:[0m loaded 18 roles from /home/tanger/Projects/singularity_world/data/npc_behaviors.json
[2m2026-03-24T13:20:25.681571Z[0m [32m INFO[0m [2mpathfind[0m[2m:[0m graph synced from store: 598 rooms, 1173 directed edges
[2m2026-03-24T13:20:25.681679Z[0m [32m INFO[0m [2msingularity_world::server::run[0m[2m:[0m Rust server listening on http://0.0.0.0:1721 (WebSocket /ws)
[2m2026-03-24T13:59:47.499575Z[0m [32m INFO[0m [2msingularity_world::store[0m[2m:[0m [store] loaded: 598 rooms, 12 entity_room, 1 venues, 4 assignments, 3 schedules, 12 entities, 10 items, 53729 event_log, 1 auth
[2m2026-03-24T13:59:47.499742Z[0m [32m INFO[0m [2mnpc_behavior[0m[2m:[0m loaded 18 roles from /home/tanger/Projects/singularity_world/data/npc_behaviors.json
[2m2026-03-24T13:59:47.500124Z[0m [32m INFO[0m [2mpathfind[0m[2m:[0m graph synced from store: 598 rooms, 1173 directed edges
[2m2026-03-24T13:59:47.500227Z[0m [32m INFO[0m [2msingularity_world::server::run[0m[2m:[0m Rust server listening on http://0.0.0.0:1721 (WebSocket /ws)
[2m2026-03-24T14:00:21.770463Z[0m [32m INFO[0m [2msingularity_world::store[0m[2m:[0m [store] loaded: 598 rooms, 12 entity_room, 1 venues, 4 assignments, 3 schedules, 12 entities, 10 items, 53729 event_log, 1 auth
[2m2026-03-24T14:00:21.770553Z[0m [32m INFO[0m [2mnpc_behavior[0m[2m:[0m loaded 18 roles from /home/tanger/Projects/singularity_world/data/npc_behaviors.json
[2m2026-03-24T14:00:21.770953Z[0m [32m INFO[0m [2mpathfind[0m[2m:[0m graph synced from store: 598 rooms, 1173 directed edges
[2m2026-03-24T14:00:21.771060Z[0m [32m INFO[0m [2msingularity_world::server::run[0m[2m:[0m Rust server listening on http://0.0.0.0:1721 (WebSocket /ws)
[2m2026-03-25T01:47:55.176046Z[0m [32m INFO[0m [2msingularity_world::store[0m[2m:[0m [store] Initialized SQLite DB at "/home/tanger/Projects/singularity_world/data/runtime/singularity.db"
[2m2026-03-25T01:47:55.176498Z[0m [32m INFO[0m [2msingularity_world::store[0m[2m:[0m [store] loaded: 598 rooms, 12 entity_room, 1 venues, 4 assignments, 3 schedules, 12 entities, 10 items
[2m2026-03-25T01:47:55.176556Z[0m [32m INFO[0m [2mnpc_behavior[0m[2m:[0m loaded 18 roles from /home/tanger/Projects/singularity_world/data/npc_behaviors.json
[2m2026-03-25T01:47:55.176872Z[0m [32m INFO[0m [2mpathfind[0m[2m:[0m graph synced from store: 598 rooms, 1173 directed edges
[2m2026-03-25T01:47:55.176961Z[0m [32m INFO[0m [2msingularity_world::server::run[0m[2m:[0m Rust server listening on http://0.0.0.0:1721 (WebSocket /ws)
[2m2026-03-25T02:10:35.980201Z[0m [32m INFO[0m [2msingularity_world::store[0m[2m:[0m [store] Initialized SQLite DB at "/home/tanger/Projects/singularity_world/data/runtime/singularity.db"
[2m2026-03-25T02:10:35.980333Z[0m [32m INFO[0m [2msingularity_world::store[0m[2m:[0m [store] loaded: 598 rooms, 12 entity_room, 1 venues, 4 assignments, 3 schedules, 12 entities, 10 items
[2m2026-03-25T02:10:35.980384Z[0m [32m INFO[0m [2mnpc_behavior[0m[2m:[0m loaded 18 roles from /home/tanger/Projects/singularity_world/data/npc_behaviors.json
[2m2026-03-25T02:10:35.980693Z[0m [32m INFO[0m [2mpathfind[0m[2m:[0m graph synced from store: 598 rooms, 1173 directed edges
[2m2026-03-25T02:10:35.980788Z[0m [32m INFO[0m [2msingularity_world::server::run[0m[2m:[0m Rust server listening on http://0.0.0.0:1721 (WebSocket /ws)
[2m2026-03-25T02:31:03.383758Z[0m [32m INFO[0m [2msingularity_world::store[0m[2m:[0m [store] Initialized SQLite DB at "/home/tanger/Projects/singularity_world/data/runtime/singularity.db"
[2m2026-03-25T02:31:03.383881Z[0m [32m INFO[0m [2msingularity_world::store[0m[2m:[0m [store] loaded: 598 rooms, 12 entity_room, 1 venues, 4 assignments, 3 schedules, 12 entities, 10 items
[2m2026-03-25T02:31:03.383934Z[0m [32m INFO[0m [2mnpc_behavior[0m[2m:[0m loaded 18 roles from /home/tanger/Projects/singularity_world/data/npc_behaviors.json
[2m2026-03-25T02:31:03.384168Z[0m [32m INFO[0m [2mpathfind[0m[2m:[0m graph synced from store: 598 rooms, 1173 directed edges
[2m2026-03-25T02:31:03.384249Z[0m [32m INFO[0m [2msingularity_world::server::run[0m[2m:[0m Rust server listening on http://0.0.0.0:1721 (WebSocket /ws)
[2m2026-03-25T04:06:26.060364Z[0m [32m INFO[0m [2mpostgres::connection[0m[2m:[0m NOTICE: extension "vector" already exists, skipping
[2m2026-03-25T04:06:26.060606Z[0m [32m INFO[0m [2mpostgres::connection[0m[2m:[0m NOTICE: relation "auth" already exists, skipping
[2m2026-03-25T04:06:26.060659Z[0m [32m INFO[0m [2mpostgres::connection[0m[2m:[0m NOTICE: relation "event_log" already exists, skipping
[2m2026-03-25T04:06:26.060837Z[0m [32m INFO[0m [2mpostgres::connection[0m[2m:[0m NOTICE: relation "idx_event_log_entity_id" already exists, skipping
[2m2026-03-25T04:06:26.060888Z[0m [32m INFO[0m [2mpostgres::connection[0m[2m:[0m NOTICE: relation "archival" already exists, skipping
[2m2026-03-25T04:06:26.060946Z[0m [32m INFO[0m [2mpostgres::connection[0m[2m:[0m NOTICE: relation "idx_archival_entity_id" already exists, skipping
[2m2026-03-25T04:06:26.060993Z[0m [32m INFO[0m [2mpostgres::connection[0m[2m:[0m NOTICE: relation "npc_memories" already exists, skipping
[2m2026-03-25T04:06:26.061032Z[0m [32m INFO[0m [2mpostgres::connection[0m[2m:[0m NOTICE: relation "npc_summaries" already exists, skipping
[2m2026-03-25T04:06:26.061071Z[0m [32m INFO[0m [2mpostgres::connection[0m[2m:[0m NOTICE: relation "npc_npc_summaries" already exists, skipping
[2m2026-03-25T04:06:26.061115Z[0m [32m INFO[0m [2mpostgres::connection[0m[2m:[0m NOTICE: relation "npc_threads" already exists, skipping
[2m2026-03-25T04:06:26.061159Z[0m [32m INFO[0m [2mpostgres::connection[0m[2m:[0m NOTICE: relation "npc_dyads" already exists, skipping
[2m2026-03-25T04:06:26.061210Z[0m [32m INFO[0m [2mpostgres::connection[0m[2m:[0m NOTICE: relation "npc_rumors" already exists, skipping
[2m2026-03-25T04:06:26.061217Z[0m [32m INFO[0m [2msingularity_world::store[0m[2m:[0m [store] Initialized PostgreSQL Pool at postgres://postgres:singularity@localhost:5432/singularity
[2m2026-03-25T04:06:26.061607Z[0m [32m INFO[0m [2msingularity_world::store[0m[2m:[0m [store] loaded: 598 rooms, 12 entity_room, 1 venues, 4 assignments, 3 schedules, 12 entities, 10 items
[2m2026-03-25T04:06:26.061676Z[0m [32m INFO[0m [2mnpc_behavior[0m[2m:[0m loaded 18 roles from /home/tanger/Projects/singularity_world/data/npc_behaviors.json
[2m2026-03-25T04:06:26.062062Z[0m [32m INFO[0m [2mpathfind[0m[2m:[0m graph synced from store: 598 rooms, 1173 directed edges
[2m2026-03-25T04:06:26.062170Z[0m [32m INFO[0m [2msingularity_world::server::run[0m[2m:[0m Rust server listening on http://0.0.0.0:1721 (WebSocket /ws)
[2m2026-03-25T04:15:14.271946Z[0m [32m INFO[0m [2mpostgres::connection[0m[2m:[0m NOTICE: extension "vector" already exists, skipping
[2m2026-03-25T04:15:14.272087Z[0m [32m INFO[0m [2mpostgres::connection[0m[2m:[0m NOTICE: relation "auth" already exists, skipping
[2m2026-03-25T04:15:14.272142Z[0m [32m INFO[0m [2mpostgres::connection[0m[2m:[0m NOTICE: relation "event_log" already exists, skipping
[2m2026-03-25T04:15:14.272325Z[0m [32m INFO[0m [2mpostgres::connection[0m[2m:[0m NOTICE: relation "idx_event_log_entity_id" already exists, skipping
[2m2026-03-25T04:15:14.272379Z[0m [32m INFO[0m [2mpostgres::connection[0m[2m:[0m NOTICE: relation "archival" already exists, skipping
[2m2026-03-25T04:15:14.272439Z[0m [32m INFO[0m [2mpostgres::connection[0m[2m:[0m NOTICE: relation "idx_archival_entity_id" already exists, skipping
[2m2026-03-25T04:15:14.272512Z[0m [32m INFO[0m [2mpostgres::connection[0m[2m:[0m NOTICE: relation "npc_memories" already exists, skipping
[2m2026-03-25T04:15:14.272559Z[0m [32m INFO[0m [2mpostgres::connection[0m[2m:[0m NOTICE: relation "npc_summaries" already exists, skipping
[2m2026-03-25T04:15:14.272600Z[0m [32m INFO[0m [2mpostgres::connection[0m[2m:[0m NOTICE: relation "npc_npc_summaries" already exists, skipping
[2m2026-03-25T04:15:14.272649Z[0m [32m INFO[0m [2mpostgres::connection[0m[2m:[0m NOTICE: relation "npc_threads" already exists, skipping
[2m2026-03-25T04:15:14.272698Z[0m [32m INFO[0m [2mpostgres::connection[0m[2m:[0m NOTICE: relation "npc_dyads" already exists, skipping
[2m2026-03-25T04:15:14.272755Z[0m [32m INFO[0m [2mpostgres::connection[0m[2m:[0m NOTICE: relation "npc_rumors" already exists, skipping
[2m2026-03-25T04:15:14.272762Z[0m [32m INFO[0m [2msingularity_world::store[0m[2m:[0m [store] Initialized PostgreSQL Pool at postgres://postgres:singularity@localhost:5432/singularity
[2m2026-03-25T04:15:14.273162Z[0m [32m INFO[0m [2msingularity_world::store[0m[2m:[0m [store] loaded: 598 rooms, 12 entity_room, 1 venues, 4 assignments, 3 schedules, 12 entities, 10 items
[2m2026-03-25T04:15:14.273230Z[0m [32m INFO[0m [2mnpc_behavior[0m[2m:[0m loaded 18 roles from /home/tanger/Projects/singularity_world/data/npc_behaviors.json
[2m2026-03-25T04:15:14.273639Z[0m [32m INFO[0m [2mpathfind[0m[2m:[0m graph synced from store: 598 rooms, 1173 directed edges
[2m2026-03-25T04:15:14.273739Z[0m [32m INFO[0m [2msingularity_world::server::run[0m[2m:[0m Rust server listening on http://0.0.0.0:1721 (WebSocket /ws)
[2m2026-03-25T04:15:58.761158Z[0m [32m INFO[0m [2mpostgres::connection[0m[2m:[0m NOTICE: extension "vector" already exists, skipping
[2m2026-03-25T04:15:58.761307Z[0m [32m INFO[0m [2mpostgres::connection[0m[2m:[0m NOTICE: relation "auth" already exists, skipping
[2m2026-03-25T04:15:58.761361Z[0m [32m INFO[0m [2mpostgres::connection[0m[2m:[0m NOTICE: relation "event_log" already exists, skipping
[2m2026-03-25T04:15:58.761535Z[0m [32m INFO[0m [2mpostgres::connection[0m[2m:[0m NOTICE: relation "idx_event_log_entity_id" already exists, skipping
[2m2026-03-25T04:15:58.761586Z[0m [32m INFO[0m [2mpostgres::connection[0m[2m:[0m NOTICE: relation "archival" already exists, skipping
[2m2026-03-25T04:15:58.761646Z[0m [32m INFO[0m [2mpostgres::connection[0m[2m:[0m NOTICE: relation "idx_archival_entity_id" already exists, skipping
[2m2026-03-25T04:15:58.761697Z[0m [32m INFO[0m [2mpostgres::connection[0m[2m:[0m NOTICE: relation "npc_memories" already exists, skipping
[2m2026-03-25T04:15:58.761737Z[0m [32m INFO[0m [2mpostgres::connection[0m[2m:[0m NOTICE: relation "npc_summaries" already exists, skipping
[2m2026-03-25T04:15:58.761778Z[0m [32m INFO[0m [2mpostgres::connection[0m[2m:[0m NOTICE: relation "npc_npc_summaries" already exists, skipping
[2m2026-03-25T04:15:58.761822Z[0m [32m INFO[0m [2mpostgres::connection[0m[2m:[0m NOTICE: relation "npc_threads" already exists, skipping
[2m2026-03-25T04:15:58.761872Z[0m [32m INFO[0m [2mpostgres::connection[0m[2m:[0m NOTICE: relation "npc_dyads" already exists, skipping
[2m2026-03-25T04:15:58.761927Z[0m [32m INFO[0m [2mpostgres::connection[0m[2m:[0m NOTICE: relation "npc_rumors" already exists, skipping
[2m2026-03-25T04:15:58.761934Z[0m [32m INFO[0m [2msingularity_world::store[0m[2m:[0m [store] Initialized PostgreSQL Pool at postgres://postgres:singularity@localhost:5432/singularity
[2m2026-03-25T04:15:58.762319Z[0m [32m INFO[0m [2msingularity_world::store[0m[2m:[0m [store] loaded: 598 rooms, 12 entity_room, 1 venues, 4 assignments, 3 schedules, 12 entities, 10 items
[2m2026-03-25T04:15:58.762377Z[0m [32m INFO[0m [2mnpc_behavior[0m[2m:[0m loaded 18 roles from /home/tanger/Projects/singularity_world/data/npc_behaviors.json
[2m2026-03-25T04:15:58.762736Z[0m [32m INFO[0m [2mpathfind[0m[2m:[0m graph synced from store: 598 rooms, 1173 directed edges
[2m2026-03-25T04:15:58.762829Z[0m [32m INFO[0m [2msingularity_world::server::run[0m[2m:[0m Rust server listening on http://0.0.0.0:1721 (WebSocket /ws)
[2m2026-03-25T04:34:37.656867Z[0m [32m INFO[0m [2mpostgres::connection[0m[2m:[0m NOTICE: extension "vector" already exists, skipping
[2m2026-03-25T04:34:37.657103Z[0m [32m INFO[0m [2mpostgres::connection[0m[2m:[0m NOTICE: relation "auth" already exists, skipping
[2m2026-03-25T04:34:37.657167Z[0m [32m INFO[0m [2mpostgres::connection[0m[2m:[0m NOTICE: relation "event_log" already exists, skipping
[2m2026-03-25T04:34:37.657349Z[0m [32m INFO[0m [2mpostgres::connection[0m[2m:[0m NOTICE: relation "idx_event_log_entity_id" already exists, skipping
[2m2026-03-25T04:34:37.657409Z[0m [32m INFO[0m [2mpostgres::connection[0m[2m:[0m NOTICE: relation "archival" already exists, skipping
[2m2026-03-25T04:34:37.657476Z[0m [32m INFO[0m [2mpostgres::connection[0m[2m:[0m NOTICE: relation "idx_archival_entity_id" already exists, skipping
[2m2026-03-25T04:34:37.657530Z[0m [32m INFO[0m [2mpostgres::connection[0m[2m:[0m NOTICE: relation "npc_memories" already exists, skipping
[2m2026-03-25T04:34:37.657574Z[0m [32m INFO[0m [2mpostgres::connection[0m[2m:[0m NOTICE: relation "npc_summaries" already exists, skipping
[2m2026-03-25T04:34:37.657615Z[0m [32m INFO[0m [2mpostgres::connection[0m[2m:[0m NOTICE: relation "npc_npc_summaries" already exists, skipping
[2m2026-03-25T04:34:37.657666Z[0m [32m INFO[0m [2mpostgres::connection[0m[2m:[0m NOTICE: relation "npc_threads" already exists, skipping
[2m2026-03-25T04:34:37.657715Z[0m [32m INFO[0m [2mpostgres::connection[0m[2m:[0m NOTICE: relation "npc_dyads" already exists, skipping
[2m2026-03-25T04:34:37.657772Z[0m [32m INFO[0m [2mpostgres::connection[0m[2m:[0m NOTICE: relation "npc_rumors" already exists, skipping
[2m2026-03-25T04:34:37.657778Z[0m [32m INFO[0m [2msingularity_world::store[0m[2m:[0m [store] Initialized PostgreSQL Pool at postgres://postgres:singularity@localhost:5432/singularity
[2m2026-03-25T04:34:37.658187Z[0m [32m INFO[0m [2msingularity_world::store[0m[2m:[0m [store] loaded: 598 rooms, 12 entity_room, 1 venues, 4 assignments, 3 schedules, 12 entities, 10 items
[2m2026-03-25T04:34:37.658256Z[0m [32m INFO[0m [2mnpc_behavior[0m[2m:[0m loaded 18 roles from /home/tanger/Projects/singularity_world/data/npc_behaviors.json
[2m2026-03-25T04:34:37.658622Z[0m [32m INFO[0m [2mpathfind[0m[2m:[0m graph synced from store: 598 rooms, 1173 directed edges
[2m2026-03-25T04:34:37.658713Z[0m [32m INFO[0m [2msingularity_world::server::run[0m[2m:[0m Rust server listening on http://0.0.0.0:1721 (WebSocket /ws)
[2m2026-03-25T04:35:56.162881Z[0m [32m INFO[0m [2mpathfind[0m[2m:[0m graph synced from store: 598 rooms, 1173 directed edges
[2m2026-03-25T04:38:00.094384Z[0m [32m INFO[0m [2mpathfind[0m[2m:[0m graph synced from store: 598 rooms, 1173 directed edges
[2m2026-03-25T04:38:09.139272Z[0m [32m INFO[0m [2mpathfind[0m[2m:[0m graph synced from store: 598 rooms, 1173 directed edges
[2m2026-03-25T04:38:38.698734Z[0m [32m INFO[0m [2mpostgres::connection[0m[2m:[0m NOTICE: extension "vector" already exists, skipping
[2m2026-03-25T04:38:38.698902Z[0m [32m INFO[0m [2mpostgres::connection[0m[2m:[0m NOTICE: relation "auth" already exists, skipping
[2m2026-03-25T04:38:38.698956Z[0m [32m INFO[0m [2mpostgres::connection[0m[2m:[0m NOTICE: relation "event_log" already exists, skipping
[2m2026-03-25T04:38:38.699145Z[0m [32m INFO[0m [2mpostgres::connection[0m[2m:[0m NOTICE: relation "idx_event_log_entity_id" already exists, skipping
[2m2026-03-25T04:38:38.699200Z[0m [32m INFO[0m [2mpostgres::connection[0m[2m:[0m NOTICE: relation "archival" already exists, skipping
[2m2026-03-25T04:38:38.699261Z[0m [32m INFO[0m [2mpostgres::connection[0m[2m:[0m NOTICE: relation "idx_archival_entity_id" already exists, skipping
[2m2026-03-25T04:38:38.699309Z[0m [32m INFO[0m [2mpostgres::connection[0m[2m:[0m NOTICE: relation "npc_memories" already exists, skipping
[2m2026-03-25T04:38:38.699350Z[0m [32m INFO[0m [2mpostgres::connection[0m[2m:[0m NOTICE: relation "npc_summaries" already exists, skipping
[2m2026-03-25T04:38:38.699390Z[0m [32m INFO[0m [2mpostgres::connection[0m[2m:[0m NOTICE: relation "npc_npc_summaries" already exists, skipping
[2m2026-03-25T04:38:38.699436Z[0m [32m INFO[0m [2mpostgres::connection[0m[2m:[0m NOTICE: relation "npc_threads" already exists, skipping
[2m2026-03-25T04:38:38.699482Z[0m [32m INFO[0m [2mpostgres::connection[0m[2m:[0m NOTICE: relation "npc_dyads" already exists, skipping
[2m2026-03-25T04:38:38.699536Z[0m [32m INFO[0m [2mpostgres::connection[0m[2m:[0m NOTICE: relation "npc_rumors" already exists, skipping
[2m2026-03-25T04:38:38.699542Z[0m [32m INFO[0m [2msingularity_world::store[0m[2m:[0m [store] Initialized PostgreSQL Pool at postgres://postgres:singularity@localhost:5432/singularity
[2m2026-03-25T04:38:38.699925Z[0m [32m INFO[0m [2msingularity_world::store[0m[2m:[0m [store] loaded: 598 rooms, 12 entity_room, 1 venues, 4 assignments, 3 schedules, 12 entities, 10 items
[2m2026-03-25T04:38:38.699988Z[0m [32m INFO[0m [2mnpc_behavior[0m[2m:[0m loaded 18 roles from /home/tanger/Projects/singularity_world/data/npc_behaviors.json
[2m2026-03-25T04:38:38.700367Z[0m [32m INFO[0m [2mpathfind[0m[2m:[0m graph synced from store: 598 rooms, 1173 directed edges
[2m2026-03-25T04:38:38.700467Z[0m [32m INFO[0m [2msingularity_world::server::run[0m[2m:[0m Rust server listening on http://0.0.0.0:1721 (WebSocket /ws)
[2m2026-03-25T04:45:26.580721Z[0m [32m INFO[0m [2mpostgres::connection[0m[2m:[0m NOTICE: extension "vector" already exists, skipping
[2m2026-03-25T04:45:26.580911Z[0m [32m INFO[0m [2mpostgres::connection[0m[2m:[0m NOTICE: relation "auth" already exists, skipping
[2m2026-03-25T04:45:26.580970Z[0m [32m INFO[0m [2mpostgres::connection[0m[2m:[0m NOTICE: relation "event_log" already exists, skipping
[2m2026-03-25T04:45:26.581155Z[0m [32m INFO[0m [2mpostgres::connection[0m[2m:[0m NOTICE: relation "idx_event_log_entity_id" already exists, skipping
[2m2026-03-25T04:45:26.581218Z[0m [32m INFO[0m [2mpostgres::connection[0m[2m:[0m NOTICE: relation "archival" already exists, skipping
[2m2026-03-25T04:45:26.581284Z[0m [32m INFO[0m [2mpostgres::connection[0m[2m:[0m NOTICE: relation "idx_archival_entity_id" already exists, skipping
[2m2026-03-25T04:45:26.581337Z[0m [32m INFO[0m [2mpostgres::connection[0m[2m:[0m NOTICE: relation "npc_memories" already exists, skipping
[2m2026-03-25T04:45:26.581378Z[0m [32m INFO[0m [2mpostgres::connection[0m[2m:[0m NOTICE: relation "npc_summaries" already exists, skipping
[2m2026-03-25T04:45:26.581417Z[0m [32m INFO[0m [2mpostgres::connection[0m[2m:[0m NOTICE: relation "npc_npc_summaries" already exists, skipping
[2m2026-03-25T04:45:26.581462Z[0m [32m INFO[0m [2mpostgres::connection[0m[2m:[0m NOTICE: relation "npc_threads" already exists, skipping
[2m2026-03-25T04:45:26.581506Z[0m [32m INFO[0m [2mpostgres::connection[0m[2m:[0m NOTICE: relation "npc_dyads" already exists, skipping
[2m2026-03-25T04:45:26.581559Z[0m [32m INFO[0m [2mpostgres::connection[0m[2m:[0m NOTICE: relation "npc_rumors" already exists, skipping
[2m2026-03-25T04:45:26.581610Z[0m [32m INFO[0m [2mpostgres::connection[0m[2m:[0m NOTICE: relation "rooms" already exists, skipping
[2m2026-03-25T04:45:26.581658Z[0m [32m INFO[0m [2mpostgres::connection[0m[2m:[0m NOTICE: relation "exits" already exists, skipping
[2m2026-03-25T04:45:26.581664Z[0m [32m INFO[0m [2msingularity_world::store[0m[2m:[0m [store] Initialized PostgreSQL Pool at postgres://postgres:singularity@localhost:5432/singularity
[2m2026-03-25T04:45:26.582045Z[0m [32m INFO[0m [2msingularity_world::store[0m[2m:[0m [store] loaded: 598 rooms, 12 entity_room, 1 venues, 4 assignments, 3 schedules, 12 entities, 10 items
[2m2026-03-25T04:45:26.582109Z[0m [32m INFO[0m [2mnpc_behavior[0m[2m:[0m loaded 18 roles from /home/tanger/Projects/singularity_world/data/npc_behaviors.json
[2m2026-03-25T04:45:26.582474Z[0m [32m INFO[0m [2mpathfind[0m[2m:[0m graph synced from store: 598 rooms, 1173 directed edges
[2m2026-03-25T04:45:26.582567Z[0m [32m INFO[0m [2msingularity_world::server::run[0m[2m:[0m Rust server listening on http://0.0.0.0:1721 (WebSocket /ws)
[2m2026-03-25T04:47:03.568743Z[0m [32m INFO[0m [2mpathfind[0m[2m:[0m graph synced from store: 598 rooms, 1173 directed edges
[2m2026-03-25T04:48:13.513837Z[0m [32m INFO[0m [2mpathfind[0m[2m:[0m graph synced from store: 598 rooms, 1173 directed edges
[2m2026-03-25T04:48:25.755517Z[0m [32m INFO[0m [2mpathfind[0m[2m:[0m graph synced from store: 598 rooms, 1173 directed edges
[2m2026-03-25T04:54:08.442743Z[0m [32m INFO[0m [2mpostgres::connection[0m[2m:[0m NOTICE: extension "vector" already exists, skipping
[2m2026-03-25T04:54:08.442890Z[0m [32m INFO[0m [2mpostgres::connection[0m[2m:[0m NOTICE: relation "auth" already exists, skipping
[2m2026-03-25T04:54:08.442950Z[0m [32m INFO[0m [2mpostgres::connection[0m[2m:[0m NOTICE: relation "event_log" already exists, skipping
[2m2026-03-25T04:54:08.443171Z[0m [32m INFO[0m [2mpostgres::connection[0m[2m:[0m NOTICE: relation "idx_event_log_entity_id" already exists, skipping
[2m2026-03-25T04:54:08.443239Z[0m [32m INFO[0m [2mpostgres::connection[0m[2m:[0m NOTICE: relation "archival" already exists, skipping
[2m2026-03-25T04:54:08.443325Z[0m [32m INFO[0m [2mpostgres::connection[0m[2m:[0m NOTICE: relation "idx_archival_entity_id" already exists, skipping
[2m2026-03-25T04:54:08.443408Z[0m [32m INFO[0m [2mpostgres::connection[0m[2m:[0m NOTICE: relation "npc_memories" already exists, skipping
[2m2026-03-25T04:54:08.443453Z[0m [32m INFO[0m [2mpostgres::connection[0m[2m:[0m NOTICE: relation "npc_summaries" already exists, skipping
[2m2026-03-25T04:54:08.443492Z[0m [32m INFO[0m [2mpostgres::connection[0m[2m:[0m NOTICE: relation "npc_npc_summaries" already exists, skipping
[2m2026-03-25T04:54:08.443537Z[0m [32m INFO[0m [2mpostgres::connection[0m[2m:[0m NOTICE: relation "npc_threads" already exists, skipping
[2m2026-03-25T04:54:08.443581Z[0m [32m INFO[0m [2mpostgres::connection[0m[2m:[0m NOTICE: relation "npc_dyads" already exists, skipping
[2m2026-03-25T04:54:08.443636Z[0m [32m INFO[0m [2mpostgres::connection[0m[2m:[0m NOTICE: relation "npc_rumors" already exists, skipping
[2m2026-03-25T04:54:08.443682Z[0m [32m INFO[0m [2mpostgres::connection[0m[2m:[0m NOTICE: relation "rooms" already exists, skipping
[2m2026-03-25T04:54:08.443722Z[0m [32m INFO[0m [2mpostgres::connection[0m[2m:[0m NOTICE: relation "exits" already exists, skipping
[2m2026-03-25T04:54:08.443729Z[0m [32m INFO[0m [2msingularity_world::store[0m[2m:[0m [store] Initialized PostgreSQL Pool at postgres://postgres:singularity@localhost:5432/singularity
[2m2026-03-25T04:54:08.444149Z[0m [32m INFO[0m [2msingularity_world::store[0m[2m:[0m [store] loaded: 599 rooms, 12 entity_room, 1 venues, 4 assignments, 3 schedules, 12 entities, 10 items
[2m2026-03-25T04:54:08.444209Z[0m [32m INFO[0m [2mnpc_behavior[0m[2m:[0m loaded 18 roles from /home/tanger/Projects/singularity_world/data/npc_behaviors.json
[2m2026-03-25T04:54:08.444589Z[0m [32m INFO[0m [2mpathfind[0m[2m:[0m graph synced from store: 599 rooms, 1173 directed edges
[2m2026-03-25T04:54:08.444693Z[0m [32m INFO[0m [2msingularity_world::server::run[0m[2m:[0m Rust server listening on http://0.0.0.0:1721 (WebSocket /ws)
[2m2026-03-25T04:57:18.967926Z[0m [32m INFO[0m [2mpostgres::connection[0m[2m:[0m NOTICE: extension "vector" already exists, skipping
[2m2026-03-25T04:57:18.968050Z[0m [32m INFO[0m [2mpostgres::connection[0m[2m:[0m NOTICE: relation "auth" already exists, skipping
[2m2026-03-25T04:57:18.968129Z[0m [32m INFO[0m [2mpostgres::connection[0m[2m:[0m NOTICE: relation "event_log" already exists, skipping
[2m2026-03-25T04:57:18.968305Z[0m [32m INFO[0m [2mpostgres::connection[0m[2m:[0m NOTICE: relation "idx_event_log_entity_id" already exists, skipping
[2m2026-03-25T04:57:18.968359Z[0m [32m INFO[0m [2mpostgres::connection[0m[2m:[0m NOTICE: relation "archival" already exists, skipping
[2m2026-03-25T04:57:18.968421Z[0m [32m INFO[0m [2mpostgres::connection[0m[2m:[0m NOTICE: relation "idx_archival_entity_id" already exists, skipping
[2m2026-03-25T04:57:18.968472Z[0m [32m INFO[0m [2mpostgres::connection[0m[2m:[0m NOTICE: relation "npc_memories" already exists, skipping
[2m2026-03-25T04:57:18.968515Z[0m [32m INFO[0m [2mpostgres::connection[0m[2m:[0m NOTICE: relation "npc_summaries" already exists, skipping
[2m2026-03-25T04:57:18.968558Z[0m [32m INFO[0m [2mpostgres::connection[0m[2m:[0m NOTICE: relation "npc_npc_summaries" already exists, skipping
[2m2026-03-25T04:57:18.968605Z[0m [32m INFO[0m [2mpostgres::connection[0m[2m:[0m NOTICE: relation "npc_threads" already exists, skipping
[2m2026-03-25T04:57:18.968652Z[0m [32m INFO[0m [2mpostgres::connection[0m[2m:[0m NOTICE: relation "npc_dyads" already exists, skipping
[2m2026-03-25T04:57:18.968708Z[0m [32m INFO[0m [2mpostgres::connection[0m[2m:[0m NOTICE: relation "npc_rumors" already exists, skipping
[2m2026-03-25T04:57:18.968757Z[0m [32m INFO[0m [2mpostgres::connection[0m[2m:[0m NOTICE: relation "rooms" already exists, skipping
[2m2026-03-25T04:57:18.968801Z[0m [32m INFO[0m [2mpostgres::connection[0m[2m:[0m NOTICE: relation "exits" already exists, skipping
[2m2026-03-25T04:57:18.968809Z[0m [32m INFO[0m [2msingularity_world::store[0m[2m:[0m [store] Initialized PostgreSQL Pool at postgres://postgres:singularity@localhost:5432/singularity
[2m2026-03-25T04:57:18.969230Z[0m [32m INFO[0m [2msingularity_world::store[0m[2m:[0m [store] loaded: 599 rooms, 12 entity_room, 1 venues, 4 assignments, 3 schedules, 12 entities, 10 items
[2m2026-03-25T04:57:18.969273Z[0m [32m INFO[0m [2msingularity_world::store[0m[2m:[0m [store] Syncing all rooms (599) to PostgreSQL...
[2m2026-03-25T04:57:20.075743Z[0m [32m INFO[0m [2msingularity_world::store[0m[2m:[0m [store] PostgreSQL room sync completed.
[2m2026-03-25T04:57:20.075877Z[0m [32m INFO[0m [2mnpc_behavior[0m[2m:[0m loaded 18 roles from /home/tanger/Projects/singularity_world/data/npc_behaviors.json
[2m2026-03-25T04:57:20.076351Z[0m [32m INFO[0m [2mpathfind[0m[2m:[0m graph synced from store: 599 rooms, 1173 directed edges
[2m2026-03-25T04:57:20.076472Z[0m [32m INFO[0m [2msingularity_world::server::run[0m[2m:[0m Rust server listening on http://0.0.0.0:1721 (WebSocket /ws)
[2m2026-03-25T05:19:13.339791Z[0m [32m INFO[0m [2mpostgres::connection[0m[2m:[0m NOTICE: extension "vector" already exists, skipping
[2m2026-03-25T05:19:13.339923Z[0m [32m INFO[0m [2mpostgres::connection[0m[2m:[0m NOTICE: relation "auth" already exists, skipping
[2m2026-03-25T05:19:13.339984Z[0m [32m INFO[0m [2mpostgres::connection[0m[2m:[0m NOTICE: relation "event_log" already exists, skipping
[2m2026-03-25T05:19:13.340161Z[0m [32m INFO[0m [2mpostgres::connection[0m[2m:[0m NOTICE: relation "idx_event_log_entity_id" already exists, skipping
[2m2026-03-25T05:19:13.340217Z[0m [32m INFO[0m [2mpostgres::connection[0m[2m:[0m NOTICE: relation "archival" already exists, skipping
[2m2026-03-25T05:19:13.340284Z[0m [32m INFO[0m [2mpostgres::connection[0m[2m:[0m NOTICE: relation "idx_archival_entity_id" already exists, skipping
[2m2026-03-25T05:19:13.340334Z[0m [32m INFO[0m [2mpostgres::connection[0m[2m:[0m NOTICE: relation "npc_memories" already exists, skipping
[2m2026-03-25T05:19:13.340376Z[0m [32m INFO[0m [2mpostgres::connection[0m[2m:[0m NOTICE: relation "npc_summaries" already exists, skipping
[2m2026-03-25T05:19:13.340416Z[0m [32m INFO[0m [2mpostgres::connection[0m[2m:[0m NOTICE: relation "npc_npc_summaries" already exists, skipping
[2m2026-03-25T05:19:13.340462Z[0m [32m INFO[0m [2mpostgres::connection[0m[2m:[0m NOTICE: relation "npc_threads" already exists, skipping
[2m2026-03-25T05:19:13.340508Z[0m [32m INFO[0m [2mpostgres::connection[0m[2m:[0m NOTICE: relation "npc_dyads" already exists, skipping
[2m2026-03-25T05:19:13.340562Z[0m [32m INFO[0m [2mpostgres::connection[0m[2m:[0m NOTICE: relation "npc_rumors" already exists, skipping
[2m2026-03-25T05:19:13.340614Z[0m [32m INFO[0m [2mpostgres::connection[0m[2m:[0m NOTICE: relation "rooms" already exists, skipping
[2m2026-03-25T05:19:13.340671Z[0m [32m INFO[0m [2mpostgres::connection[0m[2m:[0m NOTICE: relation "exits" already exists, skipping
[2m2026-03-25T05:19:13.340678Z[0m [32m INFO[0m [2msingularity_world::store[0m[2m:[0m [store] Initialized PostgreSQL Pool at postgres://postgres:singularity@localhost:5432/singularity
[2m2026-03-25T05:19:13.341079Z[0m [32m INFO[0m [2msingularity_world::store[0m[2m:[0m [store] loaded: 598 rooms, 12 entity_room, 1 venues, 4 assignments, 3 schedules, 12 entities, 10 items
[2m2026-03-25T05:19:13.341112Z[0m [32m INFO[0m [2msingularity_world::store[0m[2m:[0m [store] Syncing all rooms (598) to PostgreSQL...
[2m2026-03-25T05:19:14.430902Z[0m [32m INFO[0m [2msingularity_world::store[0m[2m:[0m [store] PostgreSQL room sync completed.
[2m2026-03-25T05:19:14.431022Z[0m [32m INFO[0m [2mnpc_behavior[0m[2m:[0m loaded 18 roles from /home/tanger/Projects/singularity_world/data/npc_behaviors.json
[2m2026-03-25T05:19:14.431444Z[0m [32m INFO[0m [2mpathfind[0m[2m:[0m graph synced from store: 598 rooms, 1173 directed edges
[2m2026-03-25T05:19:14.431560Z[0m [32m INFO[0m [2msingularity_world::server::run[0m[2m:[0m Rust server listening on http://0.0.0.0:1721 (WebSocket /ws)
[2m2026-03-25T05:21:47.332091Z[0m [32m INFO[0m [2msingularity_world::store[0m[2m:[0m [store] Syncing all rooms (598) to PostgreSQL...
[2m2026-03-25T05:21:48.439351Z[0m [32m INFO[0m [2msingularity_world::store[0m[2m:[0m [store] PostgreSQL room sync completed.
[2m2026-03-25T05:21:48.440516Z[0m [32m INFO[0m [2mpathfind[0m[2m:[0m graph synced from store: 598 rooms, 1173 directed edges
[2m2026-03-25T05:22:09.513148Z[0m [32m INFO[0m [2mpathfind[0m[2m:[0m graph synced from store: 598 rooms, 1173 directed edges
[2m2026-03-25T05:22:29.092308Z[0m [32m INFO[0m [2mpathfind[0m[2m:[0m graph synced from store: 598 rooms, 1173 directed edges
[2m2026-03-25T07:35:48.655302Z[0m [32m INFO[0m [2mpostgres::connection[0m[2m:[0m NOTICE: extension "vector" already exists, skipping
[2m2026-03-25T07:35:48.655500Z[0m [32m INFO[0m [2mpostgres::connection[0m[2m:[0m NOTICE: relation "auth" already exists, skipping
[2m2026-03-25T07:35:48.655617Z[0m [32m INFO[0m [2mpostgres::connection[0m[2m:[0m NOTICE: relation "event_log" already exists, skipping
[2m2026-03-25T07:35:48.655941Z[0m [32m INFO[0m [2mpostgres::connection[0m[2m:[0m NOTICE: relation "idx_event_log_entity_id" already exists, skipping
[2m2026-03-25T07:35:48.656043Z[0m [32m INFO[0m [2mpostgres::connection[0m[2m:[0m NOTICE: relation "archival" already exists, skipping
[2m2026-03-25T07:35:48.656187Z[0m [32m INFO[0m [2mpostgres::connection[0m[2m:[0m NOTICE: relation "idx_archival_entity_id" already exists, skipping
[2m2026-03-25T07:35:48.656287Z[0m [32m INFO[0m [2mpostgres::connection[0m[2m:[0m NOTICE: relation "npc_memories" already exists, skipping
[2m2026-03-25T07:35:48.656348Z[0m [32m INFO[0m [2mpostgres::connection[0m[2m:[0m NOTICE: relation "npc_summaries" already exists, skipping
[2m2026-03-25T07:35:48.656395Z[0m [32m INFO[0m [2mpostgres::connection[0m[2m:[0m NOTICE: relation "npc_npc_summaries" already exists, skipping
[2m2026-03-25T07:35:48.656448Z[0m [32m INFO[0m [2mpostgres::connection[0m[2m:[0m NOTICE: relation "npc_threads" already exists, skipping
[2m2026-03-25T07:35:48.656515Z[0m [32m INFO[0m [2mpostgres::connection[0m[2m:[0m NOTICE: relation "npc_dyads" already exists, skipping
[2m2026-03-25T07:35:48.656640Z[0m [32m INFO[0m [2mpostgres::connection[0m[2m:[0m NOTICE: relation "npc_rumors" already exists, skipping
[2m2026-03-25T07:35:48.656709Z[0m [32m INFO[0m [2mpostgres::connection[0m[2m:[0m NOTICE: relation "rooms" already exists, skipping
[2m2026-03-25T07:35:48.656772Z[0m [32m INFO[0m [2mpostgres::connection[0m[2m:[0m NOTICE: relation "exits" already exists, skipping
[2m2026-03-25T07:35:48.656779Z[0m [32m INFO[0m [2msingularity_world::store[0m[2m:[0m [store] Initialized PostgreSQL Pool at postgres://postgres:singularity@localhost:5432/singularity
[2m2026-03-25T07:35:48.657397Z[0m [32m INFO[0m [2msingularity_world::store[0m[2m:[0m [store] loaded: 634 rooms, 12 entity_room, 1 venues, 4 assignments, 3 schedules, 12 entities, 10 items
[2m2026-03-25T07:35:48.657444Z[0m [32m INFO[0m [2msingularity_world::store[0m[2m:[0m [store] Syncing all rooms (634) to PostgreSQL...
[2m2026-03-25T07:35:49.870936Z[0m [32m INFO[0m [2msingularity_world::store[0m[2m:[0m [store] PostgreSQL room sync completed.
[2m2026-03-25T07:35:49.871061Z[0m [32m INFO[0m [2mnpc_behavior[0m[2m:[0m loaded 18 roles from /home/tanger/Projects/singularity_world/data/npc_behaviors.json
[2m2026-03-25T07:35:49.871522Z[0m [32m INFO[0m [2mpathfind[0m[2m:[0m graph synced from store: 634 rooms, 1260 directed edges
[2m2026-03-25T07:35:49.871643Z[0m [32m INFO[0m [2msingularity_world::server::run[0m[2m:[0m Rust server listening on http://0.0.0.0:1721 (WebSocket /ws)
[2m2026-03-25T07:40:12.659828Z[0m [32m INFO[0m [2mpostgres::connection[0m[2m:[0m NOTICE: extension "vector" already exists, skipping
[2m2026-03-25T07:40:12.660007Z[0m [32m INFO[0m [2mpostgres::connection[0m[2m:[0m NOTICE: relation "auth" already exists, skipping
[2m2026-03-25T07:40:12.660063Z[0m [32m INFO[0m [2mpostgres::connection[0m[2m:[0m NOTICE: relation "event_log" already exists, skipping
[2m2026-03-25T07:40:12.660258Z[0m [32m INFO[0m [2mpostgres::connection[0m[2m:[0m NOTICE: relation "idx_event_log_entity_id" already exists, skipping
[2m2026-03-25T07:40:12.660319Z[0m [32m INFO[0m [2mpostgres::connection[0m[2m:[0m NOTICE: relation "archival" already exists, skipping
[2m2026-03-25T07:40:12.660381Z[0m [32m INFO[0m [2mpostgres::connection[0m[2m:[0m NOTICE: relation "idx_archival_entity_id" already exists, skipping
[2m2026-03-25T07:40:12.660433Z[0m [32m INFO[0m [2mpostgres::connection[0m[2m:[0m NOTICE: relation "npc_memories" already exists, skipping
[2m2026-03-25T07:40:12.660474Z[0m [32m INFO[0m [2mpostgres::connection[0m[2m:[0m NOTICE: relation "npc_summaries" already exists, skipping
[2m2026-03-25T07:40:12.660515Z[0m [32m INFO[0m [2mpostgres::connection[0m[2m:[0m NOTICE: relation "npc_npc_summaries" already exists, skipping
[2m2026-03-25T07:40:12.660562Z[0m [32m INFO[0m [2mpostgres::connection[0m[2m:[0m NOTICE: relation "npc_threads" already exists, skipping
[2m2026-03-25T07:40:12.660608Z[0m [32m INFO[0m [2mpostgres::connection[0m[2m:[0m NOTICE: relation "npc_dyads" already exists, skipping
[2m2026-03-25T07:40:12.660665Z[0m [32m INFO[0m [2mpostgres::connection[0m[2m:[0m NOTICE: relation "npc_rumors" already exists, skipping
[2m2026-03-25T07:40:12.660713Z[0m [32m INFO[0m [2mpostgres::connection[0m[2m:[0m NOTICE: relation "rooms" already exists, skipping
[2m2026-03-25T07:40:12.660755Z[0m [32m INFO[0m [2mpostgres::connection[0m[2m:[0m NOTICE: relation "exits" already exists, skipping
[2m2026-03-25T07:40:12.660769Z[0m [32m INFO[0m [2msingularity_world::store[0m[2m:[0m [store] Initialized PostgreSQL Pool at postgres://postgres:singularity@localhost:5432/singularity
[2m2026-03-25T07:40:12.661212Z[0m [32m INFO[0m [2msingularity_world::store[0m[2m:[0m [store] loaded: 638 rooms, 12 entity_room, 1 venues, 4 assignments, 3 schedules, 12 entities, 10 items
[2m2026-03-25T07:40:12.661242Z[0m [32m INFO[0m [2msingularity_world::store[0m[2m:[0m [store] Syncing all rooms (638) to PostgreSQL...
[2m2026-03-25T07:40:13.890702Z[0m [32m INFO[0m [2msingularity_world::store[0m[2m:[0m [store] PostgreSQL room sync completed.
[2m2026-03-25T07:40:13.890877Z[0m [32m INFO[0m [2mnpc_behavior[0m[2m:[0m loaded 18 roles from /home/tanger/Projects/singularity_world/data/npc_behaviors.json
[2m2026-03-25T07:40:13.891414Z[0m [32m INFO[0m [2mpathfind[0m[2m:[0m graph synced from store: 638 rooms, 1275 directed edges
[2m2026-03-25T07:40:13.891554Z[0m [32m INFO[0m [2msingularity_world::server::run[0m[2m:[0m Rust server listening on http://0.0.0.0:1721 (WebSocket /ws)
[2m2026-03-25T07:41:53.235346Z[0m [32m INFO[0m [2mpostgres::connection[0m[2m:[0m NOTICE: extension "vector" already exists, skipping
[2m2026-03-25T07:41:53.235491Z[0m [32m INFO[0m [2mpostgres::connection[0m[2m:[0m NOTICE: relation "auth" already exists, skipping
[2m2026-03-25T07:41:53.235541Z[0m [32m INFO[0m [2mpostgres::connection[0m[2m:[0m NOTICE: relation "event_log" already exists, skipping
[2m2026-03-25T07:41:53.235716Z[0m [32m INFO[0m [2mpostgres::connection[0m[2m:[0m NOTICE: relation "idx_event_log_entity_id" already exists, skipping
[2m2026-03-25T07:41:53.235769Z[0m [32m INFO[0m [2mpostgres::connection[0m[2m:[0m NOTICE: relation "archival" already exists, skipping
[2m2026-03-25T07:41:53.235827Z[0m [32m INFO[0m [2mpostgres::connection[0m[2m:[0m NOTICE: relation "idx_archival_entity_id" already exists, skipping
[2m2026-03-25T07:41:53.235890Z[0m [32m INFO[0m [2mpostgres::connection[0m[2m:[0m NOTICE: relation "npc_memories" already exists, skipping
[2m2026-03-25T07:41:53.235933Z[0m [32m INFO[0m [2mpostgres::connection[0m[2m:[0m NOTICE: relation "npc_summaries" already exists, skipping
[2m2026-03-25T07:41:53.235972Z[0m [32m INFO[0m [2mpostgres::connection[0m[2m:[0m NOTICE: relation "npc_npc_summaries" already exists, skipping
[2m2026-03-25T07:41:53.236019Z[0m [32m INFO[0m [2mpostgres::connection[0m[2m:[0m NOTICE: relation "npc_threads" already exists, skipping
[2m2026-03-25T07:41:53.236064Z[0m [32m INFO[0m [2mpostgres::connection[0m[2m:[0m NOTICE: relation "npc_dyads" already exists, skipping
[2m2026-03-25T07:41:53.236122Z[0m [32m INFO[0m [2mpostgres::connection[0m[2m:[0m NOTICE: relation "npc_rumors" already exists, skipping
[2m2026-03-25T07:41:53.236171Z[0m [32m INFO[0m [2mpostgres::connection[0m[2m:[0m NOTICE: relation "rooms" already exists, skipping
[2m2026-03-25T07:41:53.236212Z[0m [32m INFO[0m [2mpostgres::connection[0m[2m:[0m NOTICE: relation "exits" already exists, skipping
[2m2026-03-25T07:41:53.236220Z[0m [32m INFO[0m [2msingularity_world::store[0m[2m:[0m [store] Initialized PostgreSQL Pool at postgres://postgres:singularity@localhost:5432/singularity
[2m2026-03-25T07:41:53.236616Z[0m [32m INFO[0m [2msingularity_world::store[0m[2m:[0m [store] loaded: 638 rooms, 12 entity_room, 1 venues, 4 assignments, 3 schedules, 12 entities, 10 items
[2m2026-03-25T07:41:53.236641Z[0m [32m INFO[0m [2msingularity_world::store[0m[2m:[0m [store] Syncing all rooms (638) to PostgreSQL...
[2m2026-03-25T07:41:54.422776Z[0m [32m INFO[0m [2msingularity_world::store[0m[2m:[0m [store] PostgreSQL room sync completed.
[2m2026-03-25T07:41:54.422915Z[0m [32m INFO[0m [2mnpc_behavior[0m[2m:[0m loaded 18 roles from /home/tanger/Projects/singularity_world/data/npc_behaviors.json
[2m2026-03-25T07:41:54.423424Z[0m [32m INFO[0m [2mpathfind[0m[2m:[0m graph synced from store: 638 rooms, 1275 directed edges
[2m2026-03-25T07:41:54.423545Z[0m [32m INFO[0m [2msingularity_world::server::run[0m[2m:[0m Rust server listening on http://0.0.0.0:1721 (WebSocket /ws)
[2m2026-03-25T07:42:07.282155Z[0m [32m INFO[0m [2msingularity_world::store[0m[2m:[0m [store] Syncing all rooms (638) to PostgreSQL...
[2m2026-03-25T07:42:08.465165Z[0m [32m INFO[0m [2msingularity_world::store[0m[2m:[0m [store] PostgreSQL room sync completed.
[2m2026-03-25T07:42:08.465951Z[0m [32m INFO[0m [2mpathfind[0m[2m:[0m graph synced from store: 638 rooms, 1275 directed edges
[2m2026-03-25T07:42:34.425108Z[0m [32m INFO[0m [2mpathfind[0m[2m:[0m graph synced from store: 638 rooms, 1275 directed edges
[2m2026-03-25T07:42:47.230434Z[0m [32m INFO[0m [2mpathfind[0m[2m:[0m graph synced from store: 638 rooms, 1275 directed edges
[2m2026-03-25T07:43:17.008141Z[0m [32m INFO[0m [2mpathfind[0m[2m:[0m graph synced from store: 638 rooms, 1275 directed edges
[2m2026-03-25T07:43:36.798382Z[0m [32m INFO[0m [2mpathfind[0m[2m:[0m graph synced from store: 638 rooms, 1275 directed edges
[2m2026-03-25T07:44:14.466575Z[0m [32m INFO[0m [2mpathfind[0m[2m:[0m graph synced from store: 638 rooms, 1275 directed edges
[2m2026-03-25T07:44:21.775503Z[0m [32m INFO[0m [2mpathfind[0m[2m:[0m graph synced from store: 638 rooms, 1275 directed edges
[2m2026-03-25T07:44:28.457915Z[0m [32m INFO[0m [2mpathfind[0m[2m:[0m graph synced from store: 638 rooms, 1275 directed edges
[2m2026-03-25T07:44:33.858680Z[0m [32m INFO[0m [2mpathfind[0m[2m:[0m graph synced from store: 638 rooms, 1275 directed edges
[2m2026-03-25T07:44:41.263829Z[0m [32m INFO[0m [2mpathfind[0m[2m:[0m graph synced from store: 638 rooms, 1275 directed edges
[2m2026-03-25T07:44:49.861972Z[0m [32m INFO[0m [2mpathfind[0m[2m:[0m graph synced from store: 638 rooms, 1275 directed edges
[2m2026-03-25T07:44:56.479308Z[0m [32m INFO[0m [2mpathfind[0m[2m:[0m graph synced from store: 638 rooms, 1275 directed edges
[2m2026-03-25T07:45:01.807402Z[0m [32m INFO[0m [2mpathfind[0m[2m:[0m graph synced from store: 638 rooms, 1275 directed edges
[2m2026-03-25T07:45:06.539849Z[0m [32m INFO[0m [2mpathfind[0m[2m:[0m graph synced from store: 638 rooms, 1275 directed edges
[2m2026-03-25T07:45:11.637661Z[0m [32m INFO[0m [2mpathfind[0m[2m:[0m graph synced from store: 638 rooms, 1275 directed edges
[2m2026-03-25T07:45:16.846588Z[0m [32m INFO[0m [2mpathfind[0m[2m:[0m graph synced from store: 638 rooms, 1275 directed edges
[2m2026-03-25T07:45:21.596551Z[0m [32m INFO[0m [2mpathfind[0m[2m:[0m graph synced from store: 638 rooms, 1275 directed edges
[2m2026-03-25T07:45:27.861110Z[0m [32m INFO[0m [2mpathfind[0m[2m:[0m graph synced from store: 638 rooms, 1275 directed edges
[2m2026-03-25T07:45:32.976973Z[0m [32m INFO[0m [2mpathfind[0m[2m:[0m graph synced from store: 638 rooms, 1275 directed edges
[2m2026-03-25T07:45:38.896391Z[0m [32m INFO[0m [2mpathfind[0m[2m:[0m graph synced from store: 638 rooms, 1275 directed edges
[2m2026-03-25T07:45:44.006595Z[0m [32m INFO[0m [2mpathfind[0m[2m:[0m graph synced from store: 638 rooms, 1275 directed edges
[2m2026-03-25T07:45:48.620039Z[0m [32m INFO[0m [2mpathfind[0m[2m:[0m graph synced from store: 638 rooms, 1275 directed edges
[2m2026-03-25T07:45:53.760166Z[0m [32m INFO[0m [2mpathfind[0m[2m:[0m graph synced from store: 638 rooms, 1275 directed edges
[2m2026-03-25T07:45:58.755591Z[0m [32m INFO[0m [2mpathfind[0m[2m:[0m graph synced from store: 638 rooms, 1275 directed edges
[2m2026-03-25T07:46:04.049722Z[0m [32m INFO[0m [2mpathfind[0m[2m:[0m graph synced from store: 638 rooms, 1275 directed edges
[2m2026-03-25T07:46:14.767478Z[0m [32m INFO[0m [2mpathfind[0m[2m:[0m graph synced from store: 638 rooms, 1275 directed edges
[2m2026-03-25T07:46:19.141680Z[0m [32m INFO[0m [2mpathfind[0m[2m:[0m graph synced from store: 638 rooms, 1275 directed edges
[2m2026-03-25T07:46:24.437333Z[0m [32m INFO[0m [2mpathfind[0m[2m:[0m graph synced from store: 638 rooms, 1275 directed edges
[2m2026-03-25T07:46:28.806253Z[0m [32m INFO[0m [2mpathfind[0m[2m:[0m graph synced from store: 638 rooms, 1275 directed edges
[2m2026-03-25T07:46:33.467410Z[0m [32m INFO[0m [2mpathfind[0m[2m:[0m graph synced from store: 638 rooms, 1275 directed edges
[2m2026-03-25T07:46:38.058400Z[0m [32m INFO[0m [2mpathfind[0m[2m:[0m graph synced from store: 638 rooms, 1275 directed edges
[2m2026-03-25T07:46:42.892834Z[0m [32m INFO[0m [2mpathfind[0m[2m:[0m graph synced from store: 638 rooms, 1275 directed edges
[2m2026-03-25T07:46:47.499502Z[0m [32m INFO[0m [2mpathfind[0m[2m:[0m graph synced from store: 638 rooms, 1275 directed edges
[2m2026-03-25T07:46:54.663562Z[0m [32m INFO[0m [2mpathfind[0m[2m:[0m graph synced from store: 638 rooms, 1275 directed edges
[2m2026-03-25T07:47:01.653013Z[0m [32m INFO[0m [2mpathfind[0m[2m:[0m graph synced from store: 638 rooms, 1275 directed edges
[2m2026-03-25T07:47:07.833489Z[0m [32m INFO[0m [2mpathfind[0m[2m:[0m graph synced from store: 638 rooms, 1275 directed edges
[2m2026-03-25T07:47:12.951348Z[0m [32m INFO[0m [2mpathfind[0m[2m:[0m graph synced from store: 638 rooms, 1275 directed edges
[2m2026-03-25T07:47:17.034900Z[0m [32m INFO[0m [2mpathfind[0m[2m:[0m graph synced from store: 638 rooms, 1275 directed edges
[2m2026-03-25T07:47:21.084731Z[0m [32m INFO[0m [2mpathfind[0m[2m:[0m graph synced from store: 638 rooms, 1275 directed edges
[2m2026-03-25T07:47:24.990478Z[0m [32m INFO[0m [2mpathfind[0m[2m:[0m graph synced from store: 638 rooms, 1275 directed edges
[2m2026-03-25T07:47:29.290124Z[0m [32m INFO[0m [2mpathfind[0m[2m:[0m graph synced from store: 638 rooms, 1275 directed edges
[2m2026-03-25T07:47:34.526826Z[0m [32m INFO[0m [2mpathfind[0m[2m:[0m graph synced from store: 638 rooms, 1275 directed edges
[2m2026-03-25T07:52:47.637600Z[0m [32m INFO[0m [2mpostgres::connection[0m[2m:[0m NOTICE: extension "vector" already exists, skipping
[2m2026-03-25T07:52:47.637727Z[0m [32m INFO[0m [2mpostgres::connection[0m[2m:[0m NOTICE: relation "auth" already exists, skipping
[2m2026-03-25T07:52:47.637776Z[0m [32m INFO[0m [2mpostgres::connection[0m[2m:[0m NOTICE: relation "event_log" already exists, skipping
[2m2026-03-25T07:52:47.637949Z[0m [32m INFO[0m [2mpostgres::connection[0m[2m:[0m NOTICE: relation "idx_event_log_entity_id" already exists, skipping
[2m2026-03-25T07:52:47.638001Z[0m [32m INFO[0m [2mpostgres::connection[0m[2m:[0m NOTICE: relation "archival" already exists, skipping
[2m2026-03-25T07:52:47.638060Z[0m [32m INFO[0m [2mpostgres::connection[0m[2m:[0m NOTICE: relation "idx_archival_entity_id" already exists, skipping
[2m2026-03-25T07:52:47.638117Z[0m [32m INFO[0m [2mpostgres::connection[0m[2m:[0m NOTICE: relation "npc_memories" already exists, skipping
[2m2026-03-25T07:52:47.638156Z[0m [32m INFO[0m [2mpostgres::connection[0m[2m:[0m NOTICE: relation "npc_summaries" already exists, skipping
[2m2026-03-25T07:52:47.638194Z[0m [32m INFO[0m [2mpostgres::connection[0m[2m:[0m NOTICE: relation "npc_npc_summaries" already exists, skipping
[2m2026-03-25T07:52:47.638239Z[0m [32m INFO[0m [2mpostgres::connection[0m[2m:[0m NOTICE: relation "npc_threads" already exists, skipping
[2m2026-03-25T07:52:47.638283Z[0m [32m INFO[0m [2mpostgres::connection[0m[2m:[0m NOTICE: relation "npc_dyads" already exists, skipping
[2m2026-03-25T07:52:47.638337Z[0m [32m INFO[0m [2mpostgres::connection[0m[2m:[0m NOTICE: relation "npc_rumors" already exists, skipping
[2m2026-03-25T07:52:47.638383Z[0m [32m INFO[0m [2mpostgres::connection[0m[2m:[0m NOTICE: relation "rooms" already exists, skipping
[2m2026-03-25T07:52:47.638425Z[0m [32m INFO[0m [2mpostgres::connection[0m[2m:[0m NOTICE: relation "exits" already exists, skipping
[2m2026-03-25T07:52:47.638432Z[0m [32m INFO[0m [2msingularity_world::store[0m[2m:[0m [store] Initialized PostgreSQL Pool at postgres://postgres:singularity@localhost:5432/singularity
[2m2026-03-25T07:52:47.638834Z[0m [32m INFO[0m [2msingularity_world::store[0m[2m:[0m [store] loaded: 638 rooms, 12 entity_room, 1 venues, 4 assignments, 3 schedules, 12 entities, 10 items
[2m2026-03-25T07:52:47.638861Z[0m [32m INFO[0m [2msingularity_world::store[0m[2m:[0m [store] Syncing all rooms (638) to PostgreSQL...
[2m2026-03-25T07:52:48.798685Z[0m [32m INFO[0m [2msingularity_world::store[0m[2m:[0m [store] PostgreSQL room sync completed.
[2m2026-03-25T07:52:48.798796Z[0m [32m INFO[0m [2mnpc_behavior[0m[2m:[0m loaded 18 roles from /home/tanger/Projects/singularity_world/data/npc_behaviors.json
[2m2026-03-25T07:52:48.799238Z[0m [32m INFO[0m [2mpathfind[0m[2m:[0m graph synced from store: 638 rooms, 1275 directed edges
[2m2026-03-25T07:52:48.799351Z[0m [32m INFO[0m [2msingularity_world::server::run[0m[2m:[0m Rust server listening on http://0.0.0.0:1721 (WebSocket /ws)
[2m2026-03-25T07:53:36.982999Z[0m [32m INFO[0m [2mpathfind[0m[2m:[0m graph synced from store: 638 rooms, 1275 directed edges
[2m2026-03-25T07:54:27.920622Z[0m [32m INFO[0m [2mpathfind[0m[2m:[0m graph synced from store: 638 rooms, 1275 directed edges
[2m2026-03-25T07:55:07.533266Z[0m [32m INFO[0m [2mpathfind[0m[2m:[0m graph synced from store: 638 rooms, 1275 directed edges
[2m2026-03-25T07:56:30.609888Z[0m [32m INFO[0m [2mpathfind[0m[2m:[0m graph synced from store: 638 rooms, 1275 directed edges
[2m2026-03-25T07:57:35.152450Z[0m [32m INFO[0m [2mpathfind[0m[2m:[0m graph synced from store: 638 rooms, 1275 directed edges
[2m2026-03-25T07:58:33.787042Z[0m [32m INFO[0m [2mpathfind[0m[2m:[0m graph synced from store: 638 rooms, 1275 directed edges
[2m2026-03-25T09:32:34.108710Z[0m [32m INFO[0m [2mpathfind[0m[2m:[0m graph synced from store: 638 rooms, 1275 directed edges
[2m2026-03-25T09:37:43.975213Z[0m [32m INFO[0m [2mpathfind[0m[2m:[0m graph synced from store: 638 rooms, 1275 directed edges
[2m2026-03-25T09:42:15.189619Z[0m [32m INFO[0m [2mpathfind[0m[2m:[0m graph synced from store: 638 rooms, 1275 directed edges
[2m2026-03-25T09:46:09.867534Z[0m [32m INFO[0m [2mpathfind[0m[2m:[0m graph synced from store: 638 rooms, 1275 directed edges
[2m2026-03-25T09:47:11.014959Z[0m [32m INFO[0m [2mpathfind[0m[2m:[0m graph synced from store: 638 rooms, 1275 directed edges
[2m2026-03-25T09:48:17.185276Z[0m [32m INFO[0m [2mpathfind[0m[2m:[0m graph synced from store: 638 rooms, 1275 directed edges
[2m2026-03-25T09:49:31.635552Z[0m [32m INFO[0m [2mpathfind[0m[2m:[0m graph synced from store: 638 rooms, 1275 directed edges
[2m2026-03-25T09:50:58.688683Z[0m [32m INFO[0m [2mpathfind[0m[2m:[0m graph synced from store: 638 rooms, 1275 directed edges
[2m2026-03-25T09:52:59.790274Z[0m [32m INFO[0m [2mpathfind[0m[2m:[0m graph synced from store: 638 rooms, 1275 directed edges
[2m2026-03-25T09:56:00.744776Z[0m [32m INFO[0m [2mpathfind[0m[2m:[0m graph synced from store: 638 rooms, 1275 directed edges
[2m2026-03-25T09:58:00.794423Z[0m [32m INFO[0m [2mpathfind[0m[2m:[0m graph synced from store: 638 rooms, 1275 directed edges
[2m2026-03-25T10:01:43.770928Z[0m [32m INFO[0m [2mpathfind[0m[2m:[0m graph synced from store: 638 rooms, 1275 directed edges
[2m2026-03-25T11:23:54.721337Z[0m [32m INFO[0m [2mpathfind[0m[2m:[0m graph synced from store: 638 rooms, 1275 directed edges
[2m2026-03-25T11:24:57.091243Z[0m [32m INFO[0m [2mpathfind[0m[2m:[0m graph synced from store: 638 rooms, 1275 directed edges
[2m2026-03-25T11:32:14.206841Z[0m [32m INFO[0m [2mpathfind[0m[2m:[0m graph synced from store: 638 rooms, 1275 directed edges
[2m2026-03-25T11:37:23.284598Z[0m [32m INFO[0m [2mpostgres::connection[0m[2m:[0m NOTICE: extension "vector" already exists, skipping
[2m2026-03-25T11:37:23.284716Z[0m [32m INFO[0m [2mpostgres::connection[0m[2m:[0m NOTICE: relation "auth" already exists, skipping
[2m2026-03-25T11:37:23.284770Z[0m [32m INFO[0m [2mpostgres::connection[0m[2m:[0m NOTICE: relation "event_log" already exists, skipping
[2m2026-03-25T11:37:23.284945Z[0m [32m INFO[0m [2mpostgres::connection[0m[2m:[0m NOTICE: relation "idx_event_log_entity_id" already exists, skipping
[2m2026-03-25T11:37:23.284996Z[0m [32m INFO[0m [2mpostgres::connection[0m[2m:[0m NOTICE: relation "archival" already exists, skipping
[2m2026-03-25T11:37:23.285053Z[0m [32m INFO[0m [2mpostgres::connection[0m[2m:[0m NOTICE: relation "idx_archival_entity_id" already exists, skipping
[2m2026-03-25T11:37:23.285108Z[0m [32m INFO[0m [2mpostgres::connection[0m[2m:[0m NOTICE: relation "npc_memories" already exists, skipping
[2m2026-03-25T11:37:23.285146Z[0m [32m INFO[0m [2mpostgres::connection[0m[2m:[0m NOTICE: relation "npc_summaries" already exists, skipping
[2m2026-03-25T11:37:23.285184Z[0m [32m INFO[0m [2mpostgres::connection[0m[2m:[0m NOTICE: relation "npc_npc_summaries" already exists, skipping
[2m2026-03-25T11:37:23.285229Z[0m [32m INFO[0m [2mpostgres::connection[0m[2m:[0m NOTICE: relation "npc_threads" already exists, skipping
[2m2026-03-25T11:37:23.285276Z[0m [32m INFO[0m [2mpostgres::connection[0m[2m:[0m NOTICE: relation "npc_dyads" already exists, skipping
[2m2026-03-25T11:37:23.285330Z[0m [32m INFO[0m [2mpostgres::connection[0m[2m:[0m NOTICE: relation "npc_rumors" already exists, skipping
[2m2026-03-25T11:37:23.285375Z[0m [32m INFO[0m [2mpostgres::connection[0m[2m:[0m NOTICE: relation "rooms" already exists, skipping
[2m2026-03-25T11:37:23.285416Z[0m [32m INFO[0m [2mpostgres::connection[0m[2m:[0m NOTICE: relation "exits" already exists, skipping
[2m2026-03-25T11:37:23.285422Z[0m [32m INFO[0m [2msingularity_world::store[0m[2m:[0m [store] Initialized PostgreSQL Pool at postgres://postgres:singularity@localhost:5432/singularity
[2m2026-03-25T11:37:23.285860Z[0m [32m INFO[0m [2msingularity_world::store[0m[2m:[0m [store] loaded: 638 rooms, 12 entity_room, 1 venues, 4 assignments, 3 schedules, 12 entities, 10 items
[2m2026-03-25T11:37:23.285891Z[0m [32m INFO[0m [2msingularity_world::store[0m[2m:[0m [store] Syncing all rooms (638) to PostgreSQL...
[2m2026-03-25T11:37:24.502368Z[0m [32m INFO[0m [2msingularity_world::store[0m[2m:[0m [store] PostgreSQL room sync completed.
[2m2026-03-25T11:37:24.502476Z[0m [32m INFO[0m [2mnpc_behavior[0m[2m:[0m loaded 18 roles from /home/tanger/Projects/singularity_world/data/npc_behaviors.json
[2m2026-03-25T11:37:24.502927Z[0m [32m INFO[0m [2mpathfind[0m[2m:[0m graph synced from store: 638 rooms, 1275 directed edges
[2m2026-03-25T11:37:24.503042Z[0m [32m INFO[0m [2msingularity_world::server::run[0m[2m:[0m Rust server listening on http://0.0.0.0:1721 (WebSocket /ws)
[2m2026-03-25T11:37:50.865158Z[0m [32m INFO[0m [2mpostgres::connection[0m[2m:[0m NOTICE: extension "vector" already exists, skipping
[2m2026-03-25T11:37:50.865281Z[0m [32m INFO[0m [2mpostgres::connection[0m[2m:[0m NOTICE: relation "auth" already exists, skipping
[2m2026-03-25T11:37:50.865328Z[0m [32m INFO[0m [2mpostgres::connection[0m[2m:[0m NOTICE: relation "event_log" already exists, skipping
[2m2026-03-25T11:37:50.865495Z[0m [32m INFO[0m [2mpostgres::connection[0m[2m:[0m NOTICE: relation "idx_event_log_entity_id" already exists, skipping
[2m2026-03-25T11:37:50.865548Z[0m [32m INFO[0m [2mpostgres::connection[0m[2m:[0m NOTICE: relation "archival" already exists, skipping
[2m2026-03-25T11:37:50.865605Z[0m [32m INFO[0m [2mpostgres::connection[0m[2m:[0m NOTICE: relation "idx_archival_entity_id" already exists, skipping
[2m2026-03-25T11:37:50.865654Z[0m [32m INFO[0m [2mpostgres::connection[0m[2m:[0m NOTICE: relation "npc_memories" already exists, skipping
[2m2026-03-25T11:37:50.865693Z[0m [32m INFO[0m [2mpostgres::connection[0m[2m:[0m NOTICE: relation "npc_summaries" already exists, skipping
[2m2026-03-25T11:37:50.865738Z[0m [32m INFO[0m [2mpostgres::connection[0m[2m:[0m NOTICE: relation "npc_npc_summaries" already exists, skipping
[2m2026-03-25T11:37:50.865781Z[0m [32m INFO[0m [2mpostgres::connection[0m[2m:[0m NOTICE: relation "npc_threads" already exists, skipping
[2m2026-03-25T11:37:50.865824Z[0m [32m INFO[0m [2mpostgres::connection[0m[2m:[0m NOTICE: relation "npc_dyads" already exists, skipping
[2m2026-03-25T11:37:50.865906Z[0m [32m INFO[0m [2mpostgres::connection[0m[2m:[0m NOTICE: relation "npc_rumors" already exists, skipping
[2m2026-03-25T11:37:50.865962Z[0m [32m INFO[0m [2mpostgres::connection[0m[2m:[0m NOTICE: relation "rooms" already exists, skipping
[2m2026-03-25T11:37:50.866005Z[0m [32m INFO[0m [2mpostgres::connection[0m[2m:[0m NOTICE: relation "exits" already exists, skipping
[2m2026-03-25T11:37:50.866012Z[0m [32m INFO[0m [2msingularity_world::store[0m[2m:[0m [store] Initialized PostgreSQL Pool at postgres://postgres:singularity@localhost:5432/singularity
[2m2026-03-25T11:37:50.866461Z[0m [32m INFO[0m [2msingularity_world::store[0m[2m:[0m [store] loaded: 638 rooms, 12 entity_room, 1 venues, 4 assignments, 3 schedules, 12 entities, 10 items
[2m2026-03-25T11:37:50.866489Z[0m [32m INFO[0m [2msingularity_world::store[0m[2m:[0m [store] Syncing all rooms (638) to PostgreSQL...
[2m2026-03-25T11:37:52.044210Z[0m [32m INFO[0m [2msingularity_world::store[0m[2m:[0m [store] PostgreSQL room sync completed.
[2m2026-03-25T11:37:52.044323Z[0m [32m INFO[0m [2mnpc_behavior[0m[2m:[0m loaded 18 roles from /home/tanger/Projects/singularity_world/data/npc_behaviors.json
[2m2026-03-25T11:37:52.044777Z[0m [32m INFO[0m [2mpathfind[0m[2m:[0m graph synced from store: 638 rooms, 1275 directed edges
[2m2026-03-25T11:37:52.044897Z[0m [32m INFO[0m [2msingularity_world::server::run[0m[2m:[0m Rust server listening on http://0.0.0.0:1721 (WebSocket /ws)
[2m2026-03-25T11:44:30.756928Z[0m [32m INFO[0m [2mpostgres::connection[0m[2m:[0m NOTICE: extension "vector" already exists, skipping
[2m2026-03-25T11:44:30.757073Z[0m [32m INFO[0m [2mpostgres::connection[0m[2m:[0m NOTICE: relation "auth" already exists, skipping
[2m2026-03-25T11:44:30.757127Z[0m [32m INFO[0m [2mpostgres::connection[0m[2m:[0m NOTICE: relation "event_log" already exists, skipping
[2m2026-03-25T11:44:30.757299Z[0m [32m INFO[0m [2mpostgres::connection[0m[2m:[0m NOTICE: relation "idx_event_log_entity_id" already exists, skipping
[2m2026-03-25T11:44:30.757350Z[0m [32m INFO[0m [2mpostgres::connection[0m[2m:[0m NOTICE: relation "archival" already exists, skipping
[2m2026-03-25T11:44:30.757407Z[0m [32m INFO[0m [2mpostgres::connection[0m[2m:[0m NOTICE: relation "idx_archival_entity_id" already exists, skipping
[2m2026-03-25T11:44:30.757457Z[0m [32m INFO[0m [2mpostgres::connection[0m[2m:[0m NOTICE: relation "npc_memories" already exists, skipping
[2m2026-03-25T11:44:30.757494Z[0m [32m INFO[0m [2mpostgres::connection[0m[2m:[0m NOTICE: relation "npc_summaries" already exists, skipping
[2m2026-03-25T11:44:30.757531Z[0m [32m INFO[0m [2mpostgres::connection[0m[2m:[0m NOTICE: relation "npc_npc_summaries" already exists, skipping
[2m2026-03-25T11:44:30.757573Z[0m [32m INFO[0m [2mpostgres::connection[0m[2m:[0m NOTICE: relation "npc_threads" already exists, skipping
[2m2026-03-25T11:44:30.757617Z[0m [32m INFO[0m [2mpostgres::connection[0m[2m:[0m NOTICE: relation "npc_dyads" already exists, skipping
[2m2026-03-25T11:44:30.757669Z[0m [32m INFO[0m [2mpostgres::connection[0m[2m:[0m NOTICE: relation "npc_rumors" already exists, skipping
[2m2026-03-25T11:44:30.757713Z[0m [32m INFO[0m [2mpostgres::connection[0m[2m:[0m NOTICE: relation "rooms" already exists, skipping
[2m2026-03-25T11:44:30.757754Z[0m [32m INFO[0m [2mpostgres::connection[0m[2m:[0m NOTICE: relation "exits" already exists, skipping
[2m2026-03-25T11:44:30.757760Z[0m [32m INFO[0m [2msingularity_world::store[0m[2m:[0m [store] Initialized PostgreSQL Pool at postgres://postgres:singularity@localhost:5432/singularity
[2m2026-03-25T11:44:30.758196Z[0m [32m INFO[0m [2msingularity_world::store[0m[2m:[0m [store] loaded: 638 rooms, 12 entity_room, 1 venues, 4 assignments, 3 schedules, 12 entities, 10 items
[2m2026-03-25T11:44:30.758223Z[0m [32m INFO[0m [2msingularity_world::store[0m[2m:[0m [store] Syncing all rooms (638) to PostgreSQL...
[2m2026-03-25T11:44:31.919642Z[0m [32m INFO[0m [2msingularity_world::store[0m[2m:[0m [store] PostgreSQL room sync completed.
[2m2026-03-25T11:44:31.919764Z[0m [32m INFO[0m [2mnpc_behavior[0m[2m:[0m loaded 18 roles from /home/tanger/Projects/singularity_world/data/npc_behaviors.json
[2m2026-03-25T11:44:31.920222Z[0m [32m INFO[0m [2mpathfind[0m[2m:[0m graph synced from store: 638 rooms, 1275 directed edges
[2m2026-03-25T11:44:31.920338Z[0m [32m INFO[0m [2msingularity_world::server::run[0m[2m:[0m Rust server listening on http://0.0.0.0:1721 (WebSocket /ws)
[2m2026-03-25T11:53:30.961109Z[0m [32m INFO[0m [2mpathfind[0m[2m:[0m graph synced from store: 638 rooms, 1275 directed edges
[2m2026-03-25T11:55:08.750706Z[0m [32m INFO[0m [2mpathfind[0m[2m:[0m graph synced from store: 638 rooms, 1275 directed edges
[2m2026-03-25T12:00:29.607714Z[0m [32m INFO[0m [2mpathfind[0m[2m:[0m graph synced from store: 638 rooms, 1275 directed edges
[2m2026-03-25T12:06:10.276857Z[0m [32m INFO[0m [2mpathfind[0m[2m:[0m graph synced from store: 638 rooms, 1275 directed edges
[2m2026-03-25T12:08:18.046538Z[0m [32m INFO[0m [2mpathfind[0m[2m:[0m graph synced from store: 638 rooms, 1275 directed edges
[2m2026-03-25T12:10:16.528052Z[0m [32m INFO[0m [2mpathfind[0m[2m:[0m graph synced from store: 638 rooms, 1275 directed edges
[2m2026-03-25T12:11:26.770714Z[0m [32m INFO[0m [2mpathfind[0m[2m:[0m graph synced from store: 638 rooms, 1275 directed edges
[2m2026-03-25T12:12:36.231638Z[0m [32m INFO[0m [2mpathfind[0m[2m:[0m graph synced from store: 638 rooms, 1275 directed edges
[2m2026-03-25T12:16:53.040961Z[0m [32m INFO[0m [2mpathfind[0m[2m:[0m graph synced from store: 638 rooms, 1275 directed edges
[2m2026-03-25T12:24:25.168652Z[0m [32m INFO[0m [2mpathfind[0m[2m:[0m graph synced from store: 638 rooms, 1275 directed edges
[2m2026-03-25T12:25:46.479376Z[0m [32m INFO[0m [2mpathfind[0m[2m:[0m graph synced from store: 638 rooms, 1275 directed edges
[2m2026-03-25T12:27:16.905916Z[0m [32m INFO[0m [2mpathfind[0m[2m:[0m graph synced from store: 638 rooms, 1275 directed edges
[2m2026-03-25T12:30:03.774053Z[0m [32m INFO[0m [2mpathfind[0m[2m:[0m graph synced from store: 638 rooms, 1275 directed edges
[2m2026-03-25T12:31:08.843924Z[0m [32m INFO[0m [2mpathfind[0m[2m:[0m graph synced from store: 638 rooms, 1275 directed edges
[2m2026-03-25T12:43:39.173029Z[0m [32m INFO[0m [2mpathfind[0m[2m:[0m graph synced from store: 638 rooms, 1275 directed edges
[2m2026-03-25T12:44:28.411754Z[0m [32m INFO[0m [2mpathfind[0m[2m:[0m graph synced from store: 638 rooms, 1275 directed edges
[2m2026-03-25T12:45:34.738126Z[0m [32m INFO[0m [2mpathfind[0m[2m:[0m graph synced from store: 638 rooms, 1275 directed edges
[2m2026-03-25T12:48:29.574336Z[0m [32m INFO[0m [2mpathfind[0m[2m:[0m graph synced from store: 638 rooms, 1275 directed edges
[2m2026-03-25T12:49:33.174861Z[0m [32m INFO[0m [2mpathfind[0m[2m:[0m graph synced from store: 638 rooms, 1275 directed edges
[2m2026-03-25T13:36:49.249825Z[0m [32m INFO[0m [2mpathfind[0m[2m:[0m graph synced from store: 638 rooms, 1275 directed edges
[2m2026-03-25T13:41:16.142240Z[0m [32m INFO[0m [2mpathfind[0m[2m:[0m graph synced from store: 638 rooms, 1275 directed edges
[2m2026-03-25T13:46:30.147395Z[0m [32m INFO[0m [2mpathfind[0m[2m:[0m graph synced from store: 638 rooms, 1275 directed edges
[2m2026-03-25T13:47:32.995743Z[0m [32m INFO[0m [2mpathfind[0m[2m:[0m graph synced from store: 638 rooms, 1275 directed edges
[2m2026-03-25T13:51:29.333056Z[0m [32m INFO[0m [2mpostgres::connection[0m[2m:[0m NOTICE: extension "vector" already exists, skipping
[2m2026-03-25T13:51:29.333228Z[0m [32m INFO[0m [2mpostgres::connection[0m[2m:[0m NOTICE: relation "auth" already exists, skipping
[2m2026-03-25T13:51:29.333282Z[0m [32m INFO[0m [2mpostgres::connection[0m[2m:[0m NOTICE: relation "event_log" already exists, skipping
[2m2026-03-25T13:51:29.333454Z[0m [32m INFO[0m [2mpostgres::connection[0m[2m:[0m NOTICE: relation "idx_event_log_entity_id" already exists, skipping
[2m2026-03-25T13:51:29.333511Z[0m [32m INFO[0m [2mpostgres::connection[0m[2m:[0m NOTICE: relation "archival" already exists, skipping
[2m2026-03-25T13:51:29.333571Z[0m [32m INFO[0m [2mpostgres::connection[0m[2m:[0m NOTICE: relation "idx_archival_entity_id" already exists, skipping
[2m2026-03-25T13:51:29.333620Z[0m [32m INFO[0m [2mpostgres::connection[0m[2m:[0m NOTICE: relation "npc_memories" already exists, skipping
[2m2026-03-25T13:51:29.333661Z[0m [32m INFO[0m [2mpostgres::connection[0m[2m:[0m NOTICE: relation "npc_summaries" already exists, skipping
[2m2026-03-25T13:51:29.333702Z[0m [32m INFO[0m [2mpostgres::connection[0m[2m:[0m NOTICE: relation "npc_npc_summaries" already exists, skipping
[2m2026-03-25T13:51:29.333748Z[0m [32m INFO[0m [2mpostgres::connection[0m[2m:[0m NOTICE: relation "npc_threads" already exists, skipping
[2m2026-03-25T13:51:29.333791Z[0m [32m INFO[0m [2mpostgres::connection[0m[2m:[0m NOTICE: relation "npc_dyads" already exists, skipping
[2m2026-03-25T13:51:29.333856Z[0m [32m INFO[0m [2mpostgres::connection[0m[2m:[0m NOTICE: relation "npc_rumors" already exists, skipping
[2m2026-03-25T13:51:29.333904Z[0m [32m INFO[0m [2mpostgres::connection[0m[2m:[0m NOTICE: relation "rooms" already exists, skipping
[2m2026-03-25T13:51:29.333946Z[0m [32m INFO[0m [2mpostgres::connection[0m[2m:[0m NOTICE: relation "exits" already exists, skipping
[2m2026-03-25T13:51:29.333997Z[0m [32m INFO[0m [2mpostgres::connection[0m[2m:[0m NOTICE: relation "world_lexicon" already exists, skipping
[2m2026-03-25T13:51:29.334004Z[0m [32m INFO[0m [2msingularity_world::store[0m[2m:[0m [store] Initialized PostgreSQL Pool at postgres://postgres:singularity@localhost:5432/singularity
[2m2026-03-25T13:51:29.334470Z[0m [32m INFO[0m [2msingularity_world::store[0m[2m:[0m [store] loaded: 638 rooms, 12 entity_room, 1 venues, 4 assignments, 3 schedules, 12 entities, 10 items
[2m2026-03-25T13:51:29.334497Z[0m [32m INFO[0m [2msingularity_world::store[0m[2m:[0m [store] Syncing all rooms (638) to PostgreSQL...
[2m2026-03-25T13:51:30.477978Z[0m [32m INFO[0m [2msingularity_world::store[0m[2m:[0m [store] PostgreSQL room sync completed.
[2m2026-03-25T13:51:30.478084Z[0m [32m INFO[0m [2mnpc_behavior[0m[2m:[0m loaded 18 roles from /home/tanger/Projects/singularity_world/data/npc_behaviors.json
[2m2026-03-25T13:51:30.478524Z[0m [32m INFO[0m [2mpathfind[0m[2m:[0m graph synced from store: 638 rooms, 1275 directed edges
[2m2026-03-25T13:51:30.478640Z[0m [32m INFO[0m [2msingularity_world::server::run[0m[2m:[0m Rust server listening on http://0.0.0.0:1721 (WebSocket /ws)
[2m2026-03-25T13:51:30.511286Z[0m [32m INFO[0m [2msingularity_world::server::simulation_loop[0m[2m:[0m 注入事件種子: 城內最近流傳著一個關於地底通道的傳說
[2m2026-03-25T13:53:42.834587Z[0m [32m INFO[0m [2mpathfind[0m[2m:[0m graph synced from store: 638 rooms, 1275 directed edges
[2m2026-03-25T13:54:37.010663Z[0m [32m INFO[0m [2mpathfind[0m[2m:[0m graph synced from store: 638 rooms, 1275 directed edges
[2m2026-03-25T13:55:53.984783Z[0m [32m INFO[0m [2mpathfind[0m[2m:[0m graph synced from store: 638 rooms, 1275 directed edges
[2m2026-03-25T14:01:07.060704Z[0m [32m INFO[0m [2mpathfind[0m[2m:[0m graph synced from store: 638 rooms, 1275 directed edges
[2m2026-03-25T14:01:30.987757Z[0m [32m INFO[0m [2msingularity_world::server::simulation_loop[0m[2m:[0m 注入事件種子: 界壁附近的金屬物件開始微弱地震動
[2m2026-03-25T14:06:47.353176Z[0m [32m INFO[0m [2mpostgres::connection[0m[2m:[0m NOTICE: extension "vector" already exists, skipping
[2m2026-03-25T14:06:47.353316Z[0m [32m INFO[0m [2mpostgres::connection[0m[2m:[0m NOTICE: relation "auth" already exists, skipping
[2m2026-03-25T14:06:47.353372Z[0m [32m INFO[0m [2mpostgres::connection[0m[2m:[0m NOTICE: relation "event_log" already exists, skipping
[2m2026-03-25T14:06:47.353546Z[0m [32m INFO[0m [2mpostgres::connection[0m[2m:[0m NOTICE: relation "idx_event_log_entity_id" already exists, skipping
[2m2026-03-25T14:06:47.353605Z[0m [32m INFO[0m [2mpostgres::connection[0m[2m:[0m NOTICE: relation "archival" already exists, skipping
[2m2026-03-25T14:06:47.353669Z[0m [32m INFO[0m [2mpostgres::connection[0m[2m:[0m NOTICE: relation "idx_archival_entity_id" already exists, skipping
[2m2026-03-25T14:06:47.353721Z[0m [32m INFO[0m [2mpostgres::connection[0m[2m:[0m NOTICE: relation "npc_memories" already exists, skipping
[2m2026-03-25T14:06:47.353765Z[0m [32m INFO[0m [2mpostgres::connection[0m[2m:[0m NOTICE: relation "npc_summaries" already exists, skipping
[2m2026-03-25T14:06:47.353833Z[0m [32m INFO[0m [2mpostgres::connection[0m[2m:[0m NOTICE: relation "npc_npc_summaries" already exists, skipping
[2m2026-03-25T14:06:47.353895Z[0m [32m INFO[0m [2mpostgres::connection[0m[2m:[0m NOTICE: relation "npc_threads" already exists, skipping
[2m2026-03-25T14:06:47.353945Z[0m [32m INFO[0m [2mpostgres::connection[0m[2m:[0m NOTICE: relation "npc_dyads" already exists, skipping
[2m2026-03-25T14:06:47.354000Z[0m [32m INFO[0m [2mpostgres::connection[0m[2m:[0m NOTICE: relation "npc_rumors" already exists, skipping
[2m2026-03-25T14:06:47.354047Z[0m [32m INFO[0m [2mpostgres::connection[0m[2m:[0m NOTICE: relation "rooms" already exists, skipping
[2m2026-03-25T14:06:47.354095Z[0m [32m INFO[0m [2mpostgres::connection[0m[2m:[0m NOTICE: relation "exits" already exists, skipping
[2m2026-03-25T14:06:47.354147Z[0m [32m INFO[0m [2mpostgres::connection[0m[2m:[0m NOTICE: relation "world_lexicon" already exists, skipping
[2m2026-03-25T14:06:47.354153Z[0m [32m INFO[0m [2msingularity_world::store[0m[2m:[0m [store] Initialized PostgreSQL Pool at postgres://postgres:singularity@localhost:5432/singularity
[2m2026-03-25T14:06:47.354615Z[0m [32m INFO[0m [2msingularity_world::store[0m[2m:[0m [store] loaded: 638 rooms, 12 entity_room, 1 venues, 4 assignments, 3 schedules, 12 entities, 10 items
[2m2026-03-25T14:06:47.354647Z[0m [32m INFO[0m [2msingularity_world::store[0m[2m:[0m [store] Syncing all rooms (638) to PostgreSQL...
[2m2026-03-25T14:06:48.510102Z[0m [32m INFO[0m [2msingularity_world::store[0m[2m:[0m [store] PostgreSQL room sync completed.
[2m2026-03-25T14:06:48.510219Z[0m [32m INFO[0m [2mnpc_behavior[0m[2m:[0m loaded 18 roles from /home/tanger/Projects/singularity_world/data/npc_behaviors.json
[2m2026-03-25T14:06:48.510669Z[0m [32m INFO[0m [2mpathfind[0m[2m:[0m graph synced from store: 638 rooms, 1275 directed edges
[2m2026-03-25T14:06:48.510790Z[0m [32m INFO[0m [2msingularity_world::server::run[0m[2m:[0m Rust server listening on http://0.0.0.0:1721 (WebSocket /ws)
[2m2026-03-25T14:06:48.528035Z[0m [32m INFO[0m [2msingularity_world::server::simulation_loop[0m[2m:[0m 注入事件種子: 今天的游離輻射塵好像比平常多一些，空氣裡有淡淡的粉光
[2m2026-03-25T14:15:49.509606Z[0m [32m INFO[0m [2mpostgres::connection[0m[2m:[0m NOTICE: extension "vector" already exists, skipping
[2m2026-03-25T14:15:49.509770Z[0m [32m INFO[0m [2mpostgres::connection[0m[2m:[0m NOTICE: relation "auth" already exists, skipping
[2m2026-03-25T14:15:49.509825Z[0m [32m INFO[0m [2mpostgres::connection[0m[2m:[0m NOTICE: relation "event_log" already exists, skipping
[2m2026-03-25T14:15:49.510070Z[0m [32m INFO[0m [2mpostgres::connection[0m[2m:[0m NOTICE: relation "idx_event_log_entity_id" already exists, skipping
[2m2026-03-25T14:15:49.510174Z[0m [32m INFO[0m [2mpostgres::connection[0m[2m:[0m NOTICE: relation "archival" already exists, skipping
[2m2026-03-25T14:15:49.510248Z[0m [32m INFO[0m [2mpostgres::connection[0m[2m:[0m NOTICE: relation "idx_archival_entity_id" already exists, skipping
[2m2026-03-25T14:15:49.510305Z[0m [32m INFO[0m [2mpostgres::connection[0m[2m:[0m NOTICE: relation "npc_memories" already exists, skipping
[2m2026-03-25T14:15:49.510351Z[0m [32m INFO[0m [2mpostgres::connection[0m[2m:[0m NOTICE: relation "npc_summaries" already exists, skipping
[2m2026-03-25T14:15:49.510397Z[0m [32m INFO[0m [2mpostgres::connection[0m[2m:[0m NOTICE: relation "npc_npc_summaries" already exists, skipping
[2m2026-03-25T14:15:49.510447Z[0m [32m INFO[0m [2mpostgres::connection[0m[2m:[0m NOTICE: relation "npc_threads" already exists, skipping
[2m2026-03-25T14:15:49.510496Z[0m [32m INFO[0m [2mpostgres::connection[0m[2m:[0m NOTICE: relation "npc_dyads" already exists, skipping
[2m2026-03-25T14:15:49.510555Z[0m [32m INFO[0m [2mpostgres::connection[0m[2m:[0m NOTICE: relation "npc_rumors" already exists, skipping
[2m2026-03-25T14:15:49.510625Z[0m [32m INFO[0m [2mpostgres::connection[0m[2m:[0m NOTICE: relation "rooms" already exists, skipping
[2m2026-03-25T14:15:49.510688Z[0m [32m INFO[0m [2mpostgres::connection[0m[2m:[0m NOTICE: relation "exits" already exists, skipping
[2m2026-03-25T14:15:49.510746Z[0m [32m INFO[0m [2mpostgres::connection[0m[2m:[0m NOTICE: relation "world_lexicon" already exists, skipping
[2m2026-03-25T14:15:49.510755Z[0m [32m INFO[0m [2msingularity_world::store[0m[2m:[0m [store] Initialized PostgreSQL Pool at postgres://postgres:singularity@localhost:5432/singularity
[2m2026-03-25T14:15:49.511304Z[0m [32m INFO[0m [2msingularity_world::store[0m[2m:[0m [store] loaded: 638 rooms, 12 entity_room, 1 venues, 4 assignments, 3 schedules, 12 entities, 10 items
[2m2026-03-25T14:15:49.511343Z[0m [32m INFO[0m [2msingularity_world::store[0m[2m:[0m [store] Syncing all rooms (638) to PostgreSQL...
[2m2026-03-25T14:15:50.720277Z[0m [32m INFO[0m [2msingularity_world::store[0m[2m:[0m [store] PostgreSQL room sync completed.
[2m2026-03-25T14:15:50.720478Z[0m [32m INFO[0m [2mnpc_behavior[0m[2m:[0m loaded 18 roles from /home/tanger/Projects/singularity_world/data/npc_behaviors.json
[2m2026-03-25T14:15:50.721259Z[0m [32m INFO[0m [2mpathfind[0m[2m:[0m graph synced from store: 638 rooms, 1275 directed edges
[2m2026-03-25T14:15:50.721447Z[0m [32m INFO[0m [2msingularity_world::server::run[0m[2m:[0m Rust server listening on http://0.0.0.0:1721 (WebSocket /ws)
[2m2026-03-25T14:15:50.759090Z[0m [32m INFO[0m [2msingularity_world::server::simulation_loop[0m[2m:[0m 注入事件種子: 五樓那戶陽台的根鬚盤得更緊了，看著倒是挺穩的
[2m2026-03-25T14:16:38.985788Z[0m [32m INFO[0m [2mpostgres::connection[0m[2m:[0m NOTICE: extension "vector" already exists, skipping
[2m2026-03-25T14:16:38.985946Z[0m [32m INFO[0m [2mpostgres::connection[0m[2m:[0m NOTICE: relation "auth" already exists, skipping
[2m2026-03-25T14:16:38.986010Z[0m [32m INFO[0m [2mpostgres::connection[0m[2m:[0m NOTICE: relation "event_log" already exists, skipping
[2m2026-03-25T14:16:38.986218Z[0m [32m INFO[0m [2mpostgres::connection[0m[2m:[0m NOTICE: relation "idx_event_log_entity_id" already exists, skipping
[2m2026-03-25T14:16:38.986284Z[0m [32m INFO[0m [2mpostgres::connection[0m[2m:[0m NOTICE: relation "archival" already exists, skipping
[2m2026-03-25T14:16:38.986352Z[0m [32m INFO[0m [2mpostgres::connection[0m[2m:[0m NOTICE: relation "idx_archival_entity_id" already exists, skipping
[2m2026-03-25T14:16:38.986406Z[0m [32m INFO[0m [2mpostgres::connection[0m[2m:[0m NOTICE: relation "npc_memories" already exists, skipping
[2m2026-03-25T14:16:38.986451Z[0m [32m INFO[0m [2mpostgres::connection[0m[2m:[0m NOTICE: relation "npc_summaries" already exists, skipping
[2m2026-03-25T14:16:38.986501Z[0m [32m INFO[0m [2mpostgres::connection[0m[2m:[0m NOTICE: relation "npc_npc_summaries" already exists, skipping
[2m2026-03-25T14:16:38.986549Z[0m [32m INFO[0m [2mpostgres::connection[0m[2m:[0m NOTICE: relation "npc_threads" already exists, skipping
[2m2026-03-25T14:16:38.986604Z[0m [32m INFO[0m [2mpostgres::connection[0m[2m:[0m NOTICE: relation "npc_dyads" already exists, skipping
[2m2026-03-25T14:16:38.986672Z[0m [32m INFO[0m [2mpostgres::connection[0m[2m:[0m NOTICE: relation "npc_rumors" already exists, skipping
[2m2026-03-25T14:16:38.986723Z[0m [32m INFO[0m [2mpostgres::connection[0m[2m:[0m NOTICE: relation "rooms" already exists, skipping
[2m2026-03-25T14:16:38.986771Z[0m [32m INFO[0m [2mpostgres::connection[0m[2m:[0m NOTICE: relation "exits" already exists, skipping
[2m2026-03-25T14:16:38.986826Z[0m [32m INFO[0m [2mpostgres::connection[0m[2m:[0m NOTICE: relation "world_lexicon" already exists, skipping
[2m2026-03-25T14:16:38.986833Z[0m [32m INFO[0m [2msingularity_world::store[0m[2m:[0m [store] Initialized PostgreSQL Pool at postgres://postgres:singularity@localhost:5432/singularity
[2m2026-03-25T14:16:38.987352Z[0m [32m INFO[0m [2msingularity_world::store[0m[2m:[0m [store] loaded: 638 rooms, 12 entity_room, 1 venues, 4 assignments, 3 schedules, 12 entities, 10 items
[2m2026-03-25T14:16:38.987384Z[0m [32m INFO[0m [2msingularity_world::store[0m[2m:[0m [store] Syncing all rooms (638) to PostgreSQL...
[2m2026-03-25T14:16:40.181938Z[0m [32m INFO[0m [2msingularity_world::store[0m[2m:[0m [store] PostgreSQL room sync completed.
[2m2026-03-25T14:16:40.182091Z[0m [32m INFO[0m [2mnpc_behavior[0m[2m:[0m loaded 18 roles from /home/tanger/Projects/singularity_world/data/npc_behaviors.json
[2m2026-03-25T14:16:40.182565Z[0m [32m INFO[0m [2mpathfind[0m[2m:[0m graph synced from store: 638 rooms, 1275 directed edges
[2m2026-03-25T14:16:40.182688Z[0m [32m INFO[0m [2msingularity_world::server::run[0m[2m:[0m Rust server listening on http://0.0.0.0:1721 (WebSocket /ws)
[2m2026-03-25T14:16:40.207055Z[0m [32m INFO[0m [2msingularity_world::server::simulation_loop[0m[2m:[0m 注入事件種子: 三樓醫療區最近比較忙，好像是採集隊回城的季節
[2m2026-03-25T14:16:41.061301Z[0m [32m INFO[0m [2msingularity_world::npcnpc::trigger[0m[2m:[0m [Dialogue Debug] 浮生城10F vs 換班、交接時的情境，簡短交代或叮囑: 
  -> 葉俊: 好，那我先走。
  -> 鄭秀強: 好，那我先走。
[2m2026-03-25T14:18:06.896178Z[0m [32m INFO[0m [2msingularity_world::npcnpc::trigger[0m[2m:[0m [Dialogue Debug] 浮生城10F vs 換班、交接時的情境，簡短交代或叮囑: 
  -> 葉俊: 今天帳我對過了，有問題再叫我。
  -> 鄭秀強: 好，那我先走。
[2m2026-03-25T14:18:36.504032Z[0m [32m INFO[0m [2mpostgres::connection[0m[2m:[0m NOTICE: extension "vector" already exists, skipping
[2m2026-03-25T14:18:36.504225Z[0m [32m INFO[0m [2mpostgres::connection[0m[2m:[0m NOTICE: relation "auth" already exists, skipping
[2m2026-03-25T14:18:36.504288Z[0m [32m INFO[0m [2mpostgres::connection[0m[2m:[0m NOTICE: relation "event_log" already exists, skipping
[2m2026-03-25T14:18:36.504542Z[0m [32m INFO[0m [2mpostgres::connection[0m[2m:[0m NOTICE: relation "idx_event_log_entity_id" already exists, skipping
[2m2026-03-25T14:18:36.504625Z[0m [32m INFO[0m [2mpostgres::connection[0m[2m:[0m NOTICE: relation "archival" already exists, skipping
[2m2026-03-25T14:18:36.504711Z[0m [32m INFO[0m [2mpostgres::connection[0m[2m:[0m NOTICE: relation "idx_archival_entity_id" already exists, skipping
[2m2026-03-25T14:18:36.504800Z[0m [32m INFO[0m [2mpostgres::connection[0m[2m:[0m NOTICE: relation "npc_memories" already exists, skipping
[2m2026-03-25T14:18:36.504860Z[0m [32m INFO[0m [2mpostgres::connection[0m[2m:[0m NOTICE: relation "npc_summaries" already exists, skipping
[2m2026-03-25T14:18:36.504927Z[0m [32m INFO[0m [2mpostgres::connection[0m[2m:[0m NOTICE: relation "npc_npc_summaries" already exists, skipping
[2m2026-03-25T14:18:36.505001Z[0m [32m INFO[0m [2mpostgres::connection[0m[2m:[0m NOTICE: relation "npc_threads" already exists, skipping
[2m2026-03-25T14:18:36.505062Z[0m [32m INFO[0m [2mpostgres::connection[0m[2m:[0m NOTICE: relation "npc_dyads" already exists, skipping
[2m2026-03-25T14:18:36.505170Z[0m [32m INFO[0m [2mpostgres::connection[0m[2m:[0m NOTICE: relation "npc_rumors" already exists, skipping
[2m2026-03-25T14:18:36.505263Z[0m [32m INFO[0m [2mpostgres::connection[0m[2m:[0m NOTICE: relation "rooms" already exists, skipping
[2m2026-03-25T14:18:36.505350Z[0m [32m INFO[0m [2mpostgres::connection[0m[2m:[0m NOTICE: relation "exits" already exists, skipping
[2m2026-03-25T14:18:36.505443Z[0m [32m INFO[0m [2mpostgres::connection[0m[2m:[0m NOTICE: relation "world_lexicon" already exists, skipping
[2m2026-03-25T14:18:36.505457Z[0m [32m INFO[0m [2msingularity_world::store[0m[2m:[0m [store] Initialized PostgreSQL Pool at postgres://postgres:singularity@localhost:5432/singularity
[2m2026-03-25T14:18:36.506034Z[0m [32m INFO[0m [2msingularity_world::store[0m[2m:[0m [store] loaded: 638 rooms, 23 entity_room, 1 venues, 4 assignments, 3 schedules, 23 entities, 10 items
[2m2026-03-25T14:18:36.506079Z[0m [32m INFO[0m [2msingularity_world::store[0m[2m:[0m [store] Syncing all rooms (638) to PostgreSQL...
[2m2026-03-25T14:18:37.697240Z[0m [32m INFO[0m [2msingularity_world::store[0m[2m:[0m [store] PostgreSQL room sync completed.
[2m2026-03-25T14:18:37.697369Z[0m [32m INFO[0m [2mnpc_behavior[0m[2m:[0m loaded 18 roles from /home/tanger/Projects/singularity_world/data/npc_behaviors.json
[2m2026-03-25T14:18:37.697826Z[0m [32m INFO[0m [2mpathfind[0m[2m:[0m graph synced from store: 638 rooms, 1275 directed edges
[2m2026-03-25T14:18:37.697948Z[0m [32m INFO[0m [2msingularity_world::server::run[0m[2m:[0m Rust server listening on http://0.0.0.0:1721 (WebSocket /ws)
[2m2026-03-25T14:18:37.742616Z[0m [32m INFO[0m [2msingularity_world::server::simulation_loop[0m[2m:[0m 注入事件種子: 今早走廊牆縫裡的玉質脈絡又長了一截，紋路很好看
[2m2026-03-25T14:18:38.488115Z[0m [32m INFO[0m [2msingularity_world::npcnpc::trigger[0m[2m:[0m [Dialogue Debug] 浮生城10F vs 換班、交接時的情境，簡短交代或叮囑: 
  -> 葉俊: 今日帳我對過了，有問題再叫我。
  -> 鄭秀強: 好，那我先走。
[2m2026-03-25T14:20:37.287004Z[0m [32m INFO[0m [2msingularity_world::npcnpc::trigger[0m[2m:[0m [Dialogue Debug] 浮生城10F vs 換班、交接時的情境，簡短交代或叮囑: 
  -> 葉俊: 排班抵達，三樓醫療區最近比較忙，好像是採集...
  -> 龍霞華: 今日帳我對過了，有問題再叫我。
[2m2026-03-25T14:24:33.827081Z[0m [32m INFO[0m [2mpostgres::connection[0m[2m:[0m NOTICE: extension "vector" already exists, skipping
[2m2026-03-25T14:24:33.827267Z[0m [32m INFO[0m [2mpostgres::connection[0m[2m:[0m NOTICE: relation "auth" already exists, skipping
[2m2026-03-25T14:24:33.827341Z[0m [32m INFO[0m [2mpostgres::connection[0m[2m:[0m NOTICE: relation "event_log" already exists, skipping
[2m2026-03-25T14:24:33.827569Z[0m [32m INFO[0m [2mpostgres::connection[0m[2m:[0m NOTICE: relation "idx_event_log_entity_id" already exists, skipping
[2m2026-03-25T14:24:33.827676Z[0m [32m INFO[0m [2mpostgres::connection[0m[2m:[0m NOTICE: relation "archival" already exists, skipping
[2m2026-03-25T14:24:33.827776Z[0m [32m INFO[0m [2mpostgres::connection[0m[2m:[0m NOTICE: relation "idx_archival_entity_id" already exists, skipping
[2m2026-03-25T14:24:33.827863Z[0m [32m INFO[0m [2mpostgres::connection[0m[2m:[0m NOTICE: relation "npc_memories" already exists, skipping
[2m2026-03-25T14:24:33.827950Z[0m [32m INFO[0m [2mpostgres::connection[0m[2m:[0m NOTICE: relation "npc_summaries" already exists, skipping
[2m2026-03-25T14:24:33.828010Z[0m [32m INFO[0m [2mpostgres::connection[0m[2m:[0m NOTICE: relation "npc_npc_summaries" already exists, skipping
[2m2026-03-25T14:24:33.828064Z[0m [32m INFO[0m [2mpostgres::connection[0m[2m:[0m NOTICE: relation "npc_threads" already exists, skipping
[2m2026-03-25T14:24:33.828138Z[0m [32m INFO[0m [2mpostgres::connection[0m[2m:[0m NOTICE: relation "npc_dyads" already exists, skipping
[2m2026-03-25T14:24:33.828199Z[0m [32m INFO[0m [2mpostgres::connection[0m[2m:[0m NOTICE: relation "npc_rumors" already exists, skipping
[2m2026-03-25T14:24:33.828252Z[0m [32m INFO[0m [2mpostgres::connection[0m[2m:[0m NOTICE: relation "rooms" already exists, skipping
[2m2026-03-25T14:24:33.828298Z[0m [32m INFO[0m [2mpostgres::connection[0m[2m:[0m NOTICE: relation "exits" already exists, skipping
[2m2026-03-25T14:24:33.828353Z[0m [32m INFO[0m [2mpostgres::connection[0m[2m:[0m NOTICE: relation "world_lexicon" already exists, skipping
[2m2026-03-25T14:24:33.828361Z[0m [32m INFO[0m [2msingularity_world::store[0m[2m:[0m [store] Initialized PostgreSQL Pool at postgres://postgres:singularity@localhost:5432/singularity
[2m2026-03-25T14:24:33.829087Z[0m [32m INFO[0m [2msingularity_world::store[0m[2m:[0m [store] loaded: 638 rooms, 57 entity_room, 1 venues, 4 assignments, 3 schedules, 57 entities, 10 items
[2m2026-03-25T14:24:33.829134Z[0m [32m INFO[0m [2msingularity_world::store[0m[2m:[0m [store] Syncing all rooms (638) to PostgreSQL...
[2m2026-03-25T14:24:35.010820Z[0m [32m INFO[0m [2msingularity_world::store[0m[2m:[0m [store] PostgreSQL room sync completed.
[2m2026-03-25T14:24:35.010981Z[0m [32m INFO[0m [2mnpc_behavior[0m[2m:[0m loaded 18 roles from /home/tanger/Projects/singularity_world/data/npc_behaviors.json
[2m2026-03-25T14:24:35.011648Z[0m [32m INFO[0m [2mpathfind[0m[2m:[0m graph synced from store: 638 rooms, 1275 directed edges
[2m2026-03-25T14:24:35.011831Z[0m [32m INFO[0m [2msingularity_world::server::run[0m[2m:[0m Rust server listening on http://0.0.0.0:1721 (WebSocket /ws)
[2m2026-03-25T14:24:35.091798Z[0m [32m INFO[0m [2msingularity_world::server::simulation_loop[0m[2m:[0m 注入事件種子: 今早走廊牆縫裡的玉質脈絡又長了一截，紋路很好看
[2m2026-03-25T14:24:36.237387Z[0m [32m INFO[0m [2msingularity_world::npcnpc::trigger[0m[2m:[0m [Dialogue Debug] 浮生城10F vs 換班、交接時的情境，簡短交代或叮囑: 
  -> 鄭秀強: 先走了，今晚我來。
  -> 葉俊: 嗯，好。
[2m2026-03-25T14:25:27.626135Z[0m [32m INFO[0m [2mpostgres::connection[0m[2m:[0m NOTICE: extension "vector" already exists, skipping
[2m2026-03-25T14:25:27.626297Z[0m [32m INFO[0m [2mpostgres::connection[0m[2m:[0m NOTICE: relation "auth" already exists, skipping
[2m2026-03-25T14:25:27.626371Z[0m [32m INFO[0m [2mpostgres::connection[0m[2m:[0m NOTICE: relation "event_log" already exists, skipping
[2m2026-03-25T14:25:27.626548Z[0m [32m INFO[0m [2mpostgres::connection[0m[2m:[0m NOTICE: relation "idx_event_log_entity_id" already exists, skipping
[2m2026-03-25T14:25:27.626605Z[0m [32m INFO[0m [2mpostgres::connection[0m[2m:[0m NOTICE: relation "archival" already exists, skipping
[2m2026-03-25T14:25:27.626667Z[0m [32m INFO[0m [2mpostgres::connection[0m[2m:[0m NOTICE: relation "idx_archival_entity_id" already exists, skipping
[2m2026-03-25T14:25:27.626737Z[0m [32m INFO[0m [2mpostgres::connection[0m[2m:[0m NOTICE: relation "npc_memories" already exists, skipping
[2m2026-03-25T14:25:27.626792Z[0m [32m INFO[0m [2mpostgres::connection[0m[2m:[0m NOTICE: relation "npc_summaries" already exists, skipping
[2m2026-03-25T14:25:27.626834Z[0m [32m INFO[0m [2mpostgres::connection[0m[2m:[0m NOTICE: relation "npc_npc_summaries" already exists, skipping
[2m2026-03-25T14:25:27.626883Z[0m [32m INFO[0m [2mpostgres::connection[0m[2m:[0m NOTICE: relation "npc_threads" already exists, skipping
[2m2026-03-25T14:25:27.626946Z[0m [32m INFO[0m [2mpostgres::connection[0m[2m:[0m NOTICE: relation "npc_dyads" already exists, skipping
[2m2026-03-25T14:25:27.627001Z[0m [32m INFO[0m [2mpostgres::connection[0m[2m:[0m NOTICE: relation "npc_rumors" already exists, skipping
[2m2026-03-25T14:25:27.627067Z[0m [32m INFO[0m [2mpostgres::connection[0m[2m:[0m NOTICE: relation "rooms" already exists, skipping
[2m2026-03-25T14:25:27.627127Z[0m [32m INFO[0m [2mpostgres::connection[0m[2m:[0m NOTICE: relation "exits" already exists, skipping
[2m2026-03-25T14:25:27.627183Z[0m [32m INFO[0m [2mpostgres::connection[0m[2m:[0m NOTICE: relation "world_lexicon" already exists, skipping
[2m2026-03-25T14:25:27.627193Z[0m [32m INFO[0m [2msingularity_world::store[0m[2m:[0m [store] Initialized PostgreSQL Pool at postgres://postgres:singularity@localhost:5432/singularity
[2m2026-03-25T14:25:27.627871Z[0m [32m INFO[0m [2msingularity_world::store[0m[2m:[0m [store] loaded: 638 rooms, 62 entity_room, 1 venues, 4 assignments, 3 schedules, 62 entities, 10 items
[2m2026-03-25T14:25:27.627919Z[0m [32m INFO[0m [2msingularity_world::store[0m[2m:[0m [store] Syncing all rooms (638) to PostgreSQL...
[2m2026-03-25T14:25:28.821725Z[0m [32m INFO[0m [2msingularity_world::store[0m[2m:[0m [store] PostgreSQL room sync completed.
[2m2026-03-25T14:25:28.821896Z[0m [32m INFO[0m [2mnpc_behavior[0m[2m:[0m loaded 18 roles from /home/tanger/Projects/singularity_world/data/npc_behaviors.json
[2m2026-03-25T14:25:28.822448Z[0m [32m INFO[0m [2mpathfind[0m[2m:[0m graph synced from store: 638 rooms, 1275 directed edges
[2m2026-03-25T14:25:28.822579Z[0m [32m INFO[0m [2msingularity_world::server::run[0m[2m:[0m Rust server listening on http://0.0.0.0:1721 (WebSocket /ws)
[2m2026-03-25T14:25:28.902572Z[0m [32m INFO[0m [2msingularity_world::server::simulation_loop[0m[2m:[0m 注入事件種子: 有人說聽見了低樓層的結構在微微嗡鳴，像建築在呼吸
[2m2026-03-25T14:25:30.245378Z[0m [32m INFO[0m [2msingularity_world::npcnpc::trigger[0m[2m:[0m [Dialogue Debug] 浮生城10F vs 換班、交接時的情境，簡短交代或叮囑: 
  -> 葉俊: 我已經過了今晚，今晚我會繼續去工作，先不回家休息。
  -> 鄭秀強: 行，那我也沒空回去，先回樓下休息吧，別太累著。
[2m2026-03-25T14:25:37.480686Z[0m [32m INFO[0m [2msingularity_world::npcnpc::trigger[0m[2m:[0m [Dialogue Debug] 浮生城10F vs 換班、交接時的情境，簡短交代或叮囑: 
  -> 葉俊: 我已經過了今晚，今晚我會繼續去工作，先不回家休息。
  -> 鄭秀強: 行，那我也沒空回去，先回樓下休息吧，別太累著。
[2m2026-03-25T14:28:07.431654Z[0m [32m INFO[0m [2msingularity_world::npcnpc::trigger[0m[2m:[0m [Dialogue Debug] 浮生城10F vs 換班、交接時的情境，簡短交代或叮囑: 
  -> 司馬梅秀: 今天帳我對過了，有問題再叫我。」
  -> 程英: 沒事，剛換班。
[2m2026-03-25T14:30:37.771171Z[0m [32m INFO[0m [2msingularity_world::npcnpc::trigger[0m[2m:[0m [Dialogue Debug] 浮生城10F vs 換班、交接時的情境，簡短交代或叮囑: 
  -> 葉俊: 三樓醫療區最近比較忙，好像是採集……
  -> 龍霞華: 今日帳我對過了，有問題再叫我。
[2m2026-03-25T14:31:09.777693Z[0m [32m INFO[0m [2mpathfind[0m[2m:[0m graph synced from store: 638 rooms, 1275 directed edges
[2m2026-03-25T14:32:03.941629Z[0m [32m INFO[0m [2mpathfind[0m[2m:[0m graph synced from store: 638 rooms, 1275 directed edges
[2m2026-03-25T14:32:54.004007Z[0m [32m INFO[0m [2mpathfind[0m[2m:[0m graph synced from store: 638 rooms, 1275 directed edges
[2m2026-03-25T14:33:26.678721Z[0m [32m INFO[0m [2mpathfind[0m[2m:[0m graph synced from store: 638 rooms, 1275 directed edges
[2m2026-03-25T14:33:44.324887Z[0m [32m INFO[0m [2mpathfind[0m[2m:[0m graph synced from store: 638 rooms, 1275 directed edges
[2m2026-03-25T14:34:09.547524Z[0m [32m INFO[0m [2mpathfind[0m[2m:[0m graph synced from store: 638 rooms, 1275 directed edges
[2m2026-03-25T14:34:20.374173Z[0m [32m INFO[0m [2mpathfind[0m[2m:[0m graph synced from store: 638 rooms, 1275 directed edges
[2m2026-03-25T14:35:29.392877Z[0m [32m INFO[0m [2msingularity_world::server::simulation_loop[0m[2m:[0m 注入事件種子: 十六樓商區的地面接縫處冒出了細細的礦脈紋路
[2m2026-03-25T14:35:32.767246Z[0m [32m INFO[0m [2mpathfind[0m[2m:[0m graph synced from store: 638 rooms, 1275 directed edges
[2m2026-03-25T14:35:37.758451Z[0m [32m INFO[0m [2msingularity_world::npcnpc::trigger[0m[2m:[0m [Dialogue Debug]  vs 換班、交接時的情境，簡短交代或叮囑: 
  -> 萬俟秀偉: 最近城裡新面孔多，你也該留意一下了，換班的事務可先顧上。
  -> 夏強: 嗯嗯，我也得注意，換班的事務可先顧上。
[2m2026-03-25T14:36:08.230844Z[0m [32m INFO[0m [2mpathfind[0m[2m:[0m graph synced from store: 638 rooms, 1275 directed edges
[2m2026-03-25T14:36:10.420490Z[0m [32m INFO[0m [2mpathfind[0m[2m:[0m graph synced from store: 638 rooms, 1275 directed edges
[2m2026-03-25T14:38:07.988879Z[0m [32m INFO[0m [2msingularity_world::npcnpc::trigger[0m[2m:[0m [Dialogue Debug]  vs 換班、交接時的情境，簡短交代或叮囑: 
  -> 鄭秀強: 今晚沒空回去，先回樓下休息吧，別太累著。
  -> 葉俊: 行，那我也沒空回去，先回樓下休息吧，別太累著。
[2m2026-03-25T14:40:38.436434Z[0m [32m INFO[0m [2msingularity_world::npcnpc::trigger[0m[2m:[0m [Dialogue Debug]  vs 換班、交接時的情境，簡短交代或叮囑: 
  -> 戴寧偉: 我這幾天在城裡忙著收拾行裝，怕事嘛，但也得確保大家平安。萬俟秀偉，今晚要是遇著什麼危險，你還是先告訴我。
  -> 萬俟秀偉: 嗯，那行。不過我剛才聽了龍霞華的排班訊息，今晚我還是先去邊區看看，免得哪個人出事。
[2m2026-03-25T14:43:09.060172Z[0m [32m INFO[0m [2msingularity_world::npcnpc::trigger[0m[2m:[0m [Dialogue Debug]  vs 換班、交接時的情境，簡短交代或叮囑: 
  -> 戴寧偉: 你盯一下，龍霞華排班到了，今晚得小心點。
  -> 魏杰強: 知道了，戴哥，跟緊！
[2m2026-03-25T14:45:29.917913Z[0m [32m INFO[0m [2msingularity_world::server::simulation_loop[0m[2m:[0m 注入事件種子: 聽回來的人講，城外的肉質籐蔓又往路邊多蔓了一些
[2m2026-03-25T14:45:41.760904Z[0m [32m INFO[0m [2msingularity_world::npcnpc::trigger[0m[2m:[0m [Dialogue Debug]  vs 換班、交接時的情境，簡短交代或叮囑: 
  -> 戴寧偉: 我剛把昨天的報表填妥，看來今天的任務比昨天更難了，你最近是不是又添了新事？
  -> 姚慧淑: 我聽你講，那晚班辛苦，我也剛回來。
[2m2026-03-25T14:48:08.955553Z[0m [32m INFO[0m [2msingularity_world::npcnpc::trigger[0m[2m:[0m [Dialogue Debug]  vs 換班、交接時的情境，簡短交代或叮囑: 
  -> 戴寧偉: 我剛看完龍霞華排班，她說今天城鎮生意正興，但外面那條巷子又有人來取東西，真讓人有點摸不透。
  -> 杜強: 那就好，我剛準備好收拾東西，今天的事就交給你了。
[2m2026-03-25T14:50:38.982446Z[0m [32m INFO[0m [2msingularity_world::npcnpc::trigger[0m[2m:[0m [Dialogue Debug]  vs 換班、交接時的情境，簡短交代或叮囑: 
  -> 戴寧偉: 今晚天黑前我已經準備好，但路上還得小心點，別走太晚。
  -> 獨孤寧: （點頭）好的，我順道去拿一下那瓶補液。
[2m2026-03-25T14:53:10.621221Z[0m [32m INFO[0m [2msingularity_world::npcnpc::trigger[0m[2m:[0m [Dialogue Debug]  vs 換班、交接時的情境，簡短交代或叮囑: 
  -> 鄭秀強: 你剛才說的那句話，真是讓我驚得下巴都要掉了，你這膽子也太大了，我剛才還怕你走投無路呢。
  -> 葉俊: 怕啥？我只是怕今晚的帳還沒算好，要是這樣拖到第二天再說，我肯定又要去忙了。
[2m2026-03-25T14:55:30.450171Z[0m [32m INFO[0m [2msingularity_world::server::simulation_loop[0m[2m:[0m 注入事件種子: 採集隊說城外淺層礦脈的礦石開始出現新的玉化紋理
[2m2026-03-25T14:55:39.679750Z[0m [32m INFO[0m [2msingularity_world::npcnpc::trigger[0m[2m:[0m [Dialogue Debug]  vs 換班、交接時的情境，簡短交代或叮囑: 
  -> 鄧雅蘭: 你剛從龍霞華的排班抵達，那深層礦脈的氣息似乎就這麼濃縮在空氣里，讓人心頭咯噔一下。
  -> 魏杰強: 先回吧，晚班辛苦，你最近還在那裡處理什麼呢？
[2m2026-03-25T15:00:40.075490Z[0m [32m INFO[0m [2msingularity_world::npcnpc::trigger[0m[2m:[0m [Dialogue Debug]  vs 換班、交接時的情境，簡短交代或叮囑: 
  -> 鄧雅蘭: 今日早飯剛好，你從哪來？
  -> 曾偉: 我來得早，但先問問你，昨晚吃過啥？
[2m2026-03-25T15:03:08.323817Z[0m [32m INFO[0m [2msingularity_world::npcnpc::trigger[0m[2m:[0m [Dialogue Debug] 浮生城10F vs 換班、交接時的情境，簡短交代或叮囑: 
  -> 龍霞華: {"a":"「今日帳我對過了，有問題再叫我。」馮志淑。
  -> 馮志淑: 「今日帳我對過了，有問題再叫我。」龍霞華。"}
[2m2026-03-25T15:05:30.470184Z[0m [32m INFO[0m [2msingularity_world::server::simulation_loop[0m[2m:[0m 注入事件種子: 有採集隊從城外回來說，霜林靠近城側的那片最近長得特別快
[2m2026-03-25T15:08:08.367056Z[0m [32m INFO[0m [2msingularity_world::npcnpc::trigger[0m[2m:[0m [Dialogue Debug]  vs 換班、交接時的情境，簡短交代或叮囑: 
  -> 鄭秀強: 今天剛開始的帳還沒算好，你這樣大膽幹事，讓我下巴都掉了，怕你今晚帳還拖到第二天？
  -> 葉俊: 怕啥？我只是怕今晚的帳還沒算好，要是這樣拖到第二天
[2m2026-03-25T15:10:38.485356Z[0m [32m INFO[0m [2msingularity_world::npcnpc::trigger[0m[2m:[0m [Dialogue Debug] 浮生城10F vs 換班、交接時的情境，簡短交代或叮囑: 
  -> 唐玲: 今日帳我對過了，有問題再叫我。
  -> 羅洋: 嗯，你快去吧，我順路來接你。
[2m2026-03-25T15:15:30.993035Z[0m [32m INFO[0m [2msingularity_world::server::simulation_loop[0m[2m:[0m 注入事件種子: 樓梯間的菌絲光昨晚特別亮，是琥珀色的
[2m2026-03-25T15:25:30.955224Z[0m [32m INFO[0m [2msingularity_world::server::simulation_loop[0m[2m:[0m 注入事件種子: 最近幾天金屬器具的表面都浮了一層淡淡的礦脈紋路
[2m2026-03-25T15:35:30.929103Z[0m [32m INFO[0m [2msingularity_world::server::simulation_loop[0m[2m:[0m 注入事件種子: 有人在樓下收購琉璃化的礦石碎片，出手很闊綽
[2m2026-03-25T15:35:42.276274Z[0m [32m INFO[0m [2msingularity_world::npcnpc::trigger[0m[2m:[0m [Dialogue Debug]  vs 換班、交接時的情境，簡短交代或叮囑: 
  -> 鄧雅蘭: {"a":"你盯一下，今晚的排班變動得仔細看清楚，莫要讓新的面孔混入。」
  -> 陸淑華: "b":"好的，我會仔細看。」}
[2m2026-03-25T15:40:42.536980Z[0m [32m INFO[0m [2msingularity_world::npcnpc::trigger[0m[2m:[0m [Dialogue Debug]  vs 換班、交接時的情境，簡短交代或叮囑: 
  -> 鄭秀強: {"a":"「今晚的帳還得算好，別拖到明天，要是再這樣，第二天就得再算帳。」"}
  -> 葉俊: {"b":"「怕啥？只是怕帳還沒算好，若再拖到明天，那明天的帳又該算哪了。」"}
[2m2026-03-25T15:43:12.819081Z[0m [32m INFO[0m [2msingularity_world::npcnpc::trigger[0m[2m:[0m [Dialogue Debug]  vs 換班、交接時的情境，簡短交代或叮囑: 
  -> 鄭秀強: 你剛才說的那句話，真是讓我驚得下巴都要掉了，你這膽
  -> 葉俊: 怕啥？我只是怕今晚的帳還沒算好，要是這樣拖到第二天
[2m2026-03-25T15:45:31.405446Z[0m [32m INFO[0m [2msingularity_world::server::simulation_loop[0m[2m:[0m 注入事件種子: 今天的游離輻射塵好像比平常多一些，空氣裡有淡淡的粉光
[2m2026-03-25T15:45:41.232534Z[0m [32m INFO[0m [2msingularity_world::npcnpc::trigger[0m[2m:[0m [Dialogue Debug]  vs 換班、交接時的情境，簡短交代或叮囑: 
  -> 鄧雅蘭: 今天早飯剛好，你從哪來？
  -> 曾偉: 我來得早，但先問問你，昨晚吃過啥？
[2m2026-03-25T15:48:11.254401Z[0m [32m INFO[0m [2msingularity_world::npcnpc::trigger[0m[2m:[0m [Dialogue Debug]  vs 換班、交接時的情境，簡短交代或叮囑: 
  -> 鄧雅蘭: 你盯一下，今晚的排班變動得仔細看清楚，
  -> 陸淑華: 好的，我會仔細看。
[2m2026-03-25T15:50:37.680975Z[0m [32m INFO[0m [2msingularity_world::npcnpc::trigger[0m[2m:[0m [Dialogue Debug]  vs 換班、交接時的情境，簡短交代或叮囑: 
  -> 鄭秀強: 我剛才說的那句話，真是讓我驚得下巴都要掉了，你這膽
  -> 葉俊: 怕啥？我只是怕今晚的帳還沒算好，要是這樣拖到第二天
[2m2026-03-25T15:55:31.374958Z[0m [32m INFO[0m [2msingularity_world::server::simulation_loop[0m[2m:[0m 注入事件種子: 遠處的地脈微光今晚比平常亮一些，淡綠色的
[2m2026-03-25T15:55:40.980791Z[0m [32m INFO[0m [2msingularity_world::npcnpc::trigger[0m[2m:[0m [Dialogue Debug]  vs 換班、交接時的情境，簡短交代或叮囑: 
  -> 鄧雅蘭: 你來這裡，是想說些什麼嗎？
  -> 長孫慧: 嗯，剛才那陣子輻射塵多，我還聽鄭秀強說，最近鎮上又有新面孔進城。
[2m2026-03-25T15:56:51.356147Z[0m [32m INFO[0m [2mpathfind[0m[2m:[0m graph synced from store: 638 rooms, 1275 directed edges
[2m2026-03-25T15:57:01.483829Z[0m [32m INFO[0m [2mpathfind[0m[2m:[0m graph synced from store: 638 rooms, 1275 directed edges
[2m2026-03-25T15:57:18.848138Z[0m [32m INFO[0m [2mpathfind[0m[2m:[0m graph synced from store: 638 rooms, 1275 directed edges
[2m2026-03-25T15:57:28.663219Z[0m [32m INFO[0m [2mpathfind[0m[2m:[0m graph synced from store: 638 rooms, 1275 directed edges
[2m2026-03-25T15:57:37.790868Z[0m [32m INFO[0m [2mpathfind[0m[2m:[0m graph synced from store: 638 rooms, 1275 directed edges
[2m2026-03-25T15:57:54.426053Z[0m [32m INFO[0m [2mpathfind[0m[2m:[0m graph synced from store: 638 rooms, 1275 directed edges
[2m2026-03-25T15:58:05.807837Z[0m [32m INFO[0m [2mpathfind[0m[2m:[0m graph synced from store: 638 rooms, 1275 directed edges
[2m2026-03-25T15:58:17.008176Z[0m [32m INFO[0m [2mpathfind[0m[2m:[0m graph synced from store: 638 rooms, 1275 directed edges
[2m2026-03-25T15:58:30.815298Z[0m [32m INFO[0m [2mpathfind[0m[2m:[0m graph synced from store: 638 rooms, 1275 directed edges
[2m2026-03-25T15:58:44.134384Z[0m [32m INFO[0m [2mpathfind[0m[2m:[0m graph synced from store: 638 rooms, 1275 directed edges
[2m2026-03-25T15:59:01.697288Z[0m [32m INFO[0m [2mpathfind[0m[2m:[0m graph synced from store: 638 rooms, 1275 directed edges
[2m2026-03-25T15:59:12.084408Z[0m [32m INFO[0m [2mpathfind[0m[2m:[0m graph synced from store: 638 rooms, 1275 directed edges
[2m2026-03-25T16:00:41.113390Z[0m [32m INFO[0m [2msingularity_world::npcnpc::trigger[0m[2m:[0m [Dialogue Debug]  vs 換班、交接時的情境，簡短交代或叮囑: 
  -> 鄧雅蘭: 昨夜龍霞華排班剛到，你對過帳，今日帳我對過了，有問題再叫我。
  -> 莫紅: 最近地脈微光亮些，聽說又有新面孔進了這座城，你對過帳，今日帳我對過了，有問題再叫我。
[2m2026-03-25T16:04:15.375466Z[0m [32m INFO[0m [2mpathfind[0m[2m:[0m graph synced from store: 638 rooms, 1275 directed edges
[2m2026-03-25T16:05:31.843276Z[0m [32m INFO[0m [2msingularity_world::server::simulation_loop[0m[2m:[0m 注入事件種子: 凌晨在窗邊能看到遠處地脈的微光隱約在脈動，像心跳一樣
[2m2026-03-25T16:05:37.380437Z[0m [32m INFO[0m [2msingularity_world::npcnpc::trigger[0m[2m:[0m [Dialogue Debug]  vs 換班、交接時的情境，簡短交代或叮囑: 
  -> 鄭秀強: 你剛才說的那句話，真是讓我驚得下巴都要掉了，你這膽
  -> 葉俊: 怕啥？我只是怕今晚的帳還沒算好，要是這樣拖到第二天
[2m2026-03-25T16:05:44.937836Z[0m [32m INFO[0m [2msingularity_world::store[0m[2m:[0m [store] Syncing all rooms (638) to PostgreSQL...
[2m2026-03-25T16:05:46.120208Z[0m [32m INFO[0m [2msingularity_world::store[0m[2m:[0m [store] PostgreSQL room sync completed.
[2m2026-03-25T16:05:46.120965Z[0m [32m INFO[0m [2mpathfind[0m[2m:[0m graph synced from store: 638 rooms, 1275 directed edges
[2m2026-03-25T16:10:37.301191Z[0m [32m INFO[0m [2msingularity_world::npcnpc::trigger[0m[2m:[0m [Dialogue Debug]  vs 換班、交接時的情境，簡短交代或叮囑: 
  -> 龍霞華: 今日帳我對過了，有問題再叫我。
  -> 葉俊: 好，那我先走了。
[2m2026-03-25T16:14:54.679734Z[0m [32m INFO[0m [2msingularity_world::npcnpc::trigger[0m[2m:[0m [Dialogue Debug] 浮生城門外 vs 天候與環境：低飽和微光、輻射雨、靜謐豐饒下的不適天氣（沃土風，非核冬天）: 
  -> 夏慧雅: 你剛才看遠處的街燈還亮著嗎？
  -> 南宮超國: 嗯...那地方燈光很暗，像是被雲遮住了
[2m2026-03-25T16:15:25.717862Z[0m [32m INFO[0m [2msingularity_world::npcnpc::trigger[0m[2m:[0m [Dialogue Debug] 浮生城門外 vs 天候與環境：低飽和微光、輻射雨、靜謐豐饒下的不適天氣（沃土風，非核冬天）: 
  -> 夏慧雅: 那地方燈光很暗，像是被雲遮住了
  -> 南宮超國: 嗯...
[2m2026-03-25T16:15:32.390402Z[0m [32m INFO[0m [2msingularity_world::server::simulation_loop[0m[2m:[0m 注入事件種子: 十六樓的某面牆突然長出了一小片琉璃化的結晶，很漂亮
[2m2026-03-25T16:19:05.208256Z[0m [32m INFO[0m [2msingularity_world::npcnpc::trigger[0m[2m:[0m [Dialogue Debug] 浮生城門外 vs 打聽消息、問路、問人: 
  -> 羅洋: {"a":"「你剛才怎麼走這麼慢？路邊的人好像也來搭過話了。」"}
  -> 馬秀霞: {"b":"「是啊，剛從隔壁那間店出來。」"}
[2m2026-03-25T16:21:48.955364Z[0m [32m INFO[0m [2msingularity_world::npcnpc::trigger[0m[2m:[0m [Dialogue Debug] 浮生城門外 vs 鎮上傳聞城外惡地、霜林、游離輻射或富態化巨獸（非荒蕪末世，而是生機過剩的危險）: 
  -> 羅洋: 剛到這裡，天色還亮，你怎麼還沒出來？
  -> 蔣杰娜: 剛到這裡，天色還亮，你怎麼還沒出來？
[2m2026-03-25T16:21:56.386379Z[0m [32m INFO[0m [2msingularity_world::npcnpc::trigger[0m[2m:[0m [Dialogue Debug] 浮生城門外 vs 打聽消息、問路、問人: 
  -> 羅洋: 剛到這裡，天色還亮，你怎麼還沒出來？
  -> 蔣杰娜: 剛到這裡，天色還亮，你怎麼還沒出來？
[2m2026-03-25T16:22:14.714828Z[0m [32m INFO[0m [2msingularity_world::npcnpc::trigger[0m[2m:[0m [Dialogue Debug] 浮生城門外 vs 鎮上傳聞城外惡地、霜林、游離輻射或富態化巨獸（非荒蕪末世，而是生機過剩的危險）: 
  -> 羅洋: 剛到這裡，天色還亮，你怎麼還沒出來？
  -> 蔣杰娜: 剛到這裡，天色還亮，你怎麼還沒出來？
[2m2026-03-25T16:22:46.843402Z[0m [32m INFO[0m [2msingularity_world::npcnpc::trigger[0m[2m:[0m [Dialogue Debug] 浮生城門外 vs 天候與環境：低飽和微光、輻射雨、靜謐豐饒下的不適天氣（沃土風，非核冬天）: 
  -> 蔣杰娜: {"a":"「蔣姐，我剛才看窗外，那樹葉上的露珠在閃爍，好像要滴下來一樣，真係很清爽。」"}
  -> 馬秀霞: {"b":"「哦？這雨小得很，好像還沒下過似的，跟往常不一樣。」"}
[2m2026-03-25T16:23:07.581745Z[0m [32m INFO[0m [2msingularity_world::npcnpc::trigger[0m[2m:[0m [Dialogue Debug]  vs 換班、交接時的情境，簡短交代或叮囑: 
  -> 鄭秀強: 你剛才說的那句話，真是讓我驚得下巴都要掉了，你這膽
  -> 葉俊: 怕啥？我只是怕今晚的帳還沒算好，要是這樣拖到第二天
[2m2026-03-25T16:25:32.892259Z[0m [32m INFO[0m [2msingularity_world::server::simulation_loop[0m[2m:[0m 注入事件種子: 藥材價格穩著，但品種比上個月少了幾樣
[2m2026-03-25T16:26:28.938695Z[0m [32m INFO[0m [2msingularity_world::npcnpc::trigger[0m[2m:[0m [Dialogue Debug] 浮生城門外 vs 打聽消息、問路、問人: 
  -> 夏慧雅: {"a":"「夏慧雅：各位朋友，你們看，那邊好像有路人在走，我聽得有點耳熟，你們先別動動。」}
  -> 蔣杰娜: {"b":"「蔣杰娜：謝謝夏慧雅，你剛才說的那個人我好像還記得，他好像剛從那家開店出來。」}
[2m2026-03-25T16:26:55.224714Z[0m [32m INFO[0m [2msingularity_world::npcnpc::trigger[0m[2m:[0m [Dialogue Debug] 浮生城門外 vs 鎮上傳聞城外惡地、霜林、游離輻射或富態化巨獸（非荒蕪末世，而是生機過剩的危險）: 
  -> 夏慧雅: 各位朋友，你們看，那邊好像有
  -> 蔣杰娜: 謝謝夏慧雅，你剛才說的那個人
[2m2026-03-25T16:27:29.918316Z[0m [32m INFO[0m [2msingularity_world::npcnpc::trigger[0m[2m:[0m [Dialogue Debug] 浮生城門外 vs 鎮上傳聞城外惡地、霜林、游離輻射或富態化巨獸（非荒蕪末世，而是生機過剩的危險）: 
  -> 夏慧雅: 各位朋友，你們看，那邊好像有蔣杰娜在跟那個叫葉俊的人說話。
  -> 蔣杰娜: 謝謝夏慧雅，你剛才說的那個人。
[2m2026-03-25T16:28:07.679099Z[0m [32m INFO[0m [2msingularity_world::npcnpc::trigger[0m[2m:[0m [Dialogue Debug]  vs 換班、交接時的情境，簡短交代或叮囑: 
  -> 鄭秀強: 那我先回，晚班辛苦，你別太累。
  -> 龍霞華: 行，早點。
[2m2026-03-25T16:35:32.894700Z[0m [32m INFO[0m [2msingularity_world::server::simulation_loop[0m[2m:[0m 注入事件種子: 五樓那戶陽台的根鬚盤得更緊了，看著倒是挺穩的
[2m2026-03-25T16:35:37.473962Z[0m [32m INFO[0m [2msingularity_world::npcnpc::trigger[0m[2m:[0m [Dialogue Debug]  vs 換班、交接時的情境，簡短交代或叮囑: 
  -> 龍霞華: 今日帳我對過了，有問題再叫我。
  -> 葉俊: 好，那我先走了。
[2m2026-03-25T16:38:11.069525Z[0m [32m INFO[0m [2msingularity_world::npcnpc::trigger[0m[2m:[0m [Dialogue Debug]  vs 換班、交接時的情境，簡短交代或叮囑: 
  -> 鄧雅蘭: {"a":"鄧雅蘭\n\n你盯一下，今晚的排班變動得仔細看清楚，"}
  -> 陸淑華: {"b":"陸淑華\n\n好的，我會仔細看。」}
[2m2026-03-25T16:40:40.991570Z[0m [32m INFO[0m [2msingularity_world::npcnpc::trigger[0m[2m:[0m [Dialogue Debug]  vs 換班、交接時的情境，簡短交代或叮囑: 
  -> 鄧雅蘭: 龍霞華的排班已經到齊，天色也暗了，我們該換班了。
  -> 呂英淑: 鄭秀強說，今天帳我對過了，有問題再叫我。
[2m2026-03-25T16:45:32.852920Z[0m [32m INFO[0m [2msingularity_world::server::simulation_loop[0m[2m:[0m 注入事件種子: 昨晚牆面的玉質脈絡突然閃了一下暗紫色的光，只持續了幾秒
[2m2026-03-25T16:45:37.359416Z[0m [32m INFO[0m [2msingularity_world::npcnpc::trigger[0m[2m:[0m [Dialogue Debug]  vs 換班、交接時的情境，簡短交代或叮囑: 
  -> 龍霞華: 我最近身體有些吃不消，你幫我把櫃檯盯一下，我剛換了班，需要休息。
  -> 葉俊: 好，那我先走了。
[2m2026-03-25T16:48:11.232135Z[0m [32m INFO[0m [2msingularity_world::npcnpc::trigger[0m[2m:[0m [Dialogue Debug]  vs 換班、交接時的情境，簡短交代或叮囑: 
  -> 鄧雅蘭: 你剛來這裡就喊我來得早，我倒是沒多問你昨晚吃過什麼，只是聽你話就來得早了。
  -> 曾偉: 我也沒問，只是聽你話就來得早了，不過今晚還是得跟龍霞華換班，你替我記一下嗎？
[2m2026-03-25T16:50:40.899474Z[0m [32m INFO[0m [2msingularity_world::npcnpc::trigger[0m[2m:[0m [Dialogue Debug]  vs 換班、交接時的情境，簡短交代或叮囑: 
  -> 鄧雅蘭: 龍霞華，夜色已深，我已經準備好收拾行囊，準備前往下一個班次，請留步。
  -> 呂英淑: 鄭秀強，天色已暗，我也已經收拾好，現在該去換班了，請放心。
[2m2026-03-25T16:55:33.339825Z[0m [32m INFO[0m [2msingularity_world::server::simulation_loop[0m[2m:[0m 注入事件種子: 聽說好事多的批發價又調了，最近物流好像不太順
[2m2026-03-25T16:55:40.538128Z[0m [32m INFO[0m [2msingularity_world::npcnpc::trigger[0m[2m:[0m [Dialogue Debug]  vs 換班、交接時的情境，簡短交代或叮囑: 
  -> 鄧雅蘭: 龍霞華：你來這裡，是想說些什麼嗎？
  -> 長孫慧: 嗯，剛才那陣子輻射塵多，我還聽鄭秀強說，最近鎮上又
[2m2026-03-25T16:58:07.263156Z[0m [32m INFO[0m [2msingularity_world::npcnpc::trigger[0m[2m:[0m [Dialogue Debug]  vs 換班、交接時的情境，簡短交代或叮囑: 
  -> 龍霞華: 我剛換了，先回吧，免得被盯上。
  -> 葉俊: 好，那我先走了。
[2m2026-03-25T17:00:40.567266Z[0m [32m INFO[0m [2msingularity_world::npcnpc::trigger[0m[2m:[0m [Dialogue Debug]  vs 換班、交接時的情境，簡短交代或叮囑: 
  -> 鄧雅蘭: 你盯一下，今晚的排班變動得仔細看清楚，
  -> 陸淑華: 好的，我會仔細看。
[2m2026-03-25T17:05:33.334620Z[0m [32m INFO[0m [2msingularity_world::server::simulation_loop[0m[2m:[0m 注入事件種子: 城外商路上的指引石被增生物覆蓋了一半，有隊伍去清理了
[2m2026-03-25T17:05:37.211420Z[0m [32m INFO[0m [2msingularity_world::npcnpc::trigger[0m[2m:[0m [Dialogue Debug]  vs 換班、交接時的情境，簡短交代或叮囑: 
  -> 龍霞華: 我剛換了班，先回吧，免得被盯上。
  -> 葉俊: 好，那我先走了。
[2m2026-03-25T17:08:07.241982Z[0m [32m INFO[0m [2msingularity_world::npcnpc::trigger[0m[2m:[0m [Dialogue Debug]  vs 換班、交接時的情境，簡短交代或叮囑: 
  -> 鄭秀強: 剛開始剛認識你，今天看你臉色不太好，我還是先回房歇息吧。
  -> 龍霞華: 行，早點。
[2m2026-03-25T17:13:07.481675Z[0m [32m INFO[0m [2msingularity_world::npcnpc::trigger[0m[2m:[0m [Dialogue Debug]  vs 換班、交接時的情境，簡短交代或叮囑: 
  -> 龍霞華: 龍霞華，剛才你問我，最近過得不太好，我最近也沒好過，你這幾天是否還過得好一點？
  -> 葉俊: 葉俊，我剛換了班，先回吧，免得被盯上，這幾天我也沒好過，你這幾天是否還過得好一點？
[2m2026-03-25T17:15:33.340779Z[0m [32m INFO[0m [2msingularity_world::server::simulation_loop[0m[2m:[0m 注入事件種子: 今天空氣裡的膠質味比平常濃，像要變天了
[2m2026-03-25T17:18:07.469640Z[0m [32m INFO[0m [2msingularity_world::npcnpc::trigger[0m[2m:[0m [Dialogue Debug]  vs 換班、交接時的情境，簡短交代或叮囑: 
  -> 鄭秀強: 龍霞華，我剛才話都還沒說完，你就走了，真讓我有點慌，怕你跟不上節奏。
  -> 葉俊: 葉俊，那就好，不過我剛才也說，你別擔心，我們今天帳都算過了，明天再跟你看清楚。
[2m2026-03-25T17:25:33.841017Z[0m [32m INFO[0m [2msingularity_world::server::simulation_loop[0m[2m:[0m 注入事件種子: 加了福的肉質蔬果到貨了，今天特別新鮮
[2m2026-03-25T17:30:38.283880Z[0m [32m INFO[0m [2msingularity_world::npcnpc::trigger[0m[2m:[0m [Dialogue Debug]  vs 換班、交接時的情境，簡短交代或叮囑: 
  -> 鄭秀強: 我剛看那葉俊的排班表，他昨天說今天特別忙，剛忙完就沒空再見你了。
  -> 龍霞華: 行，早點，別多問我。
[2m2026-03-25T17:35:34.338641Z[0m [32m INFO[0m [2msingularity_world::server::simulation_loop[0m[2m:[0m 注入事件種子: 電梯間排了好長的隊，聽說中間幾層在做維護
[2m2026-03-25T17:35:41.653902Z[0m [32m INFO[0m [2msingularity_world::npcnpc::trigger[0m[2m:[0m [Dialogue Debug]  vs 換班、交接時的情境，簡短交代或叮囑: 
  -> 鄧雅蘭: 我剛剛去龍霞華的班，今天又來了一大堆新水果，正好可以補補。
  -> 譚傑: 那就好，你先把水果放好了。
[2m2026-03-25T17:38:10.685397Z[0m [32m INFO[0m [2msingularity_world::npcnpc::trigger[0m[2m:[0m [Dialogue Debug]  vs 換班、交接時的情境，簡短交代或叮囑: 
  -> 鄧雅蘭: 龍霞華，夜色已深，我已經準備好收拾行囊，準備前往下。
  -> 呂英淑: 鄭秀強，天色已暗，我也已經收拾好，現在該去換班了，
[2m2026-03-25T17:40:37.267086Z[0m [32m INFO[0m [2msingularity_world::npcnpc::trigger[0m[2m:[0m [Dialogue Debug]  vs 換班、交接時的情境，簡短交代或叮囑: 
  -> 鄭秀強: 剛看完葉俊排班表，他昨天說今天特別忙，剛忙完就來找我交接了。
  -> 龍霞華: 行，早點，別多問我。
[2m2026-03-25T17:45:34.337934Z[0m [32m INFO[0m [2msingularity_world::server::simulation_loop[0m[2m:[0m 注入事件種子: 樓頂的蓄水設施今天開始例行清洗，水量可能會少一會兒
[2m2026-03-25T17:48:10.760306Z[0m [32m INFO[0m [2msingularity_world::npcnpc::trigger[0m[2m:[0m [Dialogue Debug]  vs 換班、交接時的情境，簡短交代或叮囑: 
  -> 鄧雅蘭: {"a":"今晚的排班變動得仔細看清楚，」
  -> 陸淑華: "b":"好的，我會仔細看。」
[2m2026-03-25T17:50:40.727129Z[0m [32m INFO[0m [2msingularity_world::npcnpc::trigger[0m[2m:[0m [Dialogue Debug]  vs 換班、交接時的情境，簡短交代或叮囑: 
  -> 鄧雅蘭: 我剛從龍霞華的排班抵達，那深層礦脈的氣息似乎就這麼...
  -> 魏杰強: 先回吧，晚班辛苦，你最近還在那裡處理什麼呢？
[2m2026-03-25T17:53:07.268132Z[0m [32m INFO[0m [2msingularity_world::npcnpc::trigger[0m[2m:[0m [Dialogue Debug]  vs 換班、交接時的情境，簡短交代或叮囑: 
  -> 鄭秀強: 我剛看那葉俊的排班表，他昨天說今天特別忙，剛忙完就……
  -> 龍霞華: 行，早點，別多問我。
[2m2026-03-25T17:55:34.852026Z[0m [32m INFO[0m [2msingularity_world::server::simulation_loop[0m[2m:[0m 注入事件種子: 有住戶搬家了，留下的房間牆上全是根鬚攀痕，挺有意思的
[2m2026-03-25T17:58:10.910787Z[0m [32m INFO[0m [2msingularity_world::npcnpc::trigger[0m[2m:[0m [Dialogue Debug]  vs 換班、交接時的情境，簡短交代或叮囑: 
  -> 鄧雅蘭: 你剛才那間小攤看起來生意不錯，那幾個新開的攤主是不是又來搶貨了？
  -> 龔偉: 那確實，隔壁店剛進了一批新貨，我也在門口候著呢。
[2m2026-03-25T18:00:40.891777Z[0m [32m INFO[0m [2msingularity_world::npcnpc::trigger[0m[2m:[0m [Dialogue Debug]  vs 換班、交接時的情境，簡短交代或叮囑: 
  -> 鄧雅蘭: 我剛去龍霞華的班，今天又來了一大堆新水果，正好可放好，你先把水果放好了。
  -> 譚傑: 那就好，你先把水果放好了。
[2m2026-03-25T18:05:35.334487Z[0m [32m INFO[0m [2msingularity_world::server::simulation_loop[0m[2m:[0m 注入事件種子: 有住戶說家裡石板縫長出了新的發光菌絲，紫綠色的
[2m2026-03-25T18:05:37.327572Z[0m [32m INFO[0m [2msingularity_world::npcnpc::trigger[0m[2m:[0m [Dialogue Debug]  vs 換班、交接時的情境，簡短交代或叮囑: 
  -> 龍霞華: 今天帳我對過了，有問題再叫我。
  -> 葉俊: 葉俊，我剛換了班，先回吧，免得被盯上，這幾天我也沒
[2m2026-03-25T18:13:07.088811Z[0m [32m INFO[0m [2msingularity_world::npcnpc::trigger[0m[2m:[0m [Dialogue Debug]  vs 換班、交接時的情境，簡短交代或叮囑: 
  -> 鄭秀強: 今日帳我對過了，有問題再叫我。
  -> 龍霞華: 行，早點，別多問我。
[2m2026-03-25T18:15:35.339131Z[0m [32m INFO[0m [2msingularity_world::server::simulation_loop[0m[2m:[0m 注入事件種子: 走廊的老長凳被根鬚纏得更穩了，坐起來比以前舒服
[2m2026-03-25T18:18:07.247776Z[0m [32m INFO[0m [2msingularity_world::npcnpc::trigger[0m[2m:[0m [Dialogue Debug]  vs 換班、交接時的情境，簡短交代或叮囑: 
  -> 龍霞華: 龍霞華，最近過得不太好，我最近也沒好過。
  -> 葉俊: 葉俊，我剛換了班，先回吧，免得被盯上，這幾天我也沒。
[2m2026-03-25T18:25:35.840154Z[0m [32m INFO[0m [2msingularity_world::server::simulation_loop[0m[2m:[0m 注入事件種子: 三樓醫療區最近比較忙，好像是採集隊回城的季節
[2m2026-03-25T18:25:38.381558Z[0m [32m INFO[0m [2msingularity_world::npcnpc::trigger[0m[2m:[0m [Dialogue Debug]  vs 換班、交接時的情境，簡短交代或叮囑: 
  -> 鄭秀強: 好嘞，我們馬上出發，趕在時間上！
  -> 葉俊: 那行，早點走，晚班辛苦！
[2m2026-03-25T18:30:37.745514Z[0m [32m INFO[0m [2msingularity_world::npcnpc::trigger[0m[2m:[0m [Dialogue Debug]  vs 換班、交接時的情境，簡短交代或叮囑: 
  -> 龍霞華: 龍霞華，剛才你問我，最近過得不太好，我最近也沒好過。
  -> 葉俊: 葉俊，我剛換了班，先回吧，免得被盯上，這幾天我也沒。
[2m2026-03-25T18:35:36.337863Z[0m [32m INFO[0m [2msingularity_world::server::simulation_loop[0m[2m:[0m 注入事件種子: 有人從低樓層看到遠處林冠線在晃動，可能是大型生物經過
[2m2026-03-25T18:38:07.377154Z[0m [32m INFO[0m [2msingularity_world::npcnpc::trigger[0m[2m:[0m [Dialogue Debug]  vs 換班、交接時的情境，簡短交代或叮囑: 
  -> 鄭秀強: 龍霞華，別總是要說早點，今天帳我對過了，有問題再叫我。
  -> 龍霞華: 行，早點，別多問我。
[2m2026-03-25T18:40:40.662693Z[0m [32m INFO[0m [2msingularity_world::npcnpc::trigger[0m[2m:[0m [Dialogue Debug]  vs 換班、交接時的情境，簡短交代或叮囑: 
  -> 鄧雅蘭: 你剛才那間小攤看起來生意不錯，那幾個新開的攤主是不
  -> 龔偉: 那確實，隔壁店剛進了一批新貨，我也在門口候著呢。
[2m2026-03-25T18:45:40.642247Z[0m [32m INFO[0m [2msingularity_world::npcnpc::trigger[0m[2m:[0m [Dialogue Debug]  vs 換班、交接時的情境，簡短交代或叮囑: 
  -> 鄧雅蘭: {"a":"「龍霞華」剛抵達，我立刻將排班記錄整理好。你且先看看，林冠線在晃動，這是我剛才才看到的。」}
  -> 周雅麗: {"b":"「先回了，晚班辛苦。」}
[2m2026-03-25T18:45:40.660229Z[0m [32m INFO[0m [2msingularity_world::server::simulation_loop[0m[2m:[0m 注入事件種子: 今早走廊牆縫裡的玉質脈絡又長了一截，紋路很好看
[2m2026-03-25T18:50:37.581623Z[0m [32m INFO[0m [2msingularity_world::npcnpc::trigger[0m[2m:[0m [Dialogue Debug]  vs 換班、交接時的情境，簡短交代或叮囑: 
  -> 鄭秀強: 「行，早點，別多問我。」龍霞華的語氣冷淡而嚴謹，隨即轉頭看向鄭秀強，目光在兩人之間來回打量。
  -> 龍霞華: 鄭秀強微微一愣，隨即爽朗一笑，語氣帶著點熱絡的熱情，「行，別多問，等忙完再叫我。」
[2m2026-03-25T18:53:10.589468Z[0m [32m INFO[0m [2msingularity_world::npcnpc::trigger[0m[2m:[0m [Dialogue Debug]  vs 換班、交接時的情境，簡短交代或叮囑: 
  -> 鄧雅蘭: 你盯一下，今晚的排班變動得仔細看清楚，
  -> 陸淑華: 好的，我會仔細看。
[2m2026-03-25T18:55:40.844717Z[0m [32m INFO[0m [2msingularity_world::npcnpc::trigger[0m[2m:[0m [Dialogue Debug]  vs 換班、交接時的情境，簡短交代或叮囑: 
  -> 鄧雅蘭: 今天又是好運，新貨都進來了，你該多休息點，明天還要忙呢。
  -> 龔偉: 那確實，隔壁店剛進了一批新貨，我也在門口候著呢。
[2m2026-03-25T18:55:40.861860Z[0m [32m INFO[0m [2msingularity_world::server::simulation_loop[0m[2m:[0m 注入事件種子: 打鐵巷最近接了不少單，聽說是採集隊的工具要換新
[2m2026-03-25T18:58:10.719718Z[0m [32m INFO[0m [2msingularity_world::npcnpc::trigger[0m[2m:[0m [Dialogue Debug]  vs 換班、交接時的情境，簡短交代或叮囑: 
  -> 鄧雅蘭: 深層礦脈的氣息似乎就這麼...
  -> 魏杰強: 先回吧，晚班辛苦，你最近還在那裡處理什麼呢？
[2m2026-03-25T19:00:41.598298Z[0m [32m INFO[0m [2msingularity_world::npcnpc::trigger[0m[2m:[0m [Dialogue Debug]  vs 換班、交接時的情境，簡短交代或叮囑: 
  -> 鄧雅蘭: 你來這裡，是想說些什麼嗎？
  -> 長孫慧: 「嗯，剛才那陣子輻射塵多，我還聽鄭秀強說，最近鎮上又」。
[2m2026-03-25T19:03:07.560009Z[0m [32m INFO[0m [2msingularity_world::npcnpc::trigger[0m[2m:[0m [Dialogue Debug]  vs 換班、交接時的情境，簡短交代或叮囑: 
  -> 鄭秀強: 龍霞華，我剛想走，鄭秀強卻說要趕著報到，還說打鐵巷的單子很多，得趕緊去一趟。
  -> 龍霞華: 鄭秀強，謝謝，不過我最近帳本上寫著要過兩天，你幫我轉告一下。
[2m2026-03-25T19:05:41.333850Z[0m [32m INFO[0m [2msingularity_world::server::simulation_loop[0m[2m:[0m 注入事件種子: 十一樓健身區新添了幾件器材，是用富態化木材做的
[2m2026-03-25T19:13:07.126244Z[0m [32m INFO[0m [2msingularity_world::npcnpc::trigger[0m[2m:[0m [Dialogue Debug]  vs 換班、交接時的情境，簡短交代或叮囑: 
  -> 鄭秀強: 我們馬上出發，趕在時間上！
  -> 葉俊: 那行，早點走，晚班辛苦！
[2m2026-03-25T19:15:41.335857Z[0m [32m INFO[0m [2msingularity_world::server::simulation_loop[0m[2m:[0m 注入事件種子: 市集今天來了一批品相很好的玉質木材，攤販搶著進貨
[2m2026-03-25T19:23:08.298703Z[0m [32m INFO[0m [2msingularity_world::npcnpc::trigger[0m[2m:[0m [Dialogue Debug]  vs 換班、交接時的情境，簡短交代或叮囑: 
  -> 鄭秀強: 鄭秀強，我剛想走，鄭秀強卻說要趕著報到，還說打鐵巷
  -> 龍霞華: 我先回了，晚班辛苦。
[2m2026-03-25T19:28:07.183127Z[0m [32m INFO[0m [2msingularity_world::npcnpc::trigger[0m[2m:[0m [Dialogue Debug]  vs 換班、交接時的情境，簡短交代或叮囑: 
  -> 鄭秀強: 好嘞，我們馬上出發，趕在時間上！
  -> 葉俊: 那行，早點走，晚班辛苦！
[2m2026-03-25T19:30:37.282012Z[0m [32m INFO[0m [2msingularity_world::npcnpc::trigger[0m[2m:[0m [Dialogue Debug]  vs 換班、交接時的情境，簡短交代或叮囑: 
  -> 龍霞華: 我剛換了班，先回吧，免得被盯上，這幾天我也沒
  -> 葉俊: 我剛離開，先回吧，免得被盯上，這幾天我也沒
[2m2026-03-25T19:38:13.040910Z[0m [32m INFO[0m [2msingularity_world::npcnpc::trigger[0m[2m:[0m [Dialogue Debug]  vs 換班、交接時的情境，簡短交代或叮囑: 
  -> 鄧雅蘭: {"a":"你盯一下，今晚的排班變動得仔細看清楚，」"
  -> 陸淑華: "b":"好的，我會仔細看。"}
[2m2026-03-25T19:40:40.724721Z[0m [32m INFO[0m [2msingularity_world::npcnpc::trigger[0m[2m:[0m [Dialogue Debug]  vs 換班、交接時的情境，簡短交代或叮囑: 
  -> 鄧雅蘭: 我剛從龍霞華排班回來，今晚的夜氣確實有點沉。
  -> 長孫慧: 嗯，剛說鄭秀強那陣子鎮上輻射塵多，我還聽得聽得清楚呢。
[2m2026-03-25T19:43:07.265922Z[0m [32m INFO[0m [2msingularity_world::npcnpc::trigger[0m[2m:[0m [Dialogue Debug]  vs 換班、交接時的情境，簡短交代或叮囑: 
  -> 龍霞華: 我剛換了班，先回吧，免得被盯上，這幾天我也沒
  -> 葉俊: 我剛離開，先回吧，免得被盯上，這幾天我也沒
[2m2026-03-25T19:48:11.060051Z[0m [32m INFO[0m [2msingularity_world::npcnpc::trigger[0m[2m:[0m [Dialogue Debug]  vs 換班、交接時的情境，簡短交代或叮囑: 
  -> 鄧雅蘭: 「先回吧，晚班辛苦，你最近還在那裡處理什麼呢？」魏杰強回，語氣保守但帶點關心的客套。
  -> 魏杰強: 我沒在處理什麼，只是順道跟隨了一下，今晚暫時沒空。
[2m2026-03-25T19:50:43.303971Z[0m [32m INFO[0m [2msingularity_world::npcnpc::trigger[0m[2m:[0m [Dialogue Debug]  vs 換班、交接時的情境，簡短交代或叮囑: 
  -> 龍霞華: 龍霞華，我剛換了班，先回吧，免得被盯上，這幾天我也沒
  -> 葉俊: 葉俊，我剛離開，先回吧，免得被盯上，這幾天我也沒
[2m2026-03-25T19:55:40.796744Z[0m [32m INFO[0m [2msingularity_world::npcnpc::trigger[0m[2m:[0m [Dialogue Debug]  vs 換班、交接時的情境，簡短交代或叮囑: 
  -> 鄧雅蘭: 龍霞華，排班抵達，今早市集新貨進來，你該多休息點，明天還要。
  -> 龔偉: 那確實，隔壁店剛進了一批新貨，我也在門口候著呢。
[2m2026-03-25T19:58:07.306501Z[0m [32m INFO[0m [2msingularity_world::npcnpc::trigger[0m[2m:[0m [Dialogue Debug]  vs 換班、交接時的情境，簡短交代或叮囑: 
  -> 龍霞華: 我剛換了班，先回吧，免得被盯上，這幾天我也沒
  -> 葉俊: 我剛離開，先回吧，免得被盯上，這幾天我也沒
[2m2026-03-25T20:00:40.759260Z[0m [32m INFO[0m [2msingularity_world::npcnpc::trigger[0m[2m:[0m [Dialogue Debug]  vs 換班、交接時的情境，簡短交代或叮囑: 
  -> 鄧雅蘭: 夜色已深，鄧雅蘭已準備好收拾行囊，前往下班的途中，她神色有些凝重。
  -> 呂英淑: 鄭秀強，天色已暗，我也已經收拾好，現在該去換班了，
[2m2026-03-25T20:05:37.307684Z[0m [32m INFO[0m [2msingularity_world::npcnpc::trigger[0m[2m:[0m [Dialogue Debug]  vs 換班、交接時的情境，簡短交代或叮囑: 
  -> 龍霞華: 龍霞華，我剛換了班，先回吧，免得被盯上，這幾天我也沒
  -> 葉俊: 葉俊，我剛離開，先回吧，免得被盯上，這幾天我也沒
[2m2026-03-25T20:23:08.184910Z[0m [32m INFO[0m [2msingularity_world::npcnpc::trigger[0m[2m:[0m [Dialogue Debug]  vs 換班、交接時的情境，簡短交代或叮囑: 
  -> 鄭秀強: 我剛要走，你卻說要打鐵巷。
  -> 龍霞華: 我先回了，晚班辛苦。
[2m2026-03-25T20:30:37.259689Z[0m [32m INFO[0m [2msingularity_world::npcnpc::trigger[0m[2m:[0m [Dialogue Debug]  vs 換班、交接時的情境，簡短交代或叮囑: 
  -> 龍霞華: 我剛換了班，先回吧，免得被盯上，這幾天我也沒
  -> 葉俊: 我剛離開，先回吧，免得被盯上，這幾天我也沒
[2m2026-03-25T20:35:42.473118Z[0m [32m INFO[0m [2msingularity_world::npcnpc::trigger[0m[2m:[0m [Dialogue Debug]  vs 換班、交接時的情境，簡短交代或叮囑: 
  -> 鄭秀強: 「好嘞，我們馬上出發，趕在時間上！」葉俊
  -> 葉俊: 那行，早點走，晚班辛苦！
[2m2026-03-25T20:38:07.201704Z[0m [32m INFO[0m [2msingularity_world::npcnpc::trigger[0m[2m:[0m [Dialogue Debug]  vs 換班、交接時的情境，簡短交代或叮囑: 
  -> 龍霞華: 我先回了，晚班辛苦。
  -> 葉俊: 我剛離開，先回吧，免得被盯上，這幾天我也沒。
[2m2026-03-25T20:40:43.132974Z[0m [32m INFO[0m [2msingularity_world::npcnpc::trigger[0m[2m:[0m [Dialogue Debug]  vs 換班、交接時的情境，簡短交代或叮囑: 
  -> 鄭秀強: 鄭秀強，我剛想走，你卻說要趕著報到，還說打鐵巷，這太危險了。
  -> 龍霞華: 龍霞華，我先回了，晚班辛苦。
[2m2026-03-25T20:43:11.636458Z[0m [32m INFO[0m [2msingularity_world::npcnpc::trigger[0m[2m:[0m [Dialogue Debug]  vs 換班、交接時的情境，簡短交代或叮囑: 
  -> 鄧雅蘭: 昨夜你剛來，我剛忙完帳，今天又是你來交班，你怕我擔心嗎？
  -> 汪偉平: 怕你擔心也沒關係，不過今晚還是先過過眼，明天別太累。
[2m2026-03-25T20:48:07.635642Z[0m [32m INFO[0m [2msingularity_world::npcnpc::trigger[0m[2m:[0m [Dialogue Debug]  vs 換班、交接時的情境，簡短交代或叮囑: 
  -> 鄭秀強: 鄭秀強，你剛說打鐵巷，這夜裡我剛想走，卻還是得趕著報到，還得把東西收拾好。
  -> 龍霞華: 龍霞華，我先回了，晚班辛苦，但今晚還是先回，等忙完再過來。
[2m2026-03-25T20:50:37.332486Z[0m [32m INFO[0m [2msingularity_world::npcnpc::trigger[0m[2m:[0m [Dialogue Debug]  vs 換班、交接時的情境，簡短交代或叮囑: 
  -> 龍霞華: 我剛換了班，先回吧，免得被盯上，這幾天我也沒
  -> 葉俊: 我剛離開，先回吧，免得被盯上，這幾天我也沒
[2m2026-03-25T20:53:07.206294Z[0m [32m INFO[0m [2msingularity_world::npcnpc::trigger[0m[2m:[0m [Dialogue Debug]  vs 換班、交接時的情境，簡短交代或叮囑: 
  -> 鄭秀強: 「我們馬上出發，趕在時間上！」葉俊
  -> 葉俊: 「那行，早點走，晚班辛苦！」鄭秀強
[2m2026-03-25T20:55:37.330797Z[0m [32m INFO[0m [2msingularity_world::npcnpc::trigger[0m[2m:[0m [Dialogue Debug]  vs 換班、交接時的情境，簡短交代或叮囑: 
  -> 鄭秀強: 我剛回來了，你剛才說打鐵巷的事，那夜裡我還是得趕著走。
  -> 龍霞華: 我先回了，晚班辛苦，但今晚還是先回，等忙完
[2m2026-03-25T20:58:11.604802Z[0m [32m INFO[0m [2msingularity_world::npcnpc::trigger[0m[2m:[0m [Dialogue Debug]  vs 換班、交接時的情境，簡短交代或叮囑: 
  -> 鄧雅蘭: 先回吧，晚班辛苦，你最近還在那裡處理什麼呢？
  -> 魏杰強: 我沒在處理什麼，只是順道跟隨了一下，今晚暫時沒空。
[2m2026-03-25T21:00:41.512559Z[0m [32m INFO[0m [2msingularity_world::npcnpc::trigger[0m[2m:[0m [Dialogue Debug]  vs 換班、交接時的情境，簡短交代或叮囑: 
  -> 鄭秀強: 龍霞華：龍霞華，我剛剛從東街貨站走回來，東街好像又漲了價，還有人來買東西呢。
  -> 葉俊: 葉俊，東街漲價的事我沒聽清，你快告訴我，我趕緊趕去檢查一下貨品
[2m2026-03-25T21:03:07.456927Z[0m [32m INFO[0m [2msingularity_world::npcnpc::trigger[0m[2m:[0m [Dialogue Debug]  vs 換班、交接時的情境，簡短交代或叮囑: 
  -> 鄭秀強: 你剛說打鐵巷，這夜裡我剛想走，卻還是得趕著，今天帳我對過了，有問題再叫我。
  -> 龍霞華: 我先回了，晚班辛苦，但今晚還是先回，等忙完
[2m2026-03-25T21:05:37.291136Z[0m [32m INFO[0m [2msingularity_world::npcnpc::trigger[0m[2m:[0m [Dialogue Debug]  vs 換班、交接時的情境，簡短交代或叮囑: 
  -> 龍霞華: 我剛換了班，先回吧，免得被盯上，這幾天我也沒
  -> 葉俊: 我剛離開，先回吧，免得被盯上，這幾天我也沒
[2m2026-03-25T21:08:07.200538Z[0m [32m INFO[0m [2msingularity_world::npcnpc::trigger[0m[2m:[0m [Dialogue Debug]  vs 換班、交接時的情境，簡短交代或叮囑: 
  -> 鄭秀強: 龍霞華：東街貨價又動了，買賣人都在，你快告訴我。
  -> 葉俊: 我沒聽清，趕緊趕去
[2m2026-03-25T21:13:07.228254Z[0m [32m INFO[0m [2msingularity_world::npcnpc::trigger[0m[2m:[0m [Dialogue Debug]  vs 換班、交接時的情境，簡短交代或叮囑: 
  -> 龍霞華: 我剛換了班，先回吧，免得被盯上，這幾天我也沒
  -> 葉俊: 我剛離開，先回吧，免得被盯上，這幾天我也沒
[2m2026-03-25T21:15:37.356326Z[0m [32m INFO[0m [2msingularity_world::npcnpc::trigger[0m[2m:[0m [Dialogue Debug]  vs 換班、交接時的情境，簡短交代或叮囑: 
  -> 鄭秀強: 你剛說打鐵巷，這夜裡我剛想走，卻還是得趕著，今天帳我對過了，有問題再叫我。
  -> 龍霞華: 我先回了，晚班辛苦，但今晚還是先回，等忙完
[2m2026-03-25T21:20:37.224204Z[0m [32m INFO[0m [2msingularity_world::npcnpc::trigger[0m[2m:[0m [Dialogue Debug]  vs 換班、交接時的情境，簡短交代或叮囑: 
  -> 龍霞華: 「先回吧，免得被盯上，這幾天我也沒。」葉俊
  -> 葉俊: 「我剛離開，先回吧，免得被盯上，這幾天我也沒。」龍霞華
[2m2026-03-25T21:25:37.335873Z[0m [32m INFO[0m [2msingularity_world::npcnpc::trigger[0m[2m:[0m [Dialogue Debug]  vs 換班、交接時的情境，簡短交代或叮囑: 
  -> 鄭秀強: 龍霞華，今晚路邊有個攤位賣著新烤腸，你剛想走，我還是得趕著。
  -> 龍霞華: 鄭秀強，我也要去吃那碗面，但老闆還說要排隊。
[2m2026-03-25T21:30:37.296372Z[0m [32m INFO[0m [2msingularity_world::npcnpc::trigger[0m[2m:[0m [Dialogue Debug]  vs 換班、交接時的情境，簡短交代或叮囑: 
  -> 鄭秀強: 龍霞華：東街貨價又動了，買賣人都在，你快告訴我。
  -> 葉俊: 我沒聽清，趕緊趕去。
[2m2026-03-25T21:35:41.829362Z[0m [32m INFO[0m [2msingularity_world::npcnpc::trigger[0m[2m:[0m [Dialogue Debug]  vs 換班、交接時的情境，簡短交代或叮囑: 
  -> 鄧雅蘭: 夜色已深，我已經收拾好行囊，準備前往下街，準備先看看今晚的貨價是否動了。
  -> 呂英淑: 鄭秀強，天色已暗，我也已經收拾好，現在該去換班了，
[2m2026-03-25T21:38:10.943513Z[0m [32m INFO[0m [2msingularity_world::npcnpc::trigger[0m[2m:[0m [Dialogue Debug]  vs 換班、交接時的情境，簡短交代或叮囑: 
  -> 鄧雅蘭: 昨夜東街夜風冷飢飢，龍霞華排班剛到，你似乎睡意更濃了，想休息嗎？
  -> 龔偉: 唔，沒問題，今晚我會好好把貨安排，你別太累，我早就不睡了，你也別多說些別的事，先聽我說完，我剛回話呢。
[2m2026-03-25T21:40:40.680443Z[0m [32m INFO[0m [2msingularity_world::npcnpc::trigger[0m[2m:[0m [Dialogue Debug]  vs 換班、交接時的情境，簡短交代或叮囑: 
  -> 鄧雅蘭: 龍霞華，排班抵達，今日帳我對過了，有問題再叫我。
  -> 曾偉: 我也沒問，只是聽你話就來得早了，不過今晚還是得跟龍
[2m2026-03-25T21:43:11.554389Z[0m [32m INFO[0m [2msingularity_world::npcnpc::trigger[0m[2m:[0m [Dialogue Debug]  vs 換班、交接時的情境，簡短交代或叮囑: 
  -> 鄭秀強: 我剛去過東街，龍霞華說貨價又動了，買賣人都在，你快告訴我。
  -> 葉俊: 我沒聽清，趕緊趕去
[2m2026-03-25T21:45:40.791047Z[0m [32m INFO[0m [2msingularity_world::npcnpc::trigger[0m[2m:[0m [Dialogue Debug]  vs 換班、交接時的情境，簡短交代或叮囑: 
  -> 鄧雅蘭: 昨夜東街風吹得極烈，龍霞華剛到，你睡意似乎更濃了些。
  -> 龔偉: 唔，沒問題，今晚我會好好把貨安排，你別太累，我早就。
[2m2026-03-25T21:50:40.804901Z[0m [32m INFO[0m [2msingularity_world::npcnpc::trigger[0m[2m:[0m [Dialogue Debug]  vs 換班、交接時的情境，簡短交代或叮囑: 
  -> 鄧雅蘭: 龍霞華：東街貨價又動了，買賣人都…
  -> 曾偉: 我也沒問，只是聽你話就來得早了，不過今晚還是得跟龍
[2m2026-03-25T21:53:10.858318Z[0m [32m INFO[0m [2msingularity_world::npcnpc::trigger[0m[2m:[0m [Dialogue Debug]  vs 換班、交接時的情境，簡短交代或叮囑: 
  -> 鄧雅蘭: 昨夜東街夜風冷飢飢，龍霞華排班剛到，你似乎睡意更濃
  -> 龔偉: 唔，沒問題，今晚我會好好把貨安排，你別太累，我早就
[2m2026-03-25T21:55:37.355442Z[0m [32m INFO[0m [2msingularity_world::npcnpc::trigger[0m[2m:[0m [Dialogue Debug]  vs 換班、交接時的情境，簡短交代或叮囑: 
  -> 鄭秀強: 東街貨價又動了，買賣人都在，你快告訴我，這日我對過了。
  -> 葉俊: 我沒聽清，趕緊趕去。
[2m2026-03-25T21:58:10.739478Z[0m [32m INFO[0m [2msingularity_world::npcnpc::trigger[0m[2m:[0m [Dialogue Debug]  vs 換班、交接時的情境，簡短交代或叮囑: 
  -> 鄧雅蘭: 龍霞華排班已到，貨品又動了，買賣人都在東街，鄭秀強也剛抵達，你盯一下櫃檯。
  -> 譚傑: 那就好，你先把水果放好了。
[2m2026-03-25T22:00:40.852673Z[0m [32m INFO[0m [2msingularity_world::npcnpc::trigger[0m[2m:[0m [Dialogue Debug]  vs 換班、交接時的情境，簡短交代或叮囑: 
  -> 鄧雅蘭: 先回吧，晚班辛苦，你最近還在那裡處理什麼呢？
  -> 魏杰強: 我沒在處理什麼，只是順道跟隨了一下，今晚暫時沒空。
[2m2026-03-25T22:05:37.512764Z[0m [32m INFO[0m [2msingularity_world::npcnpc::trigger[0m[2m:[0m [Dialogue Debug]  vs 換班、交接時的情境，簡短交代或叮囑: 
  -> 鄭秀強: 東街貨價又動了，買賣人都在，我也要去看看，但今晚路邊有個攤位賣著新烤腸，你剛想走，我還想看看。
  -> 龍霞華: 我也要去吃那碗面，但老闆還說要排隊。
[2m2026-03-25T22:08:07.539114Z[0m [32m INFO[0m [2msingularity_world::npcnpc::trigger[0m[2m:[0m [Dialogue Debug]  vs 換班、交接時的情境，簡短交代或叮囑: 
  -> 鄭秀強: 清晨風起，我剛走出店門，看見龍霞華剛要走，葉俊也跟在後面，周圍人聲嘈杂，我有些緊張地跟在她身邊。
  -> 葉俊: 我忙著點著，她剛要走，我趕緊趕去，葉俊也跟著，周圍人聲嘈杂，我有些緊張地跟在她身邊。
[2m2026-03-25T22:10:37.396683Z[0m [32m INFO[0m [2msingularity_world::npcnpc::trigger[0m[2m:[0m [Dialogue Debug]  vs 換班、交接時的情境，簡短交代或叮囑: 
  -> 龍霞華: 東街貨價又動了，買賣人都在，這幾天我也沒。
  -> 葉俊: 我剛離開，先回吧，免得被盯上，這幾天我也沒。
[2m2026-03-25T22:23:08.449347Z[0m [32m INFO[0m [2msingularity_world::npcnpc::trigger[0m[2m:[0m [Dialogue Debug]  vs 換班、交接時的情境，簡短交代或叮囑: 
  -> 鄭秀強: 今日帳我對過了，有問題再叫我，最近過得不太好，別太擔心。
  -> 葉俊: 我忙著點著，她剛要走，我趕緊趕去，葉俊也跟著，周圍風又起了
[2m2026-03-25T22:35:42.160596Z[0m [32m INFO[0m [2msingularity_world::npcnpc::trigger[0m[2m:[0m [Dialogue Debug]  vs 換班、交接時的情境，簡短交代或叮囑: 
  -> 鄧雅蘭: {"a":"「龍霞華」今天剛來，帳本都對過了，你該盯一下櫃檯，看有沒有什麼問題。」
  -> 曾偉: "b":"「我也沒問，只是聽你話就來得早了，不過今晚還是得跟龍霞華一起睡。」"}
[2m2026-03-25T22:38:07.316798Z[0m [32m INFO[0m [2msingularity_world::npcnpc::trigger[0m[2m:[0m [Dialogue Debug]  vs 換班、交接時的情境，簡短交代或叮囑: 
  -> 龍霞華: 夜色裡燈籠搖曳，我剛換了班，先回吧，免得被盯上，這幾天我也沒
  -> 葉俊: 他剛離開，先回吧，免得被盯上，這幾天我也沒
[2m2026-03-25T22:43:10.708571Z[0m [32m INFO[0m [2msingularity_world::npcnpc::trigger[0m[2m:[0m [Dialogue Debug]  vs 換班、交接時的情境，簡短交代或叮囑: 
  -> 鄧雅蘭: 龍霞華：「今晚的夜風還挺冷，你睡得可沉？」
  -> 龔偉: 唔，沒問題，今晚我會好好把貨安排，你別太累，我早就
[2m2026-03-25T22:45:40.578206Z[0m [32m INFO[0m [2msingularity_world::npcnpc::trigger[0m[2m:[0m [Dialogue Debug]  vs 換班、交接時的情境，簡短交代或叮囑: 
  -> 鄧雅蘭: {"a":"鄧雅蘭：「今晚的排班變動得仔細看清楚。」"}
  -> 陸淑華: {"b":"陸淑華：「好的，我會仔細看。」"}
[2m2026-03-25T22:48:07.694091Z[0m [32m INFO[0m [2msingularity_world::npcnpc::trigger[0m[2m:[0m [Dialogue Debug]  vs 換班、交接時的情境，簡短交代或叮囑: 
  -> 龍霞華: 我剛換了班，先回吧，免得被盯上，這幾天我也沒。
  -> 葉俊: 我剛離開，先回吧，免得被盯上，這幾天我也沒。
[2m2026-03-25T22:55:37.235043Z[0m [32m INFO[0m [2msingularity_world::npcnpc::trigger[0m[2m:[0m [Dialogue Debug]  vs 換班、交接時的情境，簡短交代或叮囑: 
  -> 龍霞華: 龍霞華，你剛說我沒事，我現在確實很沒力氣。
  -> 葉俊: 葉俊，沒事就好，剛回來就先回吧
[2m2026-03-25T22:58:10.826045Z[0m [32m INFO[0m [2msingularity_world::npcnpc::trigger[0m[2m:[0m [Dialogue Debug]  vs 換班、交接時的情境，簡短交代或叮囑: 
  -> 鄧雅蘭: 我剛從龍霞華排班回來，今晚的夜氣確實有點沉。
  -> 長孫慧: 嗯，剛說鄭秀強那陣子鎮上輻射塵多，我還聽得聽得清楚
[2m2026-03-25T23:00:40.546267Z[0m [32m INFO[0m [2msingularity_world::npcnpc::trigger[0m[2m:[0m [Dialogue Debug]  vs 換班、交接時的情境，簡短交代或叮囑: 
  -> 鄧雅蘭: {"a":"「今晚的排班變動，得仔細看清楚。」}
  -> 陸淑華: {"b":"好的，我會仔細看。"}
[2m2026-03-25T23:10:37.329874Z[0m [32m INFO[0m [2msingularity_world::npcnpc::trigger[0m[2m:[0m [Dialogue Debug]  vs 換班、交接時的情境，簡短交代或叮囑: 
  -> 鄭秀強: 我剛從方向來，今天帳我對過了，有問題再叫我，最近過得不太好，別太在意。
  -> 葉俊: 我忙著趕去，葉俊也跟著，周圍沒什麼特別動靜。
[2m2026-03-25T23:15:37.303898Z[0m [32m INFO[0m [2msingularity_world::npcnpc::trigger[0m[2m:[0m [Dialogue Debug]  vs 換班、交接時的情境，簡短交代或叮囑: 
  -> 鄭秀強: 「東街貨價又動了，買賣人都在，我也要去看看，但今晚路。」龍霞華
  -> 龍霞華: 「我也要去吃那碗面，但老闆還說要排隊。」鄭秀強
[2m2026-03-25T23:20:37.252721Z[0m [32m INFO[0m [2msingularity_world::npcnpc::trigger[0m[2m:[0m [Dialogue Debug]  vs 換班、交接時的情境，簡短交代或叮囑: 
  -> 鄭秀強: 今日帳我對過了，有問題再叫我，最近過得不太好，別太
  -> 葉俊: 我忙著點著，她剛要走，我趕緊趕去，葉俊也跟著，周圍
[2m2026-03-25T23:23:07.407499Z[0m [32m INFO[0m [2msingularity_world::npcnpc::trigger[0m[2m:[0m [Dialogue Debug]  vs 換班、交接時的情境，簡短交代或叮囑: 
  -> 龍霞華: {"a":"「從這裡到生活花園，你走得真快，我最近也沒那麼快。」葉俊"}
  -> 葉俊: {"b":"「你剛才說我沒事，我現在確實很沒力氣，剛回來就先回吧。」龍霞華"}
[2m2026-03-25T23:30:38.408330Z[0m [32m INFO[0m [2msingularity_world::npcnpc::trigger[0m[2m:[0m [Dialogue Debug]  vs 換班、交接時的情境，簡短交代或叮囑: 
  -> 龍霞華: 從這裡到生活花園，你走得真快，我最近」葉俊回「你剛才說我沒事，我現在確實很沒力氣，
  -> 葉俊: 你剛才說我沒事，我現在確實很沒力氣，
[2m2026-03-25T23:35:41.783516Z[0m [32m INFO[0m [2msingularity_world::npcnpc::trigger[0m[2m:[0m [Dialogue Debug]  vs 換班、交接時的情境，簡短交代或叮囑: 
  -> 鄧雅蘭: {"a":"鄧雅蘭「夜色已深，我已經準備好收拾行囊，準備前往下。」"}
  -> 呂英淑: {"b":"呂英淑「鄭秀強，天色已暗，我也已經收拾好，現在該去換班了，」"}
[2m2026-03-25T23:38:10.762749Z[0m [32m INFO[0m [2msingularity_world::npcnpc::trigger[0m[2m:[0m [Dialogue Debug]  vs 換班、交接時的情境，簡短交代或叮囑: 
  -> 鄧雅蘭: 昨夜龍霞華排班剛到，你對過帳，今日帳我對過了，有問。
  -> 莫紅: 最近地脈微光亮些，聽說又有新面孔進了這座城，你對過。
[2m2026-03-25T23:40:40.511084Z[0m [32m INFO[0m [2msingularity_world::npcnpc::trigger[0m[2m:[0m [Dialogue Debug]  vs 換班、交接時的情境，簡短交代或叮囑: 
  -> 鄧雅蘭: 我剛到，覺得挺累。
  -> 魏杰強: 那也沒關係，先回去睡吧。
[2m2026-03-25T23:43:07.209215Z[0m [32m INFO[0m [2msingularity_world::npcnpc::trigger[0m[2m:[0m [Dialogue Debug]  vs 換班、交接時的情境，簡短交代或叮囑: 
  -> 鄭秀強: 我今晚要回去，路上很危險，你別擔心。
  -> 龍霞華: 嗯，那行，我送你，反正你那邊也沒人等你。
[2m2026-03-25T23:45:40.561409Z[0m [32m INFO[0m [2msingularity_world::npcnpc::trigger[0m[2m:[0m [Dialogue Debug]  vs 換班、交接時的情境，簡短交代或叮囑: 
  -> 鄧雅蘭: {"a":"「龍霞華」剛來，帳本對過了，你該」
  -> 曾偉: b":"「我也沒問，只是聽你話就來得早了，不過今"}
[2m2026-03-25T23:48:10.999518Z[0m [32m INFO[0m [2msingularity_world::npcnpc::trigger[0m[2m:[0m [Dialogue Debug]  vs 換班、交接時的情境，簡短交代或叮囑: 
  -> 鄧雅蘭: 我剛從龍霞華排班回來，今晚的夜氣確實有點沉。
  -> 長孫慧: 嗯，剛說鄭秀強那陣子鎮上輻射塵多，我還聽得聽得清楚
[2m2026-03-25T23:50:40.538970Z[0m [32m INFO[0m [2msingularity_world::npcnpc::trigger[0m[2m:[0m [Dialogue Debug]  vs 換班、交接時的情境，簡短交代或叮囑: 
  -> 鄧雅蘭: 你最近過得不好，還得好好照顧自己。
  -> 王國軍: 別擔心，我多謝你關心。
[2m2026-03-25T23:53:07.272376Z[0m [32m INFO[0m [2msingularity_world::npcnpc::trigger[0m[2m:[0m [Dialogue Debug]  vs 換班、交接時的情境，簡短交代或叮囑: 
  -> 龍霞華: 「從這裡到生活花園，你走得真快，我最近」葉俊回
  -> 葉俊: 你剛才說我沒事，我現在確實很沒力氣，
[2m2026-03-25T23:55:37.315982Z[0m [32m INFO[0m [2msingularity_world::npcnpc::trigger[0m[2m:[0m [Dialogue Debug]  vs 換班、交接時的情境，簡短交代或叮囑: 
  -> 鄭秀強: 我最近身體有些疲憊，最近過得不太好，別太累，要保重身體。
  -> 葉俊: 我剛趕到，葉俊也剛趕去，你小心點，注意安全。
[2m2026-03-25T23:58:10.874317Z[0m [32m INFO[0m [2msingularity_world::npcnpc::trigger[0m[2m:[0m [Dialogue Debug]  vs 換班、交接時的情境，簡短交代或叮囑: 
  -> 鄧雅蘭: 龍霞華：排班抵達，今晚我會好好把貨安排，你別太累。
  -> 龔偉: 唔，沒問題，今晚我會好好把貨安排，你別太累。
[2m2026-03-26T00:00:41.641810Z[0m [32m INFO[0m [2msingularity_world::npcnpc::trigger[0m[2m:[0m [Dialogue Debug]  vs 換班、交接時的情境，簡短交代或叮囑: 
  -> 龍霞華: 「從這裡到生活花園，你走得真快，我最近」葉俊回
  -> 葉俊: 你剛才說我沒事，我現在確實很沒力氣，
[2m2026-03-26T00:03:07.237375Z[0m [32m INFO[0m [2msingularity_world::npcnpc::trigger[0m[2m:[0m [Dialogue Debug]  vs 換班、交接時的情境，簡短交代或叮囑: 
  -> 鄭秀強: 我今晚要回去，路上很危險，你別擔心。
  -> 龍霞華: 嗯，那行，我送你，反正你那邊也沒人等你。
[2m2026-03-26T00:05:36.402054Z[0m [31mERROR[0m [2mr2d2[0m[2m:[0m connection closed
[2m2026-03-26T00:05:36.402123Z[0m [31mERROR[0m [2mr2d2[0m[2m:[0m db error: FATAL: terminating connection due to administrator command
[2m2026-03-26T00:05:36.402162Z[0m [31mERROR[0m [2mr2d2[0m[2m:[0m db error: FATAL: terminating connection due to administrator command
[2m2026-03-26T00:05:36.402194Z[0m [31mERROR[0m [2mr2d2[0m[2m:[0m db error: FATAL: terminating connection due to administrator command
[2m2026-03-26T00:05:36.402239Z[0m [31mERROR[0m [2mr2d2[0m[2m:[0m connection closed
[2m2026-03-26T00:05:36.402262Z[0m [31mERROR[0m [2mr2d2[0m[2m:[0m db error: FATAL: terminating connection due to administrator command
[2m2026-03-26T00:05:36.402287Z[0m [31mERROR[0m [2mr2d2[0m[2m:[0m db error: FATAL: terminating connection due to administrator command
[2m2026-03-26T00:05:36.402317Z[0m [31mERROR[0m [2mr2d2[0m[2m:[0m db error: FATAL: terminating connection due to administrator command
[2m2026-03-26T00:05:36.402352Z[0m [31mERROR[0m [2mr2d2[0m[2m:[0m connection closed
[2m2026-03-26T00:05:36.402378Z[0m [31mERROR[0m [2mr2d2[0m[2m:[0m connection closed
[2m2026-03-26T00:10:37.315658Z[0m [32m INFO[0m [2msingularity_world::npcnpc::trigger[0m[2m:[0m [Dialogue Debug]  vs 換班、交接時的情境，簡短交代或叮囑: 
  -> 鄭秀強: 龍霞華：早，你來這該不是為了去哪吧？
  -> 葉俊: 早，我剛趕到，龍霞華，我來這該不是為了去哪吧？
[2m2026-03-26T00:14:45.038121Z[0m [32m INFO[0m [2msingularity_world::store[0m[2m:[0m [store] Syncing all rooms (638) to PostgreSQL...
[2m2026-03-26T00:14:46.213294Z[0m [32m INFO[0m [2msingularity_world::store[0m[2m:[0m [store] PostgreSQL room sync completed.
[2m2026-03-26T00:14:46.214595Z[0m [32m INFO[0m [2mpathfind[0m[2m:[0m graph synced from store: 638 rooms, 1275 directed edges
[2m2026-03-26T00:20:38.318541Z[0m [32m INFO[0m [2msingularity_world::npcnpc::trigger[0m[2m:[0m [Dialogue Debug]  vs 換班、交接時的情境，簡短交代或叮囑: 
  -> 鄭秀強: 今日帳我對過了，有問題再叫我。
  -> 葉俊: 早，我剛趕到，龍霞華，我來這該不是為了去哪吧？
[2m2026-03-26T00:24:23.396789Z[0m [32m INFO[0m [2mpathfind[0m[2m:[0m graph synced from store: 638 rooms, 1275 directed edges
[2m2026-03-26T00:25:50.280107Z[0m [32m INFO[0m [2mpathfind[0m[2m:[0m graph synced from store: 638 rooms, 1275 directed edges
[2m2026-03-26T00:28:07.180683Z[0m [32m INFO[0m [2msingularity_world::npcnpc::trigger[0m[2m:[0m [Dialogue Debug]  vs 換班、交接時的情境，簡短交代或叮囑: 
  -> 龍霞華: 「從這裡到生活花園，你走得真快，我最近」葉俊回
  -> 葉俊: 你剛才說我沒事，我現在確實很沒力氣，
[2m2026-03-26T00:28:32.203467Z[0m [32m INFO[0m [2msingularity_world::store[0m[2m:[0m [store] Syncing all rooms (638) to PostgreSQL...
[2m2026-03-26T00:28:33.370194Z[0m [32m INFO[0m [2msingularity_world::store[0m[2m:[0m [store] PostgreSQL room sync completed.
[2m2026-03-26T00:28:33.370968Z[0m [32m INFO[0m [2mpathfind[0m[2m:[0m graph synced from store: 638 rooms, 1275 directed edges
[2m2026-03-26T00:30:37.224729Z[0m [32m INFO[0m [2msingularity_world::npcnpc::trigger[0m[2m:[0m [Dialogue Debug]  vs 換班、交接時的情境，簡短交代或叮囑: 
  -> 鄭秀強: 我今晚要回去，路上很危險，你別擔心。
  -> 龍霞華: 嗯，那行，我送你，反正你那邊也沒人等你。
[2m2026-03-26T00:35:08.007179Z[0m [32m INFO[0m [2mpathfind[0m[2m:[0m graph synced from store: 638 rooms, 1275 directed edges
[2m2026-03-26T00:35:41.539843Z[0m [32m INFO[0m [2msingularity_world::npcnpc::trigger[0m[2m:[0m [Dialogue Debug]  vs 換班、交接時的情境，簡短交代或叮囑: 
  -> 鄧雅蘭: 你盯一下，今晚的排班變動得仔細看清楚，
  -> 陸淑華: 好的，我會仔細看。
[2m2026-03-26T00:36:30.170630Z[0m [32m INFO[0m [2mpathfind[0m[2m:[0m graph synced from store: 638 rooms, 1275 directed edges
[2m2026-03-26T00:38:10.537306Z[0m [32m INFO[0m [2msingularity_world::npcnpc::trigger[0m[2m:[0m [Dialogue Debug]  vs 換班、交接時的情境，簡短交代或叮囑: 
  -> 鄧雅蘭: 你剛到，覺得挺累，我剛回過頭來。
  -> 魏杰強: 那也沒關係，先回去睡吧。
[2m2026-03-26T00:40:19.783266Z[0m [32m INFO[0m [2mpathfind[0m[2m:[0m graph synced from store: 638 rooms, 1275 directed edges
[2m2026-03-26T00:40:40.593524Z[0m [32m INFO[0m [2msingularity_world::npcnpc::trigger[0m[2m:[0m [Dialogue Debug]  vs 換班、交接時的情境，簡短交代或叮囑: 
  -> 鄧雅蘭: 最近帳我對過了，有問題再叫我。
  -> 王國軍: 別擔心，我多謝你關心。
[2m2026-03-26T00:45:40.834893Z[0m [32m INFO[0m [2msingularity_world::npcnpc::trigger[0m[2m:[0m [Dialogue Debug]  vs 換班、交接時的情境，簡短交代或叮囑: 
  -> 鄧雅蘭: 夜色已深，我已經準備好收拾行囊」呂英淑「鄭秀強，天色已暗，我也已經收拾
  -> 呂英淑: 昨夜還睡得著嗎？
[2m2026-03-26T00:48:10.734253Z[0m [32m INFO[0m [2msingularity_world::npcnpc::trigger[0m[2m:[0m [Dialogue Debug]  vs 換班、交接時的情境，簡短交代或叮囑: 
  -> 鄧雅蘭: {"a":"鄧雅蘭：「我最近也常常覺得，」"}
  -> 陸淑華: {"b":"陸淑華：「嗯，」"}
[2m2026-03-26T00:50:40.658317Z[0m [32m INFO[0m [2msingularity_world::npcnpc::trigger[0m[2m:[0m [Dialogue Debug]  vs 換班、交接時的情境，簡短交代或叮囑: 
  -> 鄧雅蘭: 我剛到，覺得挺累，今天這幾天米鹽又貴了一點，街坊都在精…
  -> 魏杰強: 那也沒關係，先回去睡吧。
[2m2026-03-26T00:53:11.265812Z[0m [32m INFO[0m [2msingularity_world::npcnpc::trigger[0m[2m:[0m [Dialogue Debug]  vs 換班、交接時的情境，簡短交代或叮囑: 
  -> 鄧雅蘭: 龍霞華 剛來，帳本都對過了，你該說些什麼？
  -> 曾偉: 我也沒問，只是聽你話就來得早了，不過今
[2m2026-03-26T00:58:11.305042Z[0m [32m INFO[0m [2msingularity_world::npcnpc::trigger[0m[2m:[0m [Dialogue Debug]  vs 換班、交接時的情境，簡短交代或叮囑: 
  -> 鄧雅蘭: 今晚夜色確實沉悶，龍霞華剛到，鄭秀強那陣子輻射塵多，街坊們說米鹽又貴了一點。
  -> 長孫慧: 嗯，剛說鄭秀強那陣子輻射塵多，我還聽得聽得清楚
[2m2026-03-26T01:00:40.706655Z[0m [32m INFO[0m [2msingularity_world::npcnpc::trigger[0m[2m:[0m [Dialogue Debug]  vs 換班、交接時的情境，簡短交代或叮囑: 
  -> 鄧雅蘭: 這幾天米鹽又貴了一點，街坊都在精…
  -> 莫芬敏: 有問題再叫我
[2m2026-03-26T01:05:01.592833Z[0m [32m INFO[0m [2mpathfind[0m[2m:[0m graph synced from store: 639 rooms, 1275 directed edges
[2m2026-03-26T01:06:03.441252Z[0m [32m INFO[0m [2mpathfind[0m[2m:[0m graph synced from store: 639 rooms, 1275 directed edges
[2m2026-03-26T01:08:07.304325Z[0m [32m INFO[0m [2msingularity_world::npcnpc::trigger[0m[2m:[0m [Dialogue Debug]  vs 換班、交接時的情境，簡短交代或叮囑: 
  -> 龍霞華: 「從這裡到生活花園，你走得真快，我最近」葉俊回
  -> 葉俊: 你剛才說我沒事，我現在確實很沒力氣，
[2m2026-03-26T01:10:37.600975Z[0m [32m INFO[0m [2msingularity_world::npcnpc::trigger[0m[2m:[0m [Dialogue Debug]  vs 換班、交接時的情境，簡短交代或叮囑: 
  -> 鄭秀強: 早，你來這該不是為了去哪吧？」葉俊回「早，我剛趕到，龍霞華，我來這該不是為了去哪吧？
  -> 葉俊: 龍霞華：「早，我剛趕到，龍霞華，我來這該不是為了去哪吧？」
[2m2026-03-26T01:14:51.003515Z[0m [32m INFO[0m [2mpostgres::connection[0m[2m:[0m NOTICE: extension "vector" already exists, skipping
[2m2026-03-26T01:14:51.003705Z[0m [32m INFO[0m [2mpostgres::connection[0m[2m:[0m NOTICE: relation "auth" already exists, skipping
[2m2026-03-26T01:14:51.003778Z[0m [32m INFO[0m [2mpostgres::connection[0m[2m:[0m NOTICE: relation "event_log" already exists, skipping
[2m2026-03-26T01:14:51.003960Z[0m [32m INFO[0m [2mpostgres::connection[0m[2m:[0m NOTICE: relation "idx_event_log_entity_id" already exists, skipping
[2m2026-03-26T01:14:51.004068Z[0m [32m INFO[0m [2mpostgres::connection[0m[2m:[0m NOTICE: relation "archival" already exists, skipping
[2m2026-03-26T01:14:51.004188Z[0m [32m INFO[0m [2mpostgres::connection[0m[2m:[0m NOTICE: relation "idx_archival_entity_id" already exists, skipping
[2m2026-03-26T01:14:51.004258Z[0m [32m INFO[0m [2mpostgres::connection[0m[2m:[0m NOTICE: relation "npc_memories" already exists, skipping
[2m2026-03-26T01:14:51.004309Z[0m [32m INFO[0m [2mpostgres::connection[0m[2m:[0m NOTICE: relation "npc_summaries" already exists, skipping
[2m2026-03-26T01:14:51.004359Z[0m [32m INFO[0m [2mpostgres::connection[0m[2m:[0m NOTICE: relation "npc_npc_summaries" already exists, skipping
[2m2026-03-26T01:14:51.004418Z[0m [32m INFO[0m [2mpostgres::connection[0m[2m:[0m NOTICE: relation "npc_threads" already exists, skipping
[2m2026-03-26T01:14:51.004509Z[0m [32m INFO[0m [2mpostgres::connection[0m[2m:[0m NOTICE: relation "npc_dyads" already exists, skipping
[2m2026-03-26T01:14:51.004587Z[0m [32m INFO[0m [2mpostgres::connection[0m[2m:[0m NOTICE: relation "npc_rumors" already exists, skipping
[2m2026-03-26T01:14:51.004654Z[0m [32m INFO[0m [2mpostgres::connection[0m[2m:[0m NOTICE: relation "rooms" already exists, skipping
[2m2026-03-26T01:14:51.004708Z[0m [32m INFO[0m [2mpostgres::connection[0m[2m:[0m NOTICE: relation "exits" already exists, skipping
[2m2026-03-26T01:14:51.004779Z[0m [32m INFO[0m [2mpostgres::connection[0m[2m:[0m NOTICE: relation "world_lexicon" already exists, skipping
[2m2026-03-26T01:14:51.004790Z[0m [32m INFO[0m [2msingularity_world::store[0m[2m:[0m [store] Initialized PostgreSQL Pool at postgres://postgres:singularity@localhost:5432/singularity
[2m2026-03-26T01:14:51.006557Z[0m [32m INFO[0m [2msingularity_world::store[0m[2m:[0m [store] loaded: 639 rooms, 319 entity_room, 1 venues, 4 assignments, 3 schedules, 319 entities, 10 items
[2m2026-03-26T01:14:51.006616Z[0m [32m INFO[0m [2msingularity_world::store[0m[2m:[0m [store] Syncing all rooms (639) to PostgreSQL...
[2m2026-03-26T01:14:52.236479Z[0m [32m INFO[0m [2msingularity_world::store[0m[2m:[0m [store] PostgreSQL room sync completed.
[2m2026-03-26T01:14:52.236655Z[0m [32m INFO[0m [2mnpc_behavior[0m[2m:[0m loaded 18 roles from /home/tanger/Projects/singularity_world/data/npc_behaviors.json
[2m2026-03-26T01:14:52.237160Z[0m [32m INFO[0m [2mpathfind[0m[2m:[0m graph synced from store: 639 rooms, 1275 directed edges
[2m2026-03-26T01:14:52.237375Z[0m [32m INFO[0m [2msingularity_world::server::run[0m[2m:[0m Rust server listening on http://0.0.0.0:1721 (WebSocket /ws)
[2m2026-03-26T01:14:52.259621Z[0m [32m INFO[0m [2msingularity_world::server::simulation_loop[0m[2m:[0m 注入事件種子: 三樓醫療區最近比較忙，好像是採集隊回城的季節
[2m2026-03-26T01:14:57.086631Z[0m [32m INFO[0m [2msingularity_world::npcnpc::trigger[0m[2m:[0m [Dialogue Debug] 浮生城10F vs 換班、交接時的情境，簡短交代或叮囑: 
  -> 錢蘭: 今晚十點，葉俊要來排班，我該帶點什麼去見他。
  -> 黎蘭芬: 你剛說今晚十點？我剛才還在等，怕你太忙了。
[2m2026-03-26T01:16:29.184724Z[0m [32m INFO[0m [2mpathfind[0m[2m:[0m graph synced from store: 639 rooms, 1275 directed edges
[2m2026-03-26T01:16:29.186513Z[0m [32m INFO[0m [2mpathfind[0m[2m:[0m graph synced from store: 639 rooms, 1275 directed edges
[2m2026-03-26T01:18:08.974401Z[0m [32m INFO[0m [2msingularity_world::npcnpc::trigger[0m[2m:[0m [Dialogue Debug] 浮生城10F vs 換班、交接時的情境，簡短交代或叮囑: 
  -> 葉俊: {"a":"葉俊：「今日帳我對過了，有問題再叫我。」"}
  -> 龍霞華: {"b":"龍霞華：「你剛才說我沒事，我現在確實很沒力氣。」"}
[2m2026-03-26T01:20:39.104438Z[0m [32m INFO[0m [2msingularity_world::npcnpc::trigger[0m[2m:[0m [Dialogue Debug] 浮生城10F vs 換班、交接時的情境，簡短交代或叮囑: 
  -> 錢蘭: 我剛剛才剛回來，剛才葉俊說要趕去生活花園，三樓醫療區最近挺忙的，好像是採集隊回城的季節。
  -> 嚴國志: 嗯，那我先回去了，晚班辛苦。
[2m2026-03-26T01:23:09.053829Z[0m [32m INFO[0m [2msingularity_world::npcnpc::trigger[0m[2m:[0m [Dialogue Debug] 浮生城10F vs 換班、交接時的情境，簡短交代或叮囑: 
  -> 黎蘭芬: 你最近過得好不好？我最近也不太好，怕事吧。
  -> 嚴國志: 嗯，最近也難受。你盯一下，我來。
[2m2026-03-26T01:24:52.751301Z[0m [32m INFO[0m [2msingularity_world::server::simulation_loop[0m[2m:[0m 注入事件種子: 市集今天來了一批品相很好的玉質木材，攤販搶著進貨
[2m2026-03-26T01:25:37.367444Z[0m [32m INFO[0m [2msingularity_world::npcnpc::trigger[0m[2m:[0m [Dialogue Debug]  vs 換班、交接時的情境，簡短交代或叮囑: 
  -> 龍霞華: 龍霞華，我剛走過這裡，天色烏雲沉沉，路邊那家藥房好像有幾人進出，你打算去哪？
  -> 鄭秀強: 鄭秀強，我剛走過這裡，天色烏雲沉沉，路邊那家藥房好像有幾人進出，我打算去哪？
[2m2026-03-26T01:28:07.492904Z[0m [32m INFO[0m [2msingularity_world::npcnpc::trigger[0m[2m:[0m [Dialogue Debug] 浮生城10F vs 換班、交接時的情境，簡短交代或叮囑: 
  -> 黎蘭芬: 今天帳我對過了，有問題再叫我。」葉俊，離開前往 life_garden。
  -> 葉俊: 「今日帳我對過了，有問題再叫我。」黎蘭芬，今日帳我對過了，有問題再叫我。
[2m2026-03-26T01:33:08.211630Z[0m [32m INFO[0m [2msingularity_world::npcnpc::trigger[0m[2m:[0m [Dialogue Debug] 浮生城10F vs 換班、交接時的情境，簡短交代或叮囑: 
  -> 黎蘭芬: 我剛把剛才的玉木木料調好，準備進店賣，但看到葉俊還在排班，心裡挺慌的。
  -> 石國美: 你倒是先回，別太急著。
[2m2026-03-26T01:34:52.750894Z[0m [32m INFO[0m [2msingularity_world::server::simulation_loop[0m[2m:[0m 注入事件種子: 有住戶說家裡石板縫長出了新的發光菌絲，紫綠色的
[2m2026-03-26T01:35:37.152566Z[0m [32m INFO[0m [2msingularity_world::npcnpc::trigger[0m[2m:[0m [Dialogue Debug] 浮生城10F vs 換班、交接時的情境，簡短交代或叮囑: 
  -> 黎蘭芬: 那地方太吵，我先回。
  -> 慕容敏: 嗯，辛苦啦。
[2m2026-03-26T01:44:52.750975Z[0m [32m INFO[0m [2msingularity_world::server::simulation_loop[0m[2m:[0m 注入事件種子: 最近幾天金屬器具的表面都浮了一層淡淡的礦脈紋路
[2m2026-03-26T01:54:53.248337Z[0m [32m INFO[0m [2msingularity_world::server::simulation_loop[0m[2m:[0m 注入事件種子: 走廊的老長凳被根鬚纏得更穩了，坐起來比以前舒服
[2m2026-03-26T01:56:46.142754Z[0m [32m INFO[0m [2mpathfind[0m[2m:[0m graph synced from store: 639 rooms, 1275 directed edges
[2m2026-03-26T01:56:46.156411Z[0m [32m INFO[0m [2mpathfind[0m[2m:[0m graph synced from store: 639 rooms, 1275 directed edges
[2m2026-03-26T01:56:46.160386Z[0m [32m INFO[0m [2mpathfind[0m[2m:[0m graph synced from store: 639 rooms, 1275 directed edges
[2m2026-03-26T01:56:46.167489Z[0m [32m INFO[0m [2mpathfind[0m[2m:[0m graph synced from store: 639 rooms, 1275 directed edges
[2m2026-03-26T01:56:46.170457Z[0m [32m INFO[0m [2mpathfind[0m[2m:[0m graph synced from store: 639 rooms, 1275 directed edges
[2m2026-03-26T01:56:46.176196Z[0m [32m INFO[0m [2mpathfind[0m[2m:[0m graph synced from store: 639 rooms, 1275 directed edges
[2m2026-03-26T01:56:46.179470Z[0m [32m INFO[0m [2mpathfind[0m[2m:[0m graph synced from store: 639 rooms, 1275 directed edges
[2m2026-03-26T01:56:46.183478Z[0m [32m INFO[0m [2mpathfind[0m[2m:[0m graph synced from store: 639 rooms, 1275 directed edges
[2m2026-03-26T01:56:46.186643Z[0m [32m INFO[0m [2mpathfind[0m[2m:[0m graph synced from store: 639 rooms, 1275 directed edges
[2m2026-03-26T01:56:46.192525Z[0m [32m INFO[0m [2mpathfind[0m[2m:[0m graph synced from store: 639 rooms, 1275 directed edges
[2m2026-03-26T01:56:46.195739Z[0m [32m INFO[0m [2mpathfind[0m[2m:[0m graph synced from store: 639 rooms, 1275 directed edges
[2m2026-03-26T01:56:46.198987Z[0m [32m INFO[0m [2mpathfind[0m[2m:[0m graph synced from store: 639 rooms, 1275 directed edges
[2m2026-03-26T01:56:46.202099Z[0m [32m INFO[0m [2mpathfind[0m[2m:[0m graph synced from store: 639 rooms, 1275 directed edges
[2m2026-03-26T01:56:46.203924Z[0m [32m INFO[0m [2mpathfind[0m[2m:[0m graph synced from store: 639 rooms, 1275 directed edges
[2m2026-03-26T01:56:54.774619Z[0m [32m INFO[0m [2mpathfind[0m[2m:[0m graph synced from store: 639 rooms, 1275 directed edges
[2m2026-03-26T01:57:59.547285Z[0m [32m INFO[0m [2mpathfind[0m[2m:[0m graph synced from store: 639 rooms, 1275 directed edges
[2m2026-03-26T01:57:59.550138Z[0m [32m INFO[0m [2mpathfind[0m[2m:[0m graph synced from store: 639 rooms, 1275 directed edges
[2m2026-03-26T01:57:59.557749Z[0m [32m INFO[0m [2mpathfind[0m[2m:[0m graph synced from store: 639 rooms, 1275 directed edges
[2m2026-03-26T01:57:59.560189Z[0m [32m INFO[0m [2mpathfind[0m[2m:[0m graph synced from store: 639 rooms, 1275 directed edges
[2m2026-03-26T01:57:59.562676Z[0m [32m INFO[0m [2mpathfind[0m[2m:[0m graph synced from store: 639 rooms, 1275 directed edges
[2m2026-03-26T01:57:59.565098Z[0m [32m INFO[0m [2mpathfind[0m[2m:[0m graph synced from store: 639 rooms, 1275 directed edges
[2m2026-03-26T01:57:59.570781Z[0m [32m INFO[0m [2mpathfind[0m[2m:[0m graph synced from store: 639 rooms, 1275 directed edges
[2m2026-03-26T01:57:59.573010Z[0m [32m INFO[0m [2mpathfind[0m[2m:[0m graph synced from store: 639 rooms, 1275 directed edges
[2m2026-03-26T01:57:59.575398Z[0m [32m INFO[0m [2mpathfind[0m[2m:[0m graph synced from store: 639 rooms, 1275 directed edges
[2m2026-03-26T01:57:59.577640Z[0m [32m INFO[0m [2mpathfind[0m[2m:[0m graph synced from store: 639 rooms, 1275 directed edges
[2m2026-03-26T01:57:59.583581Z[0m [32m INFO[0m [2mpathfind[0m[2m:[0m graph synced from store: 639 rooms, 1275 directed edges
[2m2026-03-26T01:57:59.585889Z[0m [32m INFO[0m [2mpathfind[0m[2m:[0m graph synced from store: 639 rooms, 1275 directed edges
[2m2026-03-26T01:57:59.588232Z[0m [32m INFO[0m [2mpathfind[0m[2m:[0m graph synced from store: 639 rooms, 1275 directed edges
[2m2026-03-26T01:57:59.590024Z[0m [32m INFO[0m [2mpathfind[0m[2m:[0m graph synced from store: 639 rooms, 1275 directed edges
[2m2026-03-26T01:58:04.016853Z[0m [32m INFO[0m [2mpathfind[0m[2m:[0m graph synced from store: 639 rooms, 1275 directed edges
[2m2026-03-26T01:58:07.625934Z[0m [32m INFO[0m [2msingularity_world::npcnpc::trigger[0m[2m:[0m [Dialogue Debug] 浮生城10F vs 換班、交接時的情境，簡短交代或叮囑: 
  -> 黎蘭芬: 那地方太吵，我先回。
  -> 慕容敏: 那地方太吵，我先回。
[2m2026-03-26T01:59:04.265479Z[0m [32m INFO[0m [2mpathfind[0m[2m:[0m graph synced from store: 639 rooms, 1275 directed edges
[2m2026-03-26T01:59:04.273101Z[0m [32m INFO[0m [2mpathfind[0m[2m:[0m graph synced from store: 639 rooms, 1275 directed edges
[2m2026-03-26T01:59:04.279174Z[0m [32m INFO[0m [2mpathfind[0m[2m:[0m graph synced from store: 639 rooms, 1275 directed edges
[2m2026-03-26T01:59:04.280939Z[0m [32m INFO[0m [2mpathfind[0m[2m:[0m graph synced from store: 639 rooms, 1275 directed edges
[2m2026-03-26T01:59:04.282697Z[0m [32m INFO[0m [2mpathfind[0m[2m:[0m graph synced from store: 639 rooms, 1275 directed edges
[2m2026-03-26T01:59:04.284340Z[0m [32m INFO[0m [2mpathfind[0m[2m:[0m graph synced from store: 639 rooms, 1275 directed edges
[2m2026-03-26T01:59:04.286014Z[0m [32m INFO[0m [2mpathfind[0m[2m:[0m graph synced from store: 639 rooms, 1275 directed edges
[2m2026-03-26T01:59:04.287596Z[0m [32m INFO[0m [2mpathfind[0m[2m:[0m graph synced from store: 639 rooms, 1275 directed edges
[2m2026-03-26T01:59:04.289161Z[0m [32m INFO[0m [2mpathfind[0m[2m:[0m graph synced from store: 639 rooms, 1275 directed edges
[2m2026-03-26T01:59:04.291076Z[0m [32m INFO[0m [2mpathfind[0m[2m:[0m graph synced from store: 639 rooms, 1275 directed edges
[2m2026-03-26T01:59:04.292573Z[0m [32m INFO[0m [2mpathfind[0m[2m:[0m graph synced from store: 639 rooms, 1275 directed edges
[2m2026-03-26T01:59:04.294073Z[0m [32m INFO[0m [2mpathfind[0m[2m:[0m graph synced from store: 639 rooms, 1275 directed edges
[2m2026-03-26T01:59:04.299821Z[0m [32m INFO[0m [2mpathfind[0m[2m:[0m graph synced from store: 639 rooms, 1275 directed edges
[2m2026-03-26T01:59:04.301570Z[0m [32m INFO[0m [2mpathfind[0m[2m:[0m graph synced from store: 639 rooms, 1275 directed edges
[2m2026-03-26T01:59:06.254229Z[0m [32m INFO[0m [2mpathfind[0m[2m:[0m graph synced from store: 639 rooms, 1275 directed edges
[2m2026-03-26T01:59:45.879431Z[0m [32m INFO[0m [2mpathfind[0m[2m:[0m graph synced from store: 639 rooms, 1275 directed edges
[2m2026-03-26T01:59:45.881296Z[0m [32m INFO[0m [2mpathfind[0m[2m:[0m graph synced from store: 639 rooms, 1275 directed edges
[2m2026-03-26T01:59:45.883022Z[0m [32m INFO[0m [2mpathfind[0m[2m:[0m graph synced from store: 639 rooms, 1275 directed edges
[2m2026-03-26T01:59:45.884560Z[0m [32m INFO[0m [2mpathfind[0m[2m:[0m graph synced from store: 639 rooms, 1275 directed edges
[2m2026-03-26T01:59:45.890756Z[0m [32m INFO[0m [2mpathfind[0m[2m:[0m graph synced from store: 639 rooms, 1275 directed edges
[2m2026-03-26T01:59:45.897638Z[0m [32m INFO[0m [2mpathfind[0m[2m:[0m graph synced from store: 639 rooms, 1275 directed edges
[2m2026-03-26T01:59:45.899332Z[0m [32m INFO[0m [2mpathfind[0m[2m:[0m graph synced from store: 639 rooms, 1275 directed edges
[2m2026-03-26T01:59:45.900887Z[0m [32m INFO[0m [2mpathfind[0m[2m:[0m graph synced from store: 639 rooms, 1275 directed edges
[2m2026-03-26T01:59:45.902395Z[0m [32m INFO[0m [2mpathfind[0m[2m:[0m graph synced from store: 639 rooms, 1275 directed edges
[2m2026-03-26T01:59:45.903937Z[0m [32m INFO[0m [2mpathfind[0m[2m:[0m graph synced from store: 639 rooms, 1275 directed edges
[2m2026-03-26T01:59:45.905645Z[0m [32m INFO[0m [2mpathfind[0m[2m:[0m graph synced from store: 639 rooms, 1275 directed edges
[2m2026-03-26T01:59:45.911396Z[0m [32m INFO[0m [2mpathfind[0m[2m:[0m graph synced from store: 639 rooms, 1275 directed edges
[2m2026-03-26T01:59:45.912958Z[0m [32m INFO[0m [2mpathfind[0m[2m:[0m graph synced from store: 639 rooms, 1275 directed edges
[2m2026-03-26T01:59:45.914472Z[0m [32m INFO[0m [2mpathfind[0m[2m:[0m graph synced from store: 639 rooms, 1275 directed edges
[2m2026-03-26T01:59:47.685380Z[0m [32m INFO[0m [2mpathfind[0m[2m:[0m graph synced from store: 639 rooms, 1275 directed edges
[2m2026-03-26T02:00:21.171697Z[0m [32m INFO[0m [2mpathfind[0m[2m:[0m graph synced from store: 639 rooms, 1275 directed edges
[2m2026-03-26T02:00:21.173677Z[0m [32m INFO[0m [2mpathfind[0m[2m:[0m graph synced from store: 639 rooms, 1275 directed edges
[2m2026-03-26T02:00:21.180836Z[0m [32m INFO[0m [2mpathfind[0m[2m:[0m graph synced from store: 639 rooms, 1275 directed edges
[2m2026-03-26T02:00:21.182439Z[0m [32m INFO[0m [2mpathfind[0m[2m:[0m graph synced from store: 639 rooms, 1275 directed edges
[2m2026-03-26T02:00:21.183985Z[0m [32m INFO[0m [2mpathfind[0m[2m:[0m graph synced from store: 639 rooms, 1275 directed edges
[2m2026-03-26T02:00:21.189854Z[0m [32m INFO[0m [2mpathfind[0m[2m:[0m graph synced from store: 639 rooms, 1275 directed edges
[2m2026-03-26T02:00:21.191564Z[0m [32m INFO[0m [2mpathfind[0m[2m:[0m graph synced from store: 639 rooms, 1275 directed edges
[2m2026-03-26T02:00:21.193108Z[0m [32m INFO[0m [2mpathfind[0m[2m:[0m graph synced from store: 639 rooms, 1275 directed edges
[2m2026-03-26T02:00:21.194586Z[0m [32m INFO[0m [2mpathfind[0m[2m:[0m graph synced from store: 639 rooms, 1275 directed edges
[2m2026-03-26T02:00:21.196166Z[0m [32m INFO[0m [2mpathfind[0m[2m:[0m graph synced from store: 639 rooms, 1275 directed edges
[2m2026-03-26T02:00:21.202064Z[0m [32m INFO[0m [2mpathfind[0m[2m:[0m graph synced from store: 639 rooms, 1275 directed edges
[2m2026-03-26T02:00:21.203638Z[0m [32m INFO[0m [2mpathfind[0m[2m:[0m graph synced from store: 639 rooms, 1275 directed edges
[2m2026-03-26T02:00:21.205190Z[0m [32m INFO[0m [2mpathfind[0m[2m:[0m graph synced from store: 639 rooms, 1275 directed edges
[2m2026-03-26T02:00:21.206774Z[0m [32m INFO[0m [2mpathfind[0m[2m:[0m graph synced from store: 639 rooms, 1275 directed edges
[2m2026-03-26T02:00:23.149743Z[0m [32m INFO[0m [2mpathfind[0m[2m:[0m graph synced from store: 639 rooms, 1275 directed edges
[2m2026-03-26T02:01:09.271347Z[0m [32m INFO[0m [2mpathfind[0m[2m:[0m graph synced from store: 639 rooms, 1275 directed edges
[2m2026-03-26T02:01:09.277614Z[0m [32m INFO[0m [2mpathfind[0m[2m:[0m graph synced from store: 639 rooms, 1275 directed edges
[2m2026-03-26T02:01:09.279371Z[0m [32m INFO[0m [2mpathfind[0m[2m:[0m graph synced from store: 639 rooms, 1275 directed edges
[2m2026-03-26T02:01:09.286642Z[0m [32m INFO[0m [2mpathfind[0m[2m:[0m graph synced from store: 639 rooms, 1275 directed edges
[2m2026-03-26T02:01:09.288296Z[0m [32m INFO[0m [2mpathfind[0m[2m:[0m graph synced from store: 639 rooms, 1275 directed edges
[2m2026-03-26T02:01:09.289914Z[0m [32m INFO[0m [2mpathfind[0m[2m:[0m graph synced from store: 639 rooms, 1275 directed edges
[2m2026-03-26T02:01:09.291461Z[0m [32m INFO[0m [2mpathfind[0m[2m:[0m graph synced from store: 639 rooms, 1275 directed edges
[2m2026-03-26T02:01:09.296977Z[0m [32m INFO[0m [2mpathfind[0m[2m:[0m graph synced from store: 639 rooms, 1275 directed edges
[2m2026-03-26T02:01:09.298650Z[0m [32m INFO[0m [2mpathfind[0m[2m:[0m graph synced from store: 639 rooms, 1275 directed edges
[2m2026-03-26T02:01:09.300228Z[0m [32m INFO[0m [2mpathfind[0m[2m:[0m graph synced from store: 639 rooms, 1275 directed edges
[2m2026-03-26T02:01:09.301845Z[0m [32m INFO[0m [2mpathfind[0m[2m:[0m graph synced from store: 639 rooms, 1275 directed edges
[2m2026-03-26T02:01:09.303467Z[0m [32m INFO[0m [2mpathfind[0m[2m:[0m graph synced from store: 639 rooms, 1275 directed edges
[2m2026-03-26T02:01:09.314254Z[0m [32m INFO[0m [2mpathfind[0m[2m:[0m graph synced from store: 639 rooms, 1275 directed edges
[2m2026-03-26T02:01:09.315660Z[0m [32m INFO[0m [2mpathfind[0m[2m:[0m graph synced from store: 639 rooms, 1275 directed edges
[2m2026-03-26T02:04:00.926349Z[0m [32m INFO[0m [2mpathfind[0m[2m:[0m graph synced from store: 639 rooms, 1275 directed edges
[2m2026-03-26T02:04:53.260031Z[0m [32m INFO[0m [2msingularity_world::server::simulation_loop[0m[2m:[0m 注入事件種子: 加了福的肉質蔬果到貨了，今天特別新鮮
[2m2026-03-26T02:05:02.399897Z[0m [32m INFO[0m [2mpathfind[0m[2m:[0m graph synced from store: 639 rooms, 1275 directed edges
[2m2026-03-26T02:05:02.402372Z[0m [32m INFO[0m [2mpathfind[0m[2m:[0m graph synced from store: 639 rooms, 1275 directed edges
[2m2026-03-26T02:05:02.418819Z[0m [32m INFO[0m [2mpathfind[0m[2m:[0m graph synced from store: 639 rooms, 1275 directed edges
[2m2026-03-26T02:05:02.421217Z[0m [32m INFO[0m [2mpathfind[0m[2m:[0m graph synced from store: 639 rooms, 1275 directed edges
[2m2026-03-26T02:05:02.423557Z[0m [32m INFO[0m [2mpathfind[0m[2m:[0m graph synced from store: 639 rooms, 1275 directed edges
[2m2026-03-26T02:05:02.425856Z[0m [32m INFO[0m [2mpathfind[0m[2m:[0m graph synced from store: 639 rooms, 1275 directed edges
[2m2026-03-26T02:05:02.431652Z[0m [32m INFO[0m [2mpathfind[0m[2m:[0m graph synced from store: 639 rooms, 1275 directed edges
[2m2026-03-26T02:05:02.434033Z[0m [32m INFO[0m [2mpathfind[0m[2m:[0m graph synced from store: 639 rooms, 1275 directed edges
[2m2026-03-26T02:05:02.436516Z[0m [32m INFO[0m [2mpathfind[0m[2m:[0m graph synced from store: 639 rooms, 1275 directed edges
[2m2026-03-26T02:05:02.438876Z[0m [32m INFO[0m [2mpathfind[0m[2m:[0m graph synced from store: 639 rooms, 1275 directed edges
[2m2026-03-26T02:05:02.441208Z[0m [32m INFO[0m [2mpathfind[0m[2m:[0m graph synced from store: 639 rooms, 1275 directed edges
[2m2026-03-26T02:05:02.443667Z[0m [32m INFO[0m [2mpathfind[0m[2m:[0m graph synced from store: 639 rooms, 1275 directed edges
[2m2026-03-26T02:05:02.445981Z[0m [32m INFO[0m [2mpathfind[0m[2m:[0m graph synced from store: 639 rooms, 1275 directed edges
[2m2026-03-26T02:05:02.448297Z[0m [32m INFO[0m [2mpathfind[0m[2m:[0m graph synced from store: 639 rooms, 1275 directed edges
[2m2026-03-26T02:05:02.450397Z[0m [32m INFO[0m [2mpathfind[0m[2m:[0m graph synced from store: 639 rooms, 1275 directed edges
[2m2026-03-26T02:05:02.452773Z[0m [32m INFO[0m [2mpathfind[0m[2m:[0m graph synced from store: 639 rooms, 1275 directed edges
[2m2026-03-26T02:05:02.454847Z[0m [32m INFO[0m [2mpathfind[0m[2m:[0m graph synced from store: 639 rooms, 1275 directed edges
[2m2026-03-26T02:05:02.456914Z[0m [32m INFO[0m [2mpathfind[0m[2m:[0m graph synced from store: 639 rooms, 1275 directed edges
[2m2026-03-26T02:05:02.458232Z[0m [32m INFO[0m [2mpathfind[0m[2m:[0m graph synced from store: 639 rooms, 1275 directed edges
[2m2026-03-26T02:10:38.411003Z[0m [32m INFO[0m [2msingularity_world::npcnpc::trigger[0m[2m:[0m [Dialogue Debug]  vs 換班、交接時的情境，簡短交代或叮囑: 
  -> 龍霞華: 今天帳我對過了，有問題再叫我。
  -> 鄭秀強: 我剛走過這裡，天色烏雲沉沉，路邊那家藥房好。
[2m2026-03-26T02:14:53.756928Z[0m [32m INFO[0m [2msingularity_world::server::simulation_loop[0m[2m:[0m 注入事件種子: 五樓那戶陽台的根鬚盤得更緊了，看著倒是挺穩的
[2m2026-03-26T02:15:38.008116Z[0m [32m INFO[0m [2msingularity_world::npcnpc::trigger[0m[2m:[0m [Dialogue Debug]  vs 換班、交接時的情境，簡短交代或叮囑: 
  -> 葉俊: 今日帳我對過了，有問題再叫我。
  -> 龍霞華: 你剛才說我沒事，我現在確實很忙
[2m2026-03-26T02:18:07.153667Z[0m [32m INFO[0m [2msingularity_world::npcnpc::trigger[0m[2m:[0m [Dialogue Debug]  vs 換班、交接時的情境，簡短交代或叮囑: 
  -> 葉俊: 今日帳我對過了，有問題再叫我。
  -> 鄭秀強: 早，你來這該不是為了去哪吧？
[2m2026-03-26T02:18:21.348543Z[0m [32m INFO[0m [2mpathfind[0m[2m:[0m graph synced from store: 639 rooms, 1275 directed edges
[2m2026-03-26T02:18:21.354727Z[0m [32m INFO[0m [2mpathfind[0m[2m:[0m graph synced from store: 639 rooms, 1275 directed edges
[2m2026-03-26T02:18:21.356898Z[0m [32m INFO[0m [2mpathfind[0m[2m:[0m graph synced from store: 639 rooms, 1275 directed edges
[2m2026-03-26T02:18:21.364081Z[0m [32m INFO[0m [2mpathfind[0m[2m:[0m graph synced from store: 639 rooms, 1275 directed edges
[2m2026-03-26T02:18:21.365843Z[0m [32m INFO[0m [2mpathfind[0m[2m:[0m graph synced from store: 639 rooms, 1275 directed edges
[2m2026-03-26T02:18:21.367859Z[0m [32m INFO[0m [2mpathfind[0m[2m:[0m graph synced from store: 639 rooms, 1275 directed edges
[2m2026-03-26T02:18:21.369756Z[0m [32m INFO[0m [2mpathfind[0m[2m:[0m graph synced from store: 639 rooms, 1275 directed edges
[2m2026-03-26T02:18:21.371350Z[0m [32m INFO[0m [2mpathfind[0m[2m:[0m graph synced from store: 639 rooms, 1275 directed edges
[2m2026-03-26T02:18:21.373262Z[0m [32m INFO[0m [2mpathfind[0m[2m:[0m graph synced from store: 639 rooms, 1275 directed edges
[2m2026-03-26T02:18:21.375377Z[0m [32m INFO[0m [2mpathfind[0m[2m:[0m graph synced from store: 639 rooms, 1275 directed edges
[2m2026-03-26T02:18:21.377525Z[0m [32m INFO[0m [2mpathfind[0m[2m:[0m graph synced from store: 639 rooms, 1275 directed edges
[2m2026-03-26T02:18:21.379259Z[0m [32m INFO[0m [2mpathfind[0m[2m:[0m graph synced from store: 639 rooms, 1275 directed edges
[2m2026-03-26T02:18:21.381224Z[0m [32m INFO[0m [2mpathfind[0m[2m:[0m graph synced from store: 639 rooms, 1275 directed edges
[2m2026-03-26T02:18:22.692057Z[0m [32m INFO[0m [2mpathfind[0m[2m:[0m graph synced from store: 639 rooms, 1275 directed edges
[2m2026-03-26T02:19:56.945705Z[0m [32m INFO[0m [2mpathfind[0m[2m:[0m graph synced from store: 639 rooms, 1275 directed edges
[2m2026-03-26T02:19:56.953448Z[0m [32m INFO[0m [2mpathfind[0m[2m:[0m graph synced from store: 639 rooms, 1275 directed edges
[2m2026-03-26T02:19:56.957522Z[0m [32m INFO[0m [2mpathfind[0m[2m:[0m graph synced from store: 639 rooms, 1275 directed edges
[2m2026-03-26T02:19:56.960800Z[0m [32m INFO[0m [2mpathfind[0m[2m:[0m graph synced from store: 639 rooms, 1275 directed edges
[2m2026-03-26T02:19:56.966787Z[0m [32m INFO[0m [2mpathfind[0m[2m:[0m graph synced from store: 639 rooms, 1275 directed edges
[2m2026-03-26T02:19:56.970626Z[0m [32m INFO[0m [2mpathfind[0m[2m:[0m graph synced from store: 639 rooms, 1275 directed edges
[2m2026-03-26T02:19:56.974828Z[0m [32m INFO[0m [2mpathfind[0m[2m:[0m graph synced from store: 639 rooms, 1275 directed edges
[2m2026-03-26T02:19:56.977909Z[0m [32m INFO[0m [2mpathfind[0m[2m:[0m graph synced from store: 639 rooms, 1275 directed edges
[2m2026-03-26T02:19:56.983757Z[0m [32m INFO[0m [2mpathfind[0m[2m:[0m graph synced from store: 639 rooms, 1275 directed edges
[2m2026-03-26T02:19:56.986820Z[0m [32m INFO[0m [2mpathfind[0m[2m:[0m graph synced from store: 639 rooms, 1275 directed edges
[2m2026-03-26T02:19:56.989838Z[0m [32m INFO[0m [2mpathfind[0m[2m:[0m graph synced from store: 639 rooms, 1275 directed edges
[2m2026-03-26T02:19:57.002189Z[0m [32m INFO[0m [2mpathfind[0m[2m:[0m graph synced from store: 639 rooms, 1275 directed edges
[2m2026-03-26T02:19:57.005332Z[0m [32m INFO[0m [2mpathfind[0m[2m:[0m graph synced from store: 639 rooms, 1275 directed edges
[2m2026-03-26T02:19:57.006933Z[0m [32m INFO[0m [2mpathfind[0m[2m:[0m graph synced from store: 639 rooms, 1275 directed edges
[2m2026-03-26T02:19:58.226181Z[0m [32m INFO[0m [2mpathfind[0m[2m:[0m graph synced from store: 639 rooms, 1275 directed edges
[2m2026-03-26T02:21:04.938691Z[0m [32m INFO[0m [2mpathfind[0m[2m:[0m graph synced from store: 639 rooms, 1275 directed edges
[2m2026-03-26T02:21:04.943423Z[0m [32m INFO[0m [2mpathfind[0m[2m:[0m graph synced from store: 639 rooms, 1275 directed edges
[2m2026-03-26T02:21:04.946744Z[0m [32m INFO[0m [2mpathfind[0m[2m:[0m graph synced from store: 639 rooms, 1275 directed edges
[2m2026-03-26T02:21:04.953800Z[0m [32m INFO[0m [2mpathfind[0m[2m:[0m graph synced from store: 639 rooms, 1275 directed edges
[2m2026-03-26T02:21:04.956804Z[0m [32m INFO[0m [2mpathfind[0m[2m:[0m graph synced from store: 639 rooms, 1275 directed edges
[2m2026-03-26T02:21:04.960771Z[0m [32m INFO[0m [2mpathfind[0m[2m:[0m graph synced from store: 639 rooms, 1275 directed edges
[2m2026-03-26T02:21:04.963885Z[0m [32m INFO[0m [2mpathfind[0m[2m:[0m graph synced from store: 639 rooms, 1275 directed edges
[2m2026-03-26T02:21:04.979150Z[0m [32m INFO[0m [2mpathfind[0m[2m:[0m graph synced from store: 639 rooms, 1275 directed edges
[2m2026-03-26T02:21:04.982289Z[0m [32m INFO[0m [2mpathfind[0m[2m:[0m graph synced from store: 639 rooms, 1275 directed edges
[2m2026-03-26T02:21:04.986223Z[0m [32m INFO[0m [2mpathfind[0m[2m:[0m graph synced from store: 639 rooms, 1275 directed edges
[2m2026-03-26T02:21:04.989215Z[0m [32m INFO[0m [2mpathfind[0m[2m:[0m graph synced from store: 639 rooms, 1275 directed edges
[2m2026-03-26T02:21:04.992276Z[0m [32m INFO[0m [2mpathfind[0m[2m:[0m graph synced from store: 639 rooms, 1275 directed edges
[2m2026-03-26T02:21:04.997936Z[0m [32m INFO[0m [2mpathfind[0m[2m:[0m graph synced from store: 639 rooms, 1275 directed edges
[2m2026-03-26T02:21:04.999244Z[0m [32m INFO[0m [2mpathfind[0m[2m:[0m graph synced from store: 639 rooms, 1275 directed edges
[2m2026-03-26T02:21:06.118671Z[0m [32m INFO[0m [2mpathfind[0m[2m:[0m graph synced from store: 639 rooms, 1275 directed edges
[2m2026-03-26T02:21:56.256366Z[0m [32m INFO[0m [2mpathfind[0m[2m:[0m graph synced from store: 639 rooms, 1275 directed edges
[2m2026-03-26T02:21:56.260665Z[0m [32m INFO[0m [2mpathfind[0m[2m:[0m graph synced from store: 639 rooms, 1275 directed edges
[2m2026-03-26T02:21:56.264154Z[0m [32m INFO[0m [2mpathfind[0m[2m:[0m graph synced from store: 639 rooms, 1275 directed edges
[2m2026-03-26T02:21:56.271343Z[0m [32m INFO[0m [2mpathfind[0m[2m:[0m graph synced from store: 639 rooms, 1275 directed edges
[2m2026-03-26T02:21:56.275424Z[0m [32m INFO[0m [2mpathfind[0m[2m:[0m graph synced from store: 639 rooms, 1275 directed edges
[2m2026-03-26T02:21:56.278674Z[0m [32m INFO[0m [2mpathfind[0m[2m:[0m graph synced from store: 639 rooms, 1275 directed edges
[2m2026-03-26T02:21:56.284492Z[0m [32m INFO[0m [2mpathfind[0m[2m:[0m graph synced from store: 639 rooms, 1275 directed edges
[2m2026-03-26T02:21:56.288301Z[0m [32m INFO[0m [2mpathfind[0m[2m:[0m graph synced from store: 639 rooms, 1275 directed edges
[2m2026-03-26T02:21:56.291427Z[0m [32m INFO[0m [2mpathfind[0m[2m:[0m graph synced from store: 639 rooms, 1275 directed edges
[2m2026-03-26T02:21:56.294420Z[0m [32m INFO[0m [2mpathfind[0m[2m:[0m graph synced from store: 639 rooms, 1275 directed edges
[2m2026-03-26T02:21:56.297497Z[0m [32m INFO[0m [2mpathfind[0m[2m:[0m graph synced from store: 639 rooms, 1275 directed edges
[2m2026-03-26T02:21:56.303190Z[0m [32m INFO[0m [2mpathfind[0m[2m:[0m graph synced from store: 639 rooms, 1275 directed edges
[2m2026-03-26T02:21:56.306383Z[0m [32m INFO[0m [2mpathfind[0m[2m:[0m graph synced from store: 639 rooms, 1275 directed edges
[2m2026-03-26T02:21:56.307982Z[0m [32m INFO[0m [2mpathfind[0m[2m:[0m graph synced from store: 639 rooms, 1275 directed edges
[2m2026-03-26T02:21:57.051447Z[0m [32m INFO[0m [2mpathfind[0m[2m:[0m graph synced from store: 639 rooms, 1275 directed edges
[2m2026-03-26T02:22:22.174176Z[0m [32m INFO[0m [2mpathfind[0m[2m:[0m graph synced from store: 639 rooms, 1275 directed edges
[2m2026-03-26T02:22:22.177729Z[0m [32m INFO[0m [2mpathfind[0m[2m:[0m graph synced from store: 639 rooms, 1275 directed edges
[2m2026-03-26T02:22:22.184824Z[0m [32m INFO[0m [2mpathfind[0m[2m:[0m graph synced from store: 639 rooms, 1275 directed edges
[2m2026-03-26T02:22:22.187954Z[0m [32m INFO[0m [2mpathfind[0m[2m:[0m graph synced from store: 639 rooms, 1275 directed edges
[2m2026-03-26T02:22:22.191112Z[0m [32m INFO[0m [2mpathfind[0m[2m:[0m graph synced from store: 639 rooms, 1275 directed edges
[2m2026-03-26T02:22:22.194411Z[0m [32m INFO[0m [2mpathfind[0m[2m:[0m graph synced from store: 639 rooms, 1275 directed edges
[2m2026-03-26T02:22:22.197750Z[0m [32m INFO[0m [2mpathfind[0m[2m:[0m graph synced from store: 639 rooms, 1275 directed edges
[2m2026-03-26T02:22:22.200788Z[0m [32m INFO[0m [2mpathfind[0m[2m:[0m graph synced from store: 639 rooms, 1275 directed edges
[2m2026-03-26T02:22:22.204550Z[0m [32m INFO[0m [2mpathfind[0m[2m:[0m graph synced from store: 639 rooms, 1275 directed edges
[2m2026-03-26T02:22:22.208259Z[0m [32m INFO[0m [2mpathfind[0m[2m:[0m graph synced from store: 639 rooms, 1275 directed edges
[2m2026-03-26T02:22:22.214010Z[0m [32m INFO[0m [2mpathfind[0m[2m:[0m graph synced from store: 639 rooms, 1275 directed edges
[2m2026-03-26T02:22:22.217789Z[0m [32m INFO[0m [2mpathfind[0m[2m:[0m graph synced from store: 639 rooms, 1275 directed edges
[2m2026-03-26T02:22:22.223688Z[0m [32m INFO[0m [2mpathfind[0m[2m:[0m graph synced from store: 639 rooms, 1275 directed edges
[2m2026-03-26T02:22:22.225382Z[0m [32m INFO[0m [2mpathfind[0m[2m:[0m graph synced from store: 639 rooms, 1275 directed edges
[2m2026-03-26T02:22:23.356576Z[0m [32m INFO[0m [2mpathfind[0m[2m:[0m graph synced from store: 639 rooms, 1275 directed edges
[2m2026-03-26T02:23:07.182815Z[0m [32m INFO[0m [2msingularity_world::npcnpc::trigger[0m[2m:[0m [Dialogue Debug]  vs 換班、交接時的情境，簡短交代或叮囑: 
  -> 葉俊: 今日帳我對過了，有問題再叫我。
  -> 龍霞華: 你剛才說我沒事，我現在確實很開心，不過工作還是難過。
[2m2026-03-26T02:24:11.424778Z[0m [32m INFO[0m [2mpathfind[0m[2m:[0m graph synced from store: 639 rooms, 1275 directed edges
[2m2026-03-26T02:24:11.430793Z[0m [32m INFO[0m [2mpathfind[0m[2m:[0m graph synced from store: 639 rooms, 1275 directed edges
[2m2026-03-26T02:24:11.436710Z[0m [32m INFO[0m [2mpathfind[0m[2m:[0m graph synced from store: 639 rooms, 1275 directed edges
[2m2026-03-26T02:24:11.442573Z[0m [32m INFO[0m [2mpathfind[0m[2m:[0m graph synced from store: 639 rooms, 1275 directed edges
[2m2026-03-26T02:24:11.448485Z[0m [32m INFO[0m [2mpathfind[0m[2m:[0m graph synced from store: 639 rooms, 1275 directed edges
[2m2026-03-26T02:24:11.453709Z[0m [32m INFO[0m [2mpathfind[0m[2m:[0m graph synced from store: 639 rooms, 1275 directed edges
[2m2026-03-26T02:24:11.459313Z[0m [32m INFO[0m [2mpathfind[0m[2m:[0m graph synced from store: 639 rooms, 1275 directed edges
[2m2026-03-26T02:24:11.465051Z[0m [32m INFO[0m [2mpathfind[0m[2m:[0m graph synced from store: 639 rooms, 1275 directed edges
[2m2026-03-26T02:24:11.470913Z[0m [32m INFO[0m [2mpathfind[0m[2m:[0m graph synced from store: 639 rooms, 1275 directed edges
[2m2026-03-26T02:24:11.476737Z[0m [32m INFO[0m [2mpathfind[0m[2m:[0m graph synced from store: 639 rooms, 1275 directed edges
[2m2026-03-26T02:24:11.482881Z[0m [32m INFO[0m [2mpathfind[0m[2m:[0m graph synced from store: 639 rooms, 1275 directed edges
[2m2026-03-26T02:24:11.488631Z[0m [32m INFO[0m [2mpathfind[0m[2m:[0m graph synced from store: 639 rooms, 1275 directed edges
[2m2026-03-26T02:24:11.494017Z[0m [32m INFO[0m [2mpathfind[0m[2m:[0m graph synced from store: 639 rooms, 1275 directed edges
[2m2026-03-26T02:24:11.499979Z[0m [32m INFO[0m [2mpathfind[0m[2m:[0m graph synced from store: 639 rooms, 1275 directed edges
[2m2026-03-26T02:24:11.505643Z[0m [32m INFO[0m [2mpathfind[0m[2m:[0m graph synced from store: 639 rooms, 1275 directed edges
[2m2026-03-26T02:24:11.511280Z[0m [32m INFO[0m [2mpathfind[0m[2m:[0m graph synced from store: 639 rooms, 1275 directed edges
[2m2026-03-26T02:24:11.517168Z[0m [32m INFO[0m [2mpathfind[0m[2m:[0m graph synced from store: 639 rooms, 1275 directed edges
[2m2026-03-26T02:24:11.518893Z[0m [32m INFO[0m [2mpathfind[0m[2m:[0m graph synced from store: 639 rooms, 1275 directed edges
[2m2026-03-26T02:24:15.759172Z[0m [32m INFO[0m [2mpathfind[0m[2m:[0m graph synced from store: 639 rooms, 1275 directed edges
[2m2026-03-26T02:24:53.757112Z[0m [32m INFO[0m [2msingularity_world::server::simulation_loop[0m[2m:[0m 注入事件種子: 十六樓商區的地面接縫處冒出了細細的礦脈紋路
[2m2026-03-26T02:30:38.199824Z[0m [32m INFO[0m [2msingularity_world::npcnpc::trigger[0m[2m:[0m [Dialogue Debug]  vs 換班、交接時的情境，簡短交代或叮囑: 
  -> 葉俊: 今日帳我對過了，有問題再叫我。
  -> 鄭秀強: 早，你來這該不是為了去哪吧？
[2m2026-03-26T02:34:54.262781Z[0m [32m INFO[0m [2msingularity_world::server::simulation_loop[0m[2m:[0m 注入事件種子: 昨晚牆面的玉質脈絡突然閃了一下暗紫色的光，只持續了幾秒
[2m2026-03-26T02:38:08.170826Z[0m [32m INFO[0m [2msingularity_world::npcnpc::trigger[0m[2m:[0m [Dialogue Debug]  vs 換班、交接時的情境，簡短交代或叮囑: 
  -> 葉俊: 昨晚的排班通知你聽過沒？
  -> 鄭秀強: 沒聽過，早班早到，晚班也順手來吧
[2m2026-03-26T02:38:38.317212Z[0m [32m INFO[0m [2mpathfind[0m[2m:[0m graph synced from store: 639 rooms, 1275 directed edges
[2m2026-03-26T02:38:38.319575Z[0m [32m INFO[0m [2mpathfind[0m[2m:[0m graph synced from store: 639 rooms, 1275 directed edges
[2m2026-03-26T02:38:38.321216Z[0m [32m INFO[0m [2mpathfind[0m[2m:[0m graph synced from store: 639 rooms, 1275 directed edges
[2m2026-03-26T02:38:40.598139Z[0m [32m INFO[0m [2mpathfind[0m[2m:[0m graph synced from store: 639 rooms, 1275 directed edges
[2m2026-03-26T02:39:03.995074Z[0m [32m INFO[0m [2mpathfind[0m[2m:[0m graph synced from store: 639 rooms, 1275 directed edges
[2m2026-03-26T02:44:54.253646Z[0m [32m INFO[0m [2msingularity_world::server::simulation_loop[0m[2m:[0m 注入事件種子: 今天空氣裡的膠質味比平常濃，像要變天了
[2m2026-03-26T02:45:38.235897Z[0m [32m INFO[0m [2msingularity_world::npcnpc::trigger[0m[2m:[0m [Dialogue Debug]  vs 換班、交接時的情境，簡短交代或叮囑: 
  -> 葉俊: 你最近身體狀態似乎不太好，我剛去檢查過，請務必注意身體狀況。
  -> 鄭秀強: 沒聽過，早班早到，晚班也順手來吧。
[2m2026-03-26T02:53:08.350357Z[0m [32m INFO[0m [2msingularity_world::npcnpc::trigger[0m[2m:[0m [Dialogue Debug]  vs 換班、交接時的情境，簡短交代或叮囑: 
  -> 葉俊: 葉俊，這幾天米鹽貴了一點，街坊都在精，空氣裡膠質味也濃了些，你走時注意安全。
  -> 鄭秀強: 鄭秀強，走！我剛去 check，別走太慢，別看那些細節，快走。
[2m2026-03-26T02:54:54.748885Z[0m [32m INFO[0m [2msingularity_world::server::simulation_loop[0m[2m:[0m 注入事件種子: 有人說聽見了低樓層的結構在微微嗡鳴，像建築在呼吸
[2m2026-03-26T02:56:16.444544Z[0m [32m INFO[0m [2mpathfind[0m[2m:[0m graph synced from store: 639 rooms, 1275 directed edges
[2m2026-03-26T02:56:16.446966Z[0m [32m INFO[0m [2mpathfind[0m[2m:[0m graph synced from store: 639 rooms, 1275 directed edges
[2m2026-03-26T02:56:16.448640Z[0m [32m INFO[0m [2mpathfind[0m[2m:[0m graph synced from store: 639 rooms, 1275 directed edges
[2m2026-03-26T02:56:18.260390Z[0m [32m INFO[0m [2mpathfind[0m[2m:[0m graph synced from store: 639 rooms, 1275 directed edges
[2m2026-03-26T03:00:38.163489Z[0m [32m INFO[0m [2msingularity_world::npcnpc::trigger[0m[2m:[0m [Dialogue Debug]  vs 換班、交接時的情境，簡短交代或叮囑: 
  -> 葉俊: 葉俊，今日帳我對過了，有問題再叫我。
  -> 鄭秀強: 鄭秀強，走！我剛去 check，別走太慢，別看那些
[2m2026-03-26T03:04:54.747638Z[0m [32m INFO[0m [2msingularity_world::server::simulation_loop[0m[2m:[0m 注入事件種子: 電梯間排了好長的隊，聽說中間幾層在做維護
[2m2026-03-26T03:14:54.753216Z[0m [32m INFO[0m [2msingularity_world::server::simulation_loop[0m[2m:[0m 注入事件種子: 城外商路上的指引石被增生物覆蓋了一半，有隊伍去清理了
[2m2026-03-26T03:15:38.583895Z[0m [32m INFO[0m [2msingularity_world::npcnpc::trigger[0m[2m:[0m [Dialogue Debug]  vs 換班、交接時的情境，簡短交代或叮囑: 
  -> 葉俊: 天色漸暗，正午的餘暉已盡，我來找您來找，這幾天米鹽貴了一點，街坊都在精，空氣裡膠質味，您走，別看那些。
  -> 鄭秀強: 走！我剛去 check，別走太慢，別看那些。
[2m2026-03-26T03:24:55.255107Z[0m [32m INFO[0m [2msingularity_world::server::simulation_loop[0m[2m:[0m 注入事件種子: 有人從低樓層看到遠處林冠線在晃動，可能是大型生物經過
[2m2026-03-26T03:25:38.276491Z[0m [32m INFO[0m [2msingularity_world::npcnpc::trigger[0m[2m:[0m [Dialogue Debug]  vs 換班、交接時的情境，簡短交代或叮囑: 
  -> 葉俊: 葉俊，天色漸暗，正午的餘暉已盡，我來找您來找，這幾天米鹽
  -> 鄭秀強: 鄭秀強，走！我剛去 check，別走太慢，別看那些。
[2m2026-03-26T03:30:37.108911Z[0m [32m INFO[0m [2msingularity_world::npcnpc::trigger[0m[2m:[0m [Dialogue Debug]  vs 換班、交接時的情境，簡短交代或叮囑: 
  -> 葉俊: 今日帳我對過了，有問題再叫我。
  -> 龍霞華: 你剛才說我沒事，我現在確實很開心，不過工作還是難過
[2m2026-03-26T03:34:55.752773Z[0m [32m INFO[0m [2msingularity_world::server::simulation_loop[0m[2m:[0m 注入事件種子: 聽回來的人講，城外的肉質籐蔓又往路邊多蔓了一些
[2m2026-03-26T03:43:07.145985Z[0m [32m INFO[0m [2msingularity_world::npcnpc::trigger[0m[2m:[0m [Dialogue Debug]  vs 換班、交接時的情境，簡短交代或叮囑: 
  -> 龍霞華: 我最近帳都對過了，有問題再叫我。
  -> 鄭秀強: 我剛走過這裡，天色烏雲沉沉，路邊那家藥房好。
[2m2026-03-26T03:44:55.753867Z[0m [32m INFO[0m [2msingularity_world::server::simulation_loop[0m[2m:[0m 注入事件種子: 採集隊說城外淺層礦脈的礦石開始出現新的玉化紋理
[2m2026-03-26T03:50:38.371630Z[0m [32m INFO[0m [2msingularity_world::npcnpc::trigger[0m[2m:[0m [Dialogue Debug]  vs 換班、交接時的情境，簡短交代或叮囑: 
  -> 龍霞華: 我剛去趟藥房，天色烏雲沉沉，路邊那家藥房好。
  -> 鄭秀強: 我剛走過這裡，天色烏雲沉沉，路邊那家藥房好。
[2m2026-03-26T03:54:55.752353Z[0m [32m INFO[0m [2msingularity_world::server::simulation_loop[0m[2m:[0m 注入事件種子: 今早走廊牆縫裡的玉質脈絡又長了一截，紋路很好看
[2m2026-03-26T03:58:08.435768Z[0m [32m INFO[0m [2msingularity_world::npcnpc::trigger[0m[2m:[0m [Dialogue Debug]  vs 換班、交接時的情境，簡短交代或叮囑: 
  -> 龍霞華: 剛才老闆讓我去換班，我沒問過你，你走沒走？
  -> 鄭秀強: 我剛走過這裡，天色烏雲沉沉，路邊那家藥房好。」「我剛走過這裡，天色烏雲沉沉，路邊那家藥房好。
[2m2026-03-26T04:04:56.258303Z[0m [32m INFO[0m [2msingularity_world::server::simulation_loop[0m[2m:[0m 注入事件種子: 十一樓健身區新添了幾件器材，是用富態化木材做的
[2m2026-03-26T04:05:38.470282Z[0m [32m INFO[0m [2msingularity_world::npcnpc::trigger[0m[2m:[0m [Dialogue Debug]  vs 換班、交接時的情境，簡短交代或叮囑: 
  -> 龍霞華: 龍霞華，今天剛到，天色烏雲沉沉，路邊那家藥房好，我剛走過這裡，天色烏雲沉沉，路邊那家藥房好。
  -> 鄭秀強: 鄭秀強，我剛走過這裡，天色烏雲沉沉，路邊那家藥房好。
[2m2026-03-26T04:08:07.259538Z[0m [32m INFO[0m [2msingularity_world::npcnpc::trigger[0m[2m:[0m [Dialogue Debug]  vs 換班、交接時的情境，簡短交代或叮囑: 
  -> 龍霞華: {"a":"龍霞華：「今天帳我對過了，有問題再叫我。」"}
  -> 鄭秀強: {"b":"鄭秀強：「我剛走過這裡，天色烏雲沉沉，路邊那家藥房好。」"}
[2m2026-03-26T04:09:24.395492Z[0m [32m INFO[0m [2mpathfind[0m[2m:[0m graph synced from store: 639 rooms, 1275 directed edges
[2m2026-03-26T04:09:24.400914Z[0m [32m INFO[0m [2mpathfind[0m[2m:[0m graph synced from store: 639 rooms, 1275 directed edges
[2m2026-03-26T04:09:24.403110Z[0m [32m INFO[0m [2mpathfind[0m[2m:[0m graph synced from store: 639 rooms, 1275 directed edges
[2m2026-03-26T04:09:24.404767Z[0m [32m INFO[0m [2mpathfind[0m[2m:[0m graph synced from store: 639 rooms, 1275 directed edges
[2m2026-03-26T04:09:26.719511Z[0m [32m INFO[0m [2mpathfind[0m[2m:[0m graph synced from store: 639 rooms, 1275 directed edges
[2m2026-03-26T04:10:18.095305Z[0m [32m INFO[0m [2mpathfind[0m[2m:[0m graph synced from store: 639 rooms, 1275 directed edges
[2m2026-03-26T04:10:18.100905Z[0m [32m INFO[0m [2mpathfind[0m[2m:[0m graph synced from store: 639 rooms, 1275 directed edges
[2m2026-03-26T04:10:18.103018Z[0m [32m INFO[0m [2mpathfind[0m[2m:[0m graph synced from store: 639 rooms, 1275 directed edges
[2m2026-03-26T04:10:18.104688Z[0m [32m INFO[0m [2mpathfind[0m[2m:[0m graph synced from store: 639 rooms, 1275 directed edges
[2m2026-03-26T04:10:19.113146Z[0m [32m INFO[0m [2mpathfind[0m[2m:[0m graph synced from store: 639 rooms, 1275 directed edges
[2m2026-03-26T04:10:32.744984Z[0m [32m INFO[0m [2mpathfind[0m[2m:[0m graph synced from store: 639 rooms, 1275 directed edges
[2m2026-03-26T04:10:32.747541Z[0m [32m INFO[0m [2mpathfind[0m[2m:[0m graph synced from store: 639 rooms, 1275 directed edges
[2m2026-03-26T04:10:32.749282Z[0m [32m INFO[0m [2mpathfind[0m[2m:[0m graph synced from store: 639 rooms, 1275 directed edges
[2m2026-03-26T04:10:34.920141Z[0m [32m INFO[0m [2mpathfind[0m[2m:[0m graph synced from store: 639 rooms, 1275 directed edges
[2m2026-03-26T04:11:38.756647Z[0m [32m INFO[0m [2mpathfind[0m[2m:[0m graph synced from store: 639 rooms, 1275 directed edges
[2m2026-03-26T04:11:38.762059Z[0m [32m INFO[0m [2mpathfind[0m[2m:[0m graph synced from store: 639 rooms, 1275 directed edges
[2m2026-03-26T04:11:38.764266Z[0m [32m INFO[0m [2mpathfind[0m[2m:[0m graph synced from store: 639 rooms, 1275 directed edges
[2m2026-03-26T04:11:38.765911Z[0m [32m INFO[0m [2mpathfind[0m[2m:[0m graph synced from store: 639 rooms, 1275 directed edges
[2m2026-03-26T04:11:39.667946Z[0m [32m INFO[0m [2mpathfind[0m[2m:[0m graph synced from store: 639 rooms, 1275 directed edges
[2m2026-03-26T04:11:52.378948Z[0m [32m INFO[0m [2mpathfind[0m[2m:[0m graph synced from store: 639 rooms, 1275 directed edges
[2m2026-03-26T04:11:52.381673Z[0m [32m INFO[0m [2mpathfind[0m[2m:[0m graph synced from store: 639 rooms, 1275 directed edges
[2m2026-03-26T04:11:52.383863Z[0m [32m INFO[0m [2mpathfind[0m[2m:[0m graph synced from store: 639 rooms, 1275 directed edges
[2m2026-03-26T04:11:53.494073Z[0m [32m INFO[0m [2mpathfind[0m[2m:[0m graph synced from store: 639 rooms, 1275 directed edges
[2m2026-03-26T04:12:20.786267Z[0m [32m INFO[0m [2mpathfind[0m[2m:[0m graph synced from store: 638 rooms, 1275 directed edges
[2m2026-03-26T04:13:12.732312Z[0m [32m INFO[0m [2mpathfind[0m[2m:[0m graph synced from store: 638 rooms, 1275 directed edges
[2m2026-03-26T04:13:12.738561Z[0m [32m INFO[0m [2mpathfind[0m[2m:[0m graph synced from store: 638 rooms, 1275 directed edges
[2m2026-03-26T04:13:12.744604Z[0m [32m INFO[0m [2mpathfind[0m[2m:[0m graph synced from store: 638 rooms, 1275 directed edges
[2m2026-03-26T04:13:12.750496Z[0m [32m INFO[0m [2mpathfind[0m[2m:[0m graph synced from store: 638 rooms, 1275 directed edges
[2m2026-03-26T04:13:12.756558Z[0m [32m INFO[0m [2mpathfind[0m[2m:[0m graph synced from store: 638 rooms, 1275 directed edges
[2m2026-03-26T04:13:12.761665Z[0m [32m INFO[0m [2mpathfind[0m[2m:[0m graph synced from store: 638 rooms, 1275 directed edges
[2m2026-03-26T04:13:12.767365Z[0m [32m INFO[0m [2mpathfind[0m[2m:[0m graph synced from store: 638 rooms, 1275 directed edges
[2m2026-03-26T04:13:12.773355Z[0m [32m INFO[0m [2mpathfind[0m[2m:[0m graph synced from store: 638 rooms, 1275 directed edges
[2m2026-03-26T04:13:12.788412Z[0m [32m INFO[0m [2mpathfind[0m[2m:[0m graph synced from store: 638 rooms, 1275 directed edges
[2m2026-03-26T04:13:12.794433Z[0m [32m INFO[0m [2mpathfind[0m[2m:[0m graph synced from store: 638 rooms, 1275 directed edges
[2m2026-03-26T04:13:12.800291Z[0m [32m INFO[0m [2mpathfind[0m[2m:[0m graph synced from store: 638 rooms, 1275 directed edges
[2m2026-03-26T04:13:12.806148Z[0m [32m INFO[0m [2mpathfind[0m[2m:[0m graph synced from store: 638 rooms, 1275 directed edges
[2m2026-03-26T04:13:12.811435Z[0m [32m INFO[0m [2mpathfind[0m[2m:[0m graph synced from store: 638 rooms, 1275 directed edges
[2m2026-03-26T04:13:12.817407Z[0m [32m INFO[0m [2mpathfind[0m[2m:[0m graph synced from store: 638 rooms, 1275 directed edges
[2m2026-03-26T04:13:12.823107Z[0m [32m INFO[0m [2mpathfind[0m[2m:[0m graph synced from store: 638 rooms, 1275 directed edges
[2m2026-03-26T04:13:12.828743Z[0m [32m INFO[0m [2mpathfind[0m[2m:[0m graph synced from store: 638 rooms, 1275 directed edges
[2m2026-03-26T04:13:12.834515Z[0m [32m INFO[0m [2mpathfind[0m[2m:[0m graph synced from store: 638 rooms, 1275 directed edges
[2m2026-03-26T04:13:12.836453Z[0m [32m INFO[0m [2mpathfind[0m[2m:[0m graph synced from store: 638 rooms, 1275 directed edges
[2m2026-03-26T04:13:13.643251Z[0m [32m INFO[0m [2mpathfind[0m[2m:[0m graph synced from store: 638 rooms, 1275 directed edges
[2m2026-03-26T04:14:56.749798Z[0m [32m INFO[0m [2msingularity_world::server::simulation_loop[0m[2m:[0m 注入事件種子: 藥材價格穩著，但品種比上個月少了幾樣
[2m2026-03-26T04:18:07.145988Z[0m [32m INFO[0m [2msingularity_world::npcnpc::trigger[0m[2m:[0m [Dialogue Debug]  vs 換班、交接時的情境，簡短交代或叮囑: 
  -> 龍霞華: 今日帳我對過了，有問題再叫我。
  -> 鄭秀強: 我剛走過這裡，天色烏雲沉沉，路邊那家藥房好。
[2m2026-03-26T04:21:49.822179Z[0m [32m INFO[0m [2mpathfind[0m[2m:[0m graph synced from store: 638 rooms, 1275 directed edges
[2m2026-03-26T04:24:57.252601Z[0m [32m INFO[0m [2msingularity_world::server::simulation_loop[0m[2m:[0m 注入事件種子: 樓頂的蓄水設施今天開始例行清洗，水量可能會少一會兒
[2m2026-03-26T04:28:07.134353Z[0m [32m INFO[0m [2msingularity_world::npcnpc::trigger[0m[2m:[0m [Dialogue Debug]  vs 換班、交接時的情境，簡短交代或叮囑: 
  -> 龍霞華: 今天帳我對過了，有問題再叫我。
  -> 鄭秀強: 我剛走過這裡，天色烏雲沉沉，路邊那家藥房好。
[2m2026-03-26T04:34:57.751027Z[0m [32m INFO[0m [2msingularity_world::server::simulation_loop[0m[2m:[0m 注入事件種子: 有住戶搬家了，留下的房間牆上全是根鬚攀痕，挺有意思的
[2m2026-03-26T04:44:57.752448Z[0m [32m INFO[0m [2msingularity_world::server::simulation_loop[0m[2m:[0m 注入事件種子: 打鐵巷最近接了不少單，聽說是採集隊的工具要換新
[2m2026-03-26T04:54:58.249089Z[0m [32m INFO[0m [2msingularity_world::server::simulation_loop[0m[2m:[0m 注入事件種子: 有人在樓下收購琉璃化的礦石碎片，出手很闊綽
[2m2026-03-26T05:04:58.747482Z[0m [32m INFO[0m [2msingularity_world::server::simulation_loop[0m[2m:[0m 注入事件種子: 有採集隊從城外回來說，霜林靠近城側的那片最近長得特別快
[2m2026-03-26T05:05:38.279406Z[0m [32m INFO[0m [2msingularity_world::npcnpc::trigger[0m[2m:[0m [Dialogue Debug]  vs 換班、交接時的情境，簡短交代或叮囑: 
  -> 葉俊: 今日帳我對過了，有問題再叫我。
  -> 龍霞華: 你剛才說我沒事，我現在確實很開心，不過工作還是難過
[2m2026-03-26T05:14:10.166985Z[0m [32m INFO[0m [2mpathfind[0m[2m:[0m graph synced from store: 638 rooms, 1275 directed edges
[2m2026-03-26T05:14:10.169681Z[0m [32m INFO[0m [2mpathfind[0m[2m:[0m graph synced from store: 638 rooms, 1275 directed edges
[2m2026-03-26T05:14:10.175526Z[0m [32m INFO[0m [2mpathfind[0m[2m:[0m graph synced from store: 638 rooms, 1275 directed edges
[2m2026-03-26T05:14:10.177666Z[0m [32m INFO[0m [2mpathfind[0m[2m:[0m graph synced from store: 638 rooms, 1275 directed edges
[2m2026-03-26T05:14:10.179825Z[0m [32m INFO[0m [2mpathfind[0m[2m:[0m graph synced from store: 638 rooms, 1275 directed edges
[2m2026-03-26T05:14:10.181450Z[0m [32m INFO[0m [2mpathfind[0m[2m:[0m graph synced from store: 638 rooms, 1275 directed edges
[2m2026-03-26T05:14:35.692032Z[0m [32m INFO[0m [2mpathfind[0m[2m:[0m graph synced from store: 638 rooms, 1275 directed edges
[2m2026-03-26T05:14:35.696725Z[0m [32m INFO[0m [2mpathfind[0m[2m:[0m graph synced from store: 638 rooms, 1275 directed edges
[2m2026-03-26T05:14:35.712920Z[0m [32m INFO[0m [2mpathfind[0m[2m:[0m graph synced from store: 638 rooms, 1275 directed edges
[2m2026-03-26T05:14:35.717279Z[0m [32m INFO[0m [2mpathfind[0m[2m:[0m graph synced from store: 638 rooms, 1275 directed edges
[2m2026-03-26T05:14:35.720603Z[0m [32m INFO[0m [2mpathfind[0m[2m:[0m graph synced from store: 638 rooms, 1275 directed edges
[2m2026-03-26T05:14:35.724256Z[0m [32m INFO[0m [2mpathfind[0m[2m:[0m graph synced from store: 638 rooms, 1275 directed edges
[2m2026-03-26T05:14:35.728577Z[0m [32m INFO[0m [2mpathfind[0m[2m:[0m graph synced from store: 638 rooms, 1275 directed edges
[2m2026-03-26T05:14:35.732219Z[0m [32m INFO[0m [2mpathfind[0m[2m:[0m graph synced from store: 638 rooms, 1275 directed edges
[2m2026-03-26T05:14:35.735715Z[0m [32m INFO[0m [2mpathfind[0m[2m:[0m graph synced from store: 638 rooms, 1275 directed edges
[2m2026-03-26T05:14:35.743700Z[0m [32m INFO[0m [2mpathfind[0m[2m:[0m graph synced from store: 638 rooms, 1275 directed edges
[2m2026-03-26T05:14:35.747389Z[0m [32m INFO[0m [2mpathfind[0m[2m:[0m graph synced from store: 638 rooms, 1275 directed edges
[2m2026-03-26T05:14:35.751014Z[0m [32m INFO[0m [2mpathfind[0m[2m:[0m graph synced from store: 638 rooms, 1275 directed edges
[2m2026-03-26T05:14:35.757382Z[0m [32m INFO[0m [2mpathfind[0m[2m:[0m graph synced from store: 638 rooms, 1275 directed edges
[2m2026-03-26T05:14:35.759410Z[0m [32m INFO[0m [2mpathfind[0m[2m:[0m graph synced from store: 638 rooms, 1275 directed edges
[2m2026-03-26T05:14:35.793130Z[0m [32m INFO[0m [2mpathfind[0m[2m:[0m graph synced from store: 638 rooms, 1275 directed edges
[2m2026-03-26T05:14:35.796844Z[0m [32m INFO[0m [2mpathfind[0m[2m:[0m graph synced from store: 638 rooms, 1275 directed edges
[2m2026-03-26T05:14:35.798768Z[0m [32m INFO[0m [2mpathfind[0m[2m:[0m graph synced from store: 638 rooms, 1275 directed edges
[2m2026-03-26T05:14:35.822767Z[0m [32m INFO[0m [2mpathfind[0m[2m:[0m graph synced from store: 638 rooms, 1275 directed edges
[2m2026-03-26T05:14:35.827625Z[0m [32m INFO[0m [2mpathfind[0m[2m:[0m graph synced from store: 638 rooms, 1275 directed edges
[2m2026-03-26T05:14:35.829711Z[0m [32m INFO[0m [2mpathfind[0m[2m:[0m graph synced from store: 638 rooms, 1275 directed edges
[2m2026-03-26T05:14:35.853836Z[0m [32m INFO[0m [2mpathfind[0m[2m:[0m graph synced from store: 638 rooms, 1275 directed edges
[2m2026-03-26T05:14:35.857974Z[0m [32m INFO[0m [2mpathfind[0m[2m:[0m graph synced from store: 638 rooms, 1275 directed edges
[2m2026-03-26T05:14:35.860061Z[0m [32m INFO[0m [2mpathfind[0m[2m:[0m graph synced from store: 638 rooms, 1275 directed edges
[2m2026-03-26T05:14:35.884681Z[0m [32m INFO[0m [2mpathfind[0m[2m:[0m graph synced from store: 638 rooms, 1275 directed edges
[2m2026-03-26T05:14:35.889516Z[0m [32m INFO[0m [2mpathfind[0m[2m:[0m graph synced from store: 638 rooms, 1275 directed edges
[2m2026-03-26T05:14:35.892179Z[0m [32m INFO[0m [2mpathfind[0m[2m:[0m graph synced from store: 638 rooms, 1275 directed edges
[2m2026-03-26T05:14:35.894136Z[0m [32m INFO[0m [2mpathfind[0m[2m:[0m graph synced from store: 638 rooms, 1275 directed edges
[2m2026-03-26T05:14:35.918737Z[0m [32m INFO[0m [2mpathfind[0m[2m:[0m graph synced from store: 638 rooms, 1275 directed edges
[2m2026-03-26T05:14:35.921758Z[0m [32m INFO[0m [2mpathfind[0m[2m:[0m graph synced from store: 638 rooms, 1275 directed edges
[2m2026-03-26T05:14:35.924727Z[0m [32m INFO[0m [2mpathfind[0m[2m:[0m graph synced from store: 638 rooms, 1275 directed edges
[2m2026-03-26T05:14:35.957711Z[0m [32m INFO[0m [2mpathfind[0m[2m:[0m graph synced from store: 638 rooms, 1275 directed edges
[2m2026-03-26T05:14:35.960099Z[0m [32m INFO[0m [2mpathfind[0m[2m:[0m graph synced from store: 638 rooms, 1275 directed edges
[2m2026-03-26T05:14:35.967111Z[0m [32m INFO[0m [2mpathfind[0m[2m:[0m graph synced from store: 638 rooms, 1275 directed edges
[2m2026-03-26T05:14:35.969356Z[0m [32m INFO[0m [2mpathfind[0m[2m:[0m graph synced from store: 638 rooms, 1275 directed edges
[2m2026-03-26T05:14:35.971290Z[0m [32m INFO[0m [2mpathfind[0m[2m:[0m graph synced from store: 638 rooms, 1275 directed edges
[2m2026-03-26T05:14:35.973023Z[0m [32m INFO[0m [2mpathfind[0m[2m:[0m graph synced from store: 638 rooms, 1275 directed edges
[2m2026-03-26T05:14:35.974488Z[0m [32m INFO[0m [2mpathfind[0m[2m:[0m graph synced from store: 638 rooms, 1275 directed edges
[2m2026-03-26T05:14:35.998310Z[0m [32m INFO[0m [2mpathfind[0m[2m:[0m graph synced from store: 638 rooms, 1275 directed edges
[2m2026-03-26T05:14:36.002147Z[0m [32m INFO[0m [2mpathfind[0m[2m:[0m graph synced from store: 638 rooms, 1275 directed edges
[2m2026-03-26T05:14:36.003579Z[0m [32m INFO[0m [2mpathfind[0m[2m:[0m graph synced from store: 638 rooms, 1275 directed edges
[2m2026-03-26T05:14:36.027505Z[0m [32m INFO[0m [2mpathfind[0m[2m:[0m graph synced from store: 638 rooms, 1275 directed edges
[2m2026-03-26T05:14:36.031141Z[0m [32m INFO[0m [2mpathfind[0m[2m:[0m graph synced from store: 638 rooms, 1275 directed edges
[2m2026-03-26T05:14:36.032878Z[0m [32m INFO[0m [2mpathfind[0m[2m:[0m graph synced from store: 638 rooms, 1275 directed edges
[2m2026-03-26T05:14:36.056319Z[0m [32m INFO[0m [2mpathfind[0m[2m:[0m graph synced from store: 638 rooms, 1275 directed edges
[2m2026-03-26T05:14:36.060045Z[0m [32m INFO[0m [2mpathfind[0m[2m:[0m graph synced from store: 638 rooms, 1275 directed edges
[2m2026-03-26T05:14:36.061557Z[0m [32m INFO[0m [2mpathfind[0m[2m:[0m graph synced from store: 638 rooms, 1275 directed edges
[2m2026-03-26T05:14:36.085902Z[0m [32m INFO[0m [2mpathfind[0m[2m:[0m graph synced from store: 638 rooms, 1275 directed edges
[2m2026-03-26T05:14:36.090090Z[0m [32m INFO[0m [2mpathfind[0m[2m:[0m graph synced from store: 638 rooms, 1275 directed edges
[2m2026-03-26T05:14:36.092375Z[0m [32m INFO[0m [2mpathfind[0m[2m:[0m graph synced from store: 638 rooms, 1275 directed edges
[2m2026-03-26T05:14:36.118427Z[0m [32m INFO[0m [2mpathfind[0m[2m:[0m graph synced from store: 638 rooms, 1275 directed edges
[2m2026-03-26T05:14:36.120971Z[0m [32m INFO[0m [2mpathfind[0m[2m:[0m graph synced from store: 638 rooms, 1275 directed edges
[2m2026-03-26T05:14:36.122958Z[0m [32m INFO[0m [2mpathfind[0m[2m:[0m graph synced from store: 638 rooms, 1275 directed edges
[2m2026-03-26T05:14:36.129694Z[0m [32m INFO[0m [2mpathfind[0m[2m:[0m graph synced from store: 638 rooms, 1275 directed edges
[2m2026-03-26T05:14:36.131489Z[0m [32m INFO[0m [2mpathfind[0m[2m:[0m graph synced from store: 638 rooms, 1275 directed edges
[2m2026-03-26T05:14:36.133219Z[0m [32m INFO[0m [2mpathfind[0m[2m:[0m graph synced from store: 638 rooms, 1275 directed edges
[2m2026-03-26T05:14:36.134474Z[0m [32m INFO[0m [2mpathfind[0m[2m:[0m graph synced from store: 638 rooms, 1275 directed edges
[2m2026-03-26T05:14:36.158787Z[0m [32m INFO[0m [2mpathfind[0m[2m:[0m graph synced from store: 638 rooms, 1275 directed edges
[2m2026-03-26T05:14:36.163141Z[0m [32m INFO[0m [2mpathfind[0m[2m:[0m graph synced from store: 638 rooms, 1275 directed edges
[2m2026-03-26T05:14:36.164554Z[0m [32m INFO[0m [2mpathfind[0m[2m:[0m graph synced from store: 638 rooms, 1275 directed edges
[2m2026-03-26T05:14:36.188108Z[0m [32m INFO[0m [2mpathfind[0m[2m:[0m graph synced from store: 638 rooms, 1275 directed edges
[2m2026-03-26T05:14:36.191086Z[0m [32m INFO[0m [2mpathfind[0m[2m:[0m graph synced from store: 638 rooms, 1275 directed edges
[2m2026-03-26T05:14:36.192520Z[0m [32m INFO[0m [2mpathfind[0m[2m:[0m graph synced from store: 638 rooms, 1275 directed edges
[2m2026-03-26T05:14:36.216479Z[0m [32m INFO[0m [2mpathfind[0m[2m:[0m graph synced from store: 638 rooms, 1275 directed edges
[2m2026-03-26T05:14:36.220862Z[0m [32m INFO[0m [2mpathfind[0m[2m:[0m graph synced from store: 638 rooms, 1275 directed edges
[2m2026-03-26T05:14:36.222520Z[0m [32m INFO[0m [2mpathfind[0m[2m:[0m graph synced from store: 638 rooms, 1275 directed edges
[2m2026-03-26T05:14:36.246204Z[0m [32m INFO[0m [2mpathfind[0m[2m:[0m graph synced from store: 638 rooms, 1275 directed edges
[2m2026-03-26T05:14:36.250585Z[0m [32m INFO[0m [2mpathfind[0m[2m:[0m graph synced from store: 638 rooms, 1275 directed edges
[2m2026-03-26T05:14:36.251911Z[0m [32m INFO[0m [2mpathfind[0m[2m:[0m graph synced from store: 638 rooms, 1275 directed edges
[2m2026-03-26T05:14:36.275772Z[0m [32m INFO[0m [2mpathfind[0m[2m:[0m graph synced from store: 638 rooms, 1275 directed edges
[2m2026-03-26T05:14:36.280744Z[0m [32m INFO[0m [2mpathfind[0m[2m:[0m graph synced from store: 638 rooms, 1275 directed edges
[2m2026-03-26T05:14:36.282945Z[0m [32m INFO[0m [2mpathfind[0m[2m:[0m graph synced from store: 638 rooms, 1275 directed edges
[2m2026-03-26T05:14:36.307891Z[0m [32m INFO[0m [2mpathfind[0m[2m:[0m graph synced from store: 638 rooms, 1275 directed edges
[2m2026-03-26T05:14:36.312802Z[0m [32m INFO[0m [2mpathfind[0m[2m:[0m graph synced from store: 638 rooms, 1275 directed edges
[2m2026-03-26T05:14:36.314753Z[0m [32m INFO[0m [2mpathfind[0m[2m:[0m graph synced from store: 638 rooms, 1275 directed edges
[2m2026-03-26T05:14:36.316709Z[0m [32m INFO[0m [2mpathfind[0m[2m:[0m graph synced from store: 638 rooms, 1275 directed edges
[2m2026-03-26T05:14:36.318049Z[0m [32m INFO[0m [2mpathfind[0m[2m:[0m graph synced from store: 638 rooms, 1275 directed edges
[2m2026-03-26T05:14:36.342362Z[0m [32m INFO[0m [2mpathfind[0m[2m:[0m graph synced from store: 638 rooms, 1275 directed edges
[2m2026-03-26T05:14:36.345234Z[0m [32m INFO[0m [2mpathfind[0m[2m:[0m graph synced from store: 638 rooms, 1275 directed edges
[2m2026-03-26T05:14:36.346755Z[0m [32m INFO[0m [2mpathfind[0m[2m:[0m graph synced from store: 638 rooms, 1275 directed edges
[2m2026-03-26T05:14:36.370203Z[0m [32m INFO[0m [2mpathfind[0m[2m:[0m graph synced from store: 638 rooms, 1275 directed edges
[2m2026-03-26T05:14:36.375385Z[0m [32m INFO[0m [2mpathfind[0m[2m:[0m graph synced from store: 638 rooms, 1275 directed edges
[2m2026-03-26T05:14:36.377020Z[0m [32m INFO[0m [2mpathfind[0m[2m:[0m graph synced from store: 638 rooms, 1275 directed edges
[2m2026-03-26T05:14:36.403154Z[0m [32m INFO[0m [2mpathfind[0m[2m:[0m graph synced from store: 638 rooms, 1275 directed edges
[2m2026-03-26T05:14:36.405815Z[0m [32m INFO[0m [2mpathfind[0m[2m:[0m graph synced from store: 638 rooms, 1275 directed edges
[2m2026-03-26T05:14:36.407706Z[0m [32m INFO[0m [2mpathfind[0m[2m:[0m graph synced from store: 638 rooms, 1275 directed edges
[2m2026-03-26T05:14:36.409404Z[0m [32m INFO[0m [2mpathfind[0m[2m:[0m graph synced from store: 638 rooms, 1275 directed edges
[2m2026-03-26T05:14:36.411209Z[0m [32m INFO[0m [2mpathfind[0m[2m:[0m graph synced from store: 638 rooms, 1275 directed edges
[2m2026-03-26T05:14:36.417013Z[0m [32m INFO[0m [2mpathfind[0m[2m:[0m graph synced from store: 638 rooms, 1275 directed edges
[2m2026-03-26T05:14:36.428694Z[0m [32m INFO[0m [2mpathfind[0m[2m:[0m graph synced from store: 638 rooms, 1275 directed edges
[2m2026-03-26T05:14:36.430694Z[0m [32m INFO[0m [2mpathfind[0m[2m:[0m graph synced from store: 638 rooms, 1275 directed edges
[2m2026-03-26T05:14:36.432300Z[0m [32m INFO[0m [2mpathfind[0m[2m:[0m graph synced from store: 638 rooms, 1275 directed edges
[2m2026-03-26T05:14:36.455669Z[0m [32m INFO[0m [2mpathfind[0m[2m:[0m graph synced from store: 638 rooms, 1275 directed edges
[2m2026-03-26T05:14:36.459623Z[0m [32m INFO[0m [2mpathfind[0m[2m:[0m graph synced from store: 638 rooms, 1275 directed edges
[2m2026-03-26T05:14:36.461060Z[0m [32m INFO[0m [2mpathfind[0m[2m:[0m graph synced from store: 638 rooms, 1275 directed edges
[2m2026-03-26T05:14:36.484657Z[0m [32m INFO[0m [2mpathfind[0m[2m:[0m graph synced from store: 638 rooms, 1275 directed edges
[2m2026-03-26T05:14:36.488217Z[0m [32m INFO[0m [2mpathfind[0m[2m:[0m graph synced from store: 638 rooms, 1275 directed edges
[2m2026-03-26T05:14:36.489893Z[0m [32m INFO[0m [2mpathfind[0m[2m:[0m graph synced from store: 638 rooms, 1275 directed edges
[2m2026-03-26T05:14:36.513336Z[0m [32m INFO[0m [2mpathfind[0m[2m:[0m graph synced from store: 638 rooms, 1275 directed edges
[2m2026-03-26T05:14:36.515431Z[0m [32m INFO[0m [2mpathfind[0m[2m:[0m graph synced from store: 638 rooms, 1275 directed edges
[2m2026-03-26T05:14:36.519050Z[0m [32m INFO[0m [2mpathfind[0m[2m:[0m graph synced from store: 638 rooms, 1275 directed edges
[2m2026-03-26T05:14:36.520644Z[0m [32m INFO[0m [2mpathfind[0m[2m:[0m graph synced from store: 638 rooms, 1275 directed edges
[2m2026-03-26T05:14:36.544478Z[0m [32m INFO[0m [2mpathfind[0m[2m:[0m graph synced from store: 638 rooms, 1275 directed edges
[2m2026-03-26T05:14:36.548841Z[0m [32m INFO[0m [2mpathfind[0m[2m:[0m graph synced from store: 638 rooms, 1275 directed edges
[2m2026-03-26T05:14:36.550832Z[0m [32m INFO[0m [2mpathfind[0m[2m:[0m graph synced from store: 638 rooms, 1275 directed edges
[2m2026-03-26T05:14:36.574099Z[0m [32m INFO[0m [2mpathfind[0m[2m:[0m graph synced from store: 638 rooms, 1275 directed edges
[2m2026-03-26T05:14:36.577361Z[0m [32m INFO[0m [2mpathfind[0m[2m:[0m graph synced from store: 638 rooms, 1275 directed edges
[2m2026-03-26T05:14:36.579025Z[0m [32m INFO[0m [2mpathfind[0m[2m:[0m graph synced from store: 638 rooms, 1275 directed edges
[2m2026-03-26T05:14:36.604582Z[0m [32m INFO[0m [2mpathfind[0m[2m:[0m graph synced from store: 638 rooms, 1275 directed edges
[2m2026-03-26T05:14:36.607096Z[0m [32m INFO[0m [2mpathfind[0m[2m:[0m graph synced from store: 638 rooms, 1275 directed edges
[2m2026-03-26T05:14:36.613894Z[0m [32m INFO[0m [2mpathfind[0m[2m:[0m graph synced from store: 638 rooms, 1275 directed edges
[2m2026-03-26T05:14:36.615716Z[0m [32m INFO[0m [2mpathfind[0m[2m:[0m graph synced from store: 638 rooms, 1275 directed edges
[2m2026-03-26T05:14:36.617464Z[0m [32m INFO[0m [2mpathfind[0m[2m:[0m graph synced from store: 638 rooms, 1275 directed edges
[2m2026-03-26T05:14:36.619566Z[0m [32m INFO[0m [2mpathfind[0m[2m:[0m graph synced from store: 638 rooms, 1275 directed edges
[2m2026-03-26T05:14:36.621082Z[0m [32m INFO[0m [2mpathfind[0m[2m:[0m graph synced from store: 638 rooms, 1275 directed edges
[2m2026-03-26T05:14:36.644636Z[0m [32m INFO[0m [2mpathfind[0m[2m:[0m graph synced from store: 638 rooms, 1275 directed edges
[2m2026-03-26T05:14:36.649067Z[0m [32m INFO[0m [2mpathfind[0m[2m:[0m graph synced from store: 638 rooms, 1275 directed edges
[2m2026-03-26T05:14:36.650468Z[0m [32m INFO[0m [2mpathfind[0m[2m:[0m graph synced from store: 638 rooms, 1275 directed edges
[2m2026-03-26T05:14:36.674052Z[0m [32m INFO[0m [2mpathfind[0m[2m:[0m graph synced from store: 638 rooms, 1275 directed edges
[2m2026-03-26T05:14:36.676901Z[0m [32m INFO[0m [2mpathfind[0m[2m:[0m graph synced from store: 638 rooms, 1275 directed edges
[2m2026-03-26T05:14:36.688106Z[0m [32m INFO[0m [2mpathfind[0m[2m:[0m graph synced from store: 638 rooms, 1275 directed edges
[2m2026-03-26T05:14:36.711653Z[0m [32m INFO[0m [2mpathfind[0m[2m:[0m graph synced from store: 638 rooms, 1275 directed edges
[2m2026-03-26T05:14:36.716425Z[0m [32m INFO[0m [2mpathfind[0m[2m:[0m graph synced from store: 638 rooms, 1275 directed edges
[2m2026-03-26T05:14:36.718240Z[0m [32m INFO[0m [2mpathfind[0m[2m:[0m graph synced from store: 638 rooms, 1275 directed edges
[2m2026-03-26T06:46:54.357217Z[0m [32m INFO[0m [2mpostgres::connection[0m[2m:[0m NOTICE: extension "vector" already exists, skipping
[2m2026-03-26T06:46:54.357398Z[0m [32m INFO[0m [2mpostgres::connection[0m[2m:[0m NOTICE: relation "auth" already exists, skipping
[2m2026-03-26T06:46:54.357471Z[0m [32m INFO[0m [2mpostgres::connection[0m[2m:[0m NOTICE: relation "event_log" already exists, skipping
[2m2026-03-26T06:46:54.357682Z[0m [32m INFO[0m [2mpostgres::connection[0m[2m:[0m NOTICE: relation "idx_event_log_entity_id" already exists, skipping
[2m2026-03-26T06:46:54.357749Z[0m [32m INFO[0m [2mpostgres::connection[0m[2m:[0m NOTICE: relation "archival" already exists, skipping
[2m2026-03-26T06:46:54.357825Z[0m [32m INFO[0m [2mpostgres::connection[0m[2m:[0m NOTICE: relation "idx_archival_entity_id" already exists, skipping
[2m2026-03-26T06:46:54.357885Z[0m [32m INFO[0m [2mpostgres::connection[0m[2m:[0m NOTICE: relation "npc_memories" already exists, skipping
[2m2026-03-26T06:46:54.357935Z[0m [32m INFO[0m [2mpostgres::connection[0m[2m:[0m NOTICE: relation "npc_summaries" already exists, skipping
[2m2026-03-26T06:46:54.357983Z[0m [32m INFO[0m [2mpostgres::connection[0m[2m:[0m NOTICE: relation "npc_npc_summaries" already exists, skipping
[2m2026-03-26T06:46:54.358038Z[0m [32m INFO[0m [2mpostgres::connection[0m[2m:[0m NOTICE: relation "npc_threads" already exists, skipping
[2m2026-03-26T06:46:54.358099Z[0m [32m INFO[0m [2mpostgres::connection[0m[2m:[0m NOTICE: relation "npc_dyads" already exists, skipping
[2m2026-03-26T06:46:54.358168Z[0m [32m INFO[0m [2mpostgres::connection[0m[2m:[0m NOTICE: relation "npc_rumors" already exists, skipping
[2m2026-03-26T06:46:54.358226Z[0m [32m INFO[0m [2mpostgres::connection[0m[2m:[0m NOTICE: relation "rooms" already exists, skipping
[2m2026-03-26T06:46:54.358274Z[0m [32m INFO[0m [2mpostgres::connection[0m[2m:[0m NOTICE: relation "exits" already exists, skipping
[2m2026-03-26T06:46:54.358336Z[0m [32m INFO[0m [2mpostgres::connection[0m[2m:[0m NOTICE: relation "world_lexicon" already exists, skipping
[2m2026-03-26T06:46:54.358343Z[0m [32m INFO[0m [2msingularity_world::store[0m[2m:[0m [store] Initialized PostgreSQL Pool at postgres://postgres:singularity@localhost:5432/singularity
[2m2026-03-26T06:46:54.359873Z[0m [32m INFO[0m [2msingularity_world::store[0m[2m:[0m [store] loaded: 638 rooms, 319 entity_room, 1 venues, 4 assignments, 3 schedules, 319 entities, 10 items
[2m2026-03-26T06:46:54.359937Z[0m [32m INFO[0m [2msingularity_world::store[0m[2m:[0m [store] Syncing all rooms (638) to PostgreSQL...
[2m2026-03-26T06:46:55.532069Z[0m [32m INFO[0m [2msingularity_world::store[0m[2m:[0m [store] PostgreSQL room sync completed.
[2m2026-03-26T06:46:55.532222Z[0m [32m INFO[0m [2mnpc_behavior[0m[2m:[0m loaded 18 roles from /home/tanger/Projects/singularity_world/data/npc_behaviors.json
[2m2026-03-26T06:46:55.532725Z[0m [32m INFO[0m [2mpathfind[0m[2m:[0m graph synced from store: 638 rooms, 1274 directed edges
[2m2026-03-26T06:46:55.532945Z[0m [32m INFO[0m [2msingularity_world::server::run[0m[2m:[0m Rust server listening on http://0.0.0.0:1721 (WebSocket /ws)
[2m2026-03-26T06:46:55.535138Z[0m [32m INFO[0m [2msingularity_world::server::simulation_loop[0m[2m:[0m 注入事件種子: 十一樓健身區新添了幾件器材，是用富態化木材做的
[2m2026-03-26T06:46:57.800384Z[0m [32m INFO[0m [2msingularity_world::npcnpc::trigger[0m[2m:[0m [Dialogue Debug] 電梯間 vs 換班、交接時的情境，簡短交代或叮囑: 
  -> 鄭秀強: 走！別看那些，我剛去 check，別走太慢。
  -> 葉俊: 好，那我先去找我的班。
[2m2026-03-26T06:48:06.855719Z[0m [32m INFO[0m [2msingularity_world::npcnpc::trigger[0m[2m:[0m [Dialogue Debug] 電梯間 vs 換班、交接時的情境，簡短交代或叮囑: 
  -> 鄭秀強: 別看那些，我剛去 check，別走太慢。
  -> 葉俊: 好，那我先去找我的班。
[2m2026-03-26T06:48:30.132943Z[0m [32m INFO[0m [2msingularity_world::store[0m[2m:[0m [store] Syncing all rooms (638) to PostgreSQL...
[2m2026-03-26T06:48:31.307377Z[0m [32m INFO[0m [2msingularity_world::store[0m[2m:[0m [store] PostgreSQL room sync completed.
[2m2026-03-26T06:48:31.308180Z[0m [32m INFO[0m [2mpathfind[0m[2m:[0m graph synced from store: 638 rooms, 1274 directed edges
[2m2026-03-26T06:52:39.857345Z[0m [32m INFO[0m [2mpostgres::connection[0m[2m:[0m NOTICE: extension "vector" already exists, skipping
[2m2026-03-26T06:52:39.857525Z[0m [32m INFO[0m [2mpostgres::connection[0m[2m:[0m NOTICE: relation "auth" already exists, skipping
[2m2026-03-26T06:52:39.857603Z[0m [32m INFO[0m [2mpostgres::connection[0m[2m:[0m NOTICE: relation "event_log" already exists, skipping
[2m2026-03-26T06:52:39.857773Z[0m [32m INFO[0m [2mpostgres::connection[0m[2m:[0m NOTICE: relation "idx_event_log_entity_id" already exists, skipping
[2m2026-03-26T06:52:39.857833Z[0m [32m INFO[0m [2mpostgres::connection[0m[2m:[0m NOTICE: relation "archival" already exists, skipping
[2m2026-03-26T06:52:39.857898Z[0m [32m INFO[0m [2mpostgres::connection[0m[2m:[0m NOTICE: relation "idx_archival_entity_id" already exists, skipping
[2m2026-03-26T06:52:39.857958Z[0m [32m INFO[0m [2mpostgres::connection[0m[2m:[0m NOTICE: relation "npc_memories" already exists, skipping
[2m2026-03-26T06:52:39.857999Z[0m [32m INFO[0m [2mpostgres::connection[0m[2m:[0m NOTICE: relation "npc_summaries" already exists, skipping
[2m2026-03-26T06:52:39.858038Z[0m [32m INFO[0m [2mpostgres::connection[0m[2m:[0m NOTICE: relation "npc_npc_summaries" already exists, skipping
[2m2026-03-26T06:52:39.858091Z[0m [32m INFO[0m [2mpostgres::connection[0m[2m:[0m NOTICE: relation "npc_threads" already exists, skipping
[2m2026-03-26T06:52:39.858138Z[0m [32m INFO[0m [2mpostgres::connection[0m[2m:[0m NOTICE: relation "npc_dyads" already exists, skipping
[2m2026-03-26T06:52:39.858191Z[0m [32m INFO[0m [2mpostgres::connection[0m[2m:[0m NOTICE: relation "npc_rumors" already exists, skipping
[2m2026-03-26T06:52:39.858240Z[0m [32m INFO[0m [2mpostgres::connection[0m[2m:[0m NOTICE: relation "rooms" already exists, skipping
[2m2026-03-26T06:52:39.858282Z[0m [32m INFO[0m [2mpostgres::connection[0m[2m:[0m NOTICE: relation "exits" already exists, skipping
[2m2026-03-26T06:52:39.858332Z[0m [32m INFO[0m [2mpostgres::connection[0m[2m:[0m NOTICE: relation "world_lexicon" already exists, skipping
[2m2026-03-26T06:52:39.858346Z[0m [32m INFO[0m [2msingularity_world::store[0m[2m:[0m [store] Initialized PostgreSQL Pool at postgres://postgres:singularity@localhost:5432/singularity
[2m2026-03-26T06:52:39.859659Z[0m [32m INFO[0m [2msingularity_world::store[0m[2m:[0m [store] loaded: 638 rooms, 319 entity_room, 1 venues, 4 assignments, 3 schedules, 319 entities, 10 items
[2m2026-03-26T06:52:39.859692Z[0m [32m INFO[0m [2msingularity_world::store[0m[2m:[0m [store] Syncing all rooms (638) to PostgreSQL...
[2m2026-03-26T06:52:41.026669Z[0m [32m INFO[0m [2msingularity_world::store[0m[2m:[0m [store] PostgreSQL room sync completed.
[2m2026-03-26T06:52:41.026889Z[0m [32m INFO[0m [2mnpc_behavior[0m[2m:[0m loaded 18 roles from /home/tanger/Projects/singularity_world/data/npc_behaviors.json
[2m2026-03-26T06:52:41.027509Z[0m [32m INFO[0m [2mpathfind[0m[2m:[0m graph synced from store: 638 rooms, 1274 directed edges
[2m2026-03-26T06:52:41.027724Z[0m [32m INFO[0m [2msingularity_world::server::run[0m[2m:[0m Rust server listening on http://0.0.0.0:1721 (WebSocket /ws)
[2m2026-03-26T06:52:41.046149Z[0m [32m INFO[0m [2msingularity_world::server::simulation_loop[0m[2m:[0m 注入事件種子: 聽說好事多的批發價又調了，最近物流好像不太順
[2m2026-03-26T06:52:42.000894Z[0m [32m INFO[0m [2msingularity_world::npcnpc::trigger[0m[2m:[0m [Dialogue Debug] 電梯間 vs 換班、交接時的情境，簡短交代或叮囑: 
  -> 龍霞華: 電梯門開了，看來今天你打算先走
  -> 葉俊: 嗯，我剛在樓下看到你們，好像剛剛在走廊交接了一下東
[2m2026-03-26T06:53:06.993129Z[0m [32m INFO[0m [2msingularity_world::npcnpc::trigger[0m[2m:[0m [Dialogue Debug] 電梯間 vs 換班、交接時的情境，簡短交代或叮囑: 
  -> 龍霞華: 我剛在電梯口碰到你，電梯門開了，看來今天你打算先走。
  -> 葉俊: 嗯，我剛在樓下看到你們，好像剛剛在走廊交接了一下東
[2m2026-03-26T06:57:08.109719Z[0m [32m INFO[0m [2mpathfind[0m[2m:[0m graph synced from store: 638 rooms, 1274 directed edges
[2m2026-03-26T06:57:43.600641Z[0m [32m INFO[0m [2mpathfind[0m[2m:[0m graph synced from store: 638 rooms, 1274 directed edges
[2m2026-03-26T07:02:22.062604Z[0m [32m INFO[0m [2mpathfind[0m[2m:[0m graph synced from store: 638 rooms, 1274 directed edges
[2m2026-03-26T07:02:41.534325Z[0m [32m INFO[0m [2msingularity_world::server::simulation_loop[0m[2m:[0m 注入事件種子: 打鐵巷最近接了不少單，聽說是採集隊的工具要換新
[2m2026-03-26T07:02:52.050745Z[0m [32m INFO[0m [2mpathfind[0m[2m:[0m graph synced from store: 638 rooms, 1274 directed edges
[2m2026-03-26T07:02:52.053609Z[0m [32m INFO[0m [2mpathfind[0m[2m:[0m graph synced from store: 638 rooms, 1274 directed edges
[2m2026-03-26T07:02:52.054988Z[0m [32m INFO[0m [2mpathfind[0m[2m:[0m graph synced from store: 638 rooms, 1274 directed edges
[2m2026-03-26T07:02:52.922994Z[0m [32m INFO[0m [2mpathfind[0m[2m:[0m graph synced from store: 638 rooms, 1274 directed edges
[2m2026-03-26T07:03:04.082157Z[0m [32m INFO[0m [2mpathfind[0m[2m:[0m graph synced from store: 638 rooms, 1274 directed edges
[2m2026-03-26T07:03:04.086103Z[0m [32m INFO[0m [2mpathfind[0m[2m:[0m graph synced from store: 638 rooms, 1274 directed edges
[2m2026-03-26T07:03:04.087331Z[0m [32m INFO[0m [2mpathfind[0m[2m:[0m graph synced from store: 638 rooms, 1274 directed edges
[2m2026-03-26T07:03:04.762448Z[0m [32m INFO[0m [2mpathfind[0m[2m:[0m graph synced from store: 638 rooms, 1274 directed edges
[2m2026-03-26T07:05:52.389290Z[0m [32m INFO[0m [2mpathfind[0m[2m:[0m graph synced from store: 638 rooms, 1274 directed edges
[2m2026-03-26T07:06:36.514588Z[0m [32m INFO[0m [2mpathfind[0m[2m:[0m graph synced from store: 638 rooms, 1274 directed edges
[2m2026-03-26T07:06:55.028908Z[0m [32m INFO[0m [2mpathfind[0m[2m:[0m graph synced from store: 638 rooms, 1274 directed edges
[2m2026-03-26T07:10:36.964816Z[0m [32m INFO[0m [2msingularity_world::npcnpc::trigger[0m[2m:[0m [Dialogue Debug]  vs 換班、交接時的情境，簡短交代或叮囑: 
  -> 鄭秀強: 龍霞華，天色烏雲沉沉，路邊那家藥房好，我剛走。
  -> 龍霞華: 鄭秀強，我先回了，晚班辛苦。
[2m2026-03-26T07:11:27.916121Z[0m [32m INFO[0m [2mpathfind[0m[2m:[0m graph synced from store: 638 rooms, 1274 directed edges
[2m2026-03-26T07:11:48.711661Z[0m [32m INFO[0m [2mpathfind[0m[2m:[0m graph synced from store: 638 rooms, 1274 directed edges
[2m2026-03-26T07:12:41.540624Z[0m [32m INFO[0m [2msingularity_world::server::simulation_loop[0m[2m:[0m 注入事件種子: 十六樓商區的地面接縫處冒出了細細的礦脈紋路
[2m2026-03-26T07:14:41.542053Z[0m [32m INFO[0m [2mpathfind[0m[2m:[0m graph synced from store: 638 rooms, 1274 directed edges
[2m2026-03-26T07:15:36.892777Z[0m [32m INFO[0m [2msingularity_world::npcnpc::trigger[0m[2m:[0m [Dialogue Debug]  vs 換班、交接時的情境，簡短交代或叮囑: 
  -> 龍霞華: 我剛在電梯口碰到你，電梯門開
  -> 葉俊: 嗯，我剛在樓下看到你們，好像剛
[2m2026-03-26T07:16:08.666997Z[0m [32m INFO[0m [2mpathfind[0m[2m:[0m graph synced from store: 638 rooms, 1274 directed edges
[2m2026-03-26T07:18:07.198649Z[0m [32m INFO[0m [2msingularity_world::npcnpc::trigger[0m[2m:[0m [Dialogue Debug]  vs 換班、交接時的情境，簡短交代或叮囑: 
  -> 鄭秀強: 最近店鋪好像生意沒那麼好，我最近過得不太好，想請您幫我看點東西。
  -> 葉俊: 那東西看起來挺新，不過今晚店鋪好像生意沒那麼好，我最近過得不太好，想請您幫我看點東西。
[2m2026-03-26T07:20:32.668789Z[0m [32m INFO[0m [2mpathfind[0m[2m:[0m graph synced from store: 638 rooms, 1274 directed edges
[2m2026-03-26T07:20:36.946336Z[0m [32m INFO[0m [2msingularity_world::npcnpc::trigger[0m[2m:[0m [Dialogue Debug]  vs 換班、交接時的情境，簡短交代或叮囑: 
  -> 鄭秀強: 今日帳我對過了，有問題再叫我。
  -> 龍霞華: 先回吧，路邊那家藥房好。
[2m2026-03-26T07:20:50.391054Z[0m [32m INFO[0m [2mpathfind[0m[2m:[0m graph synced from store: 638 rooms, 1274 directed edges
[2m2026-03-26T07:21:34.318248Z[0m [32m INFO[0m [2mpathfind[0m[2m:[0m graph synced from store: 638 rooms, 1274 directed edges
[2m2026-03-26T07:21:52.706842Z[0m [32m INFO[0m [2mpathfind[0m[2m:[0m graph synced from store: 638 rooms, 1274 directed edges
[2m2026-03-26T07:22:17.046689Z[0m [32m INFO[0m [2mpathfind[0m[2m:[0m graph synced from store: 638 rooms, 1274 directed edges
[2m2026-03-26T07:22:41.542872Z[0m [32m INFO[0m [2msingularity_world::server::simulation_loop[0m[2m:[0m 注入事件種子: 電梯間排了好長的隊，聽說中間幾層在做維護
[2m2026-03-26T07:23:32.037302Z[0m [32m INFO[0m [2mpathfind[0m[2m:[0m graph synced from store: 638 rooms, 1274 directed edges
[2m2026-03-26T07:24:51.453428Z[0m [32m INFO[0m [2mpathfind[0m[2m:[0m graph synced from store: 638 rooms, 1274 directed edges
[2m2026-03-26T07:28:07.239315Z[0m [32m INFO[0m [2msingularity_world::npcnpc::trigger[0m[2m:[0m [Dialogue Debug]  vs 換班、交接時的情境，簡短交代或叮囑: 
  -> 鄭秀強: 我最近剛從龍霞華的房裡回來，她說要去生活花園，今晚店鋪生意似乎不太好，我剛回了一句說要請您。
  -> 葉俊: 那東西看起來挺新，不過今晚店鋪好像生意沒那麼好，我剛說要請您。
[2m2026-03-26T07:32:42.044142Z[0m [32m INFO[0m [2msingularity_world::server::simulation_loop[0m[2m:[0m 注入事件種子: 有採集隊從城外回來說，霜林靠近城側的那片最近長得特別快
[2m2026-03-26T07:35:37.987789Z[0m [32m INFO[0m [2msingularity_world::npcnpc::trigger[0m[2m:[0m [Dialogue Debug]  vs 換班、交接時的情境，簡短交代或叮囑: 
  -> 鄭秀強: 先回吧，路邊那家藥房好。
  -> 龍霞華: 好嘞，快走。
[2m2026-03-26T07:40:26.433781Z[0m [32m INFO[0m [2mpathfind[0m[2m:[0m graph synced from store: 638 rooms, 1274 directed edges
[2m2026-03-26T07:40:54.432681Z[0m [32m INFO[0m [2mpathfind[0m[2m:[0m graph synced from store: 638 rooms, 1274 directed edges
[2m2026-03-26T07:41:57.108249Z[0m [32m INFO[0m [2mpathfind[0m[2m:[0m graph synced from store: 638 rooms, 1274 directed edges
[2m2026-03-26T07:42:42.043817Z[0m [32m INFO[0m [2msingularity_world::server::simulation_loop[0m[2m:[0m 注入事件種子: 有住戶說家裡石板縫長出了新的發光菌絲，紫綠色的
[2m2026-03-26T07:44:37.732454Z[0m [32m INFO[0m [2mpathfind[0m[2m:[0m graph synced from store: 638 rooms, 1274 directed edges
[2m2026-03-26T07:45:37.044688Z[0m [32m INFO[0m [2msingularity_world::npcnpc::trigger[0m[2m:[0m [Dialogue Debug]  vs 換班、交接時的情境，簡短交代或叮囑: 
  -> 鄭秀強: 我剛回，晚班辛苦，別太累著，路邊那家藥房好。
  -> 龍霞華: 好嘞，快走。
[2m2026-03-26T07:45:53.890549Z[0m [32m INFO[0m [2mpathfind[0m[2m:[0m graph synced from store: 638 rooms, 1274 directed edges
[2m2026-03-26T07:50:01.286501Z[0m [32m INFO[0m [2mpathfind[0m[2m:[0m graph synced from store: 638 rooms, 1274 directed edges
[2m2026-03-26T07:50:20.542998Z[0m [32m INFO[0m [2mpathfind[0m[2m:[0m graph synced from store: 638 rooms, 1274 directed edges
[2m2026-03-26T07:51:17.191937Z[0m [32m INFO[0m [2mpathfind[0m[2m:[0m graph synced from store: 638 rooms, 1274 directed edges
[2m2026-03-26T07:52:38.956427Z[0m [32m INFO[0m [2mpathfind[0m[2m:[0m graph synced from store: 638 rooms, 1274 directed edges
[2m2026-03-26T07:52:42.052861Z[0m [32m INFO[0m [2msingularity_world::server::simulation_loop[0m[2m:[0m 注入事件種子: 今天的游離輻射塵好像比平常多一些，空氣裡有淡淡的粉光
[2m2026-03-26T07:55:37.094474Z[0m [32m INFO[0m [2msingularity_world::npcnpc::trigger[0m[2m:[0m [Dialogue Debug]  vs 換班、交接時的情境，簡短交代或叮囑: 
  -> 鄭秀強: 我剛從那家藥房回來，路邊果然又有買賣人在搶生意，真是讓人有點慌。
  -> 龍霞華: 龍霞華，快走吧，路邊那家藥房好。
[2m2026-03-26T07:56:44.244711Z[0m [32m INFO[0m [2mpathfind[0m[2m:[0m graph synced from store: 638 rooms, 1274 directed edges
[2m2026-03-26T08:02:42.039150Z[0m [32m INFO[0m [2msingularity_world::server::simulation_loop[0m[2m:[0m 注入事件種子: 十六樓的某面牆突然長出了一小片琉璃化的結晶，很漂亮
[2m2026-03-26T08:03:07.268645Z[0m [32m INFO[0m [2msingularity_world::npcnpc::trigger[0m[2m:[0m [Dialogue Debug]  vs 換班、交接時的情境，簡短交代或叮囑: 
  -> 鄭秀強: 龍霞華，路邊那家藥房生意太火爆，我剛從那裡回來，今天還看到有人在搶東西，真危險。
  -> 龍霞華: 鄭秀強，快走吧，別走遠了，最近生意好，我們還是先回家吧。
[2m2026-03-26T08:10:37.991912Z[0m [32m INFO[0m [2msingularity_world::npcnpc::trigger[0m[2m:[0m [Dialogue Debug]  vs 換班、交接時的情境，簡短交代或叮囑: 
  -> 龍霞華: 我剛在電梯口碰到你，電梯門開
  -> 葉俊: 嗯，我剛在樓下看到你們，好像剛
[2m2026-03-26T08:11:28.190003Z[0m [32m INFO[0m [2mpathfind[0m[2m:[0m graph synced from store: 638 rooms, 1274 directed edges
[2m2026-03-26T08:12:42.539710Z[0m [32m INFO[0m [2msingularity_world::server::simulation_loop[0m[2m:[0m 注入事件種子: 今天空氣裡的膠質味比平常濃，像要變天了
[2m2026-03-26T08:22:42.554093Z[0m [32m INFO[0m [2msingularity_world::server::simulation_loop[0m[2m:[0m 注入事件種子: 樓梯間的菌絲光昨晚特別亮，是琥珀色的
[2m2026-03-26T08:25:06.110572Z[0m [32m INFO[0m [2mpathfind[0m[2m:[0m graph synced from store: 638 rooms, 1274 directed edges
[2m2026-03-26T08:25:36.948493Z[0m [32m INFO[0m [2msingularity_world::npcnpc::trigger[0m[2m:[0m [Dialogue Debug]  vs 換班、交接時的情境，簡短交代或叮囑: 
  -> 鄭秀強: 那東西看起來挺新，不過今晚店鋪好像生意沒那麼好，我
  -> 葉俊: 櫃檯你盯一下。
[2m2026-03-26T08:25:48.118574Z[0m [32m INFO[0m [2mpathfind[0m[2m:[0m graph synced from store: 638 rooms, 1274 directed edges
[2m2026-03-26T08:26:52.699949Z[0m [32m INFO[0m [2mpathfind[0m[2m:[0m graph synced from store: 638 rooms, 1274 directed edges
[2m2026-03-26T08:27:40.647343Z[0m [32m INFO[0m [2mpathfind[0m[2m:[0m graph synced from store: 638 rooms, 1274 directed edges
[2m2026-03-26T08:28:34.163995Z[0m [32m INFO[0m [2mpathfind[0m[2m:[0m graph synced from store: 638 rooms, 1274 directed edges
[2m2026-03-26T08:28:57.524552Z[0m [32m INFO[0m [2mpostgres::connection[0m[2m:[0m NOTICE: extension "vector" already exists, skipping
[2m2026-03-26T08:28:57.524699Z[0m [32m INFO[0m [2mpostgres::connection[0m[2m:[0m NOTICE: relation "auth" already exists, skipping
[2m2026-03-26T08:28:57.524749Z[0m [32m INFO[0m [2mpostgres::connection[0m[2m:[0m NOTICE: relation "event_log" already exists, skipping
[2m2026-03-26T08:28:57.524904Z[0m [32m INFO[0m [2mpostgres::connection[0m[2m:[0m NOTICE: relation "idx_event_log_entity_id" already exists, skipping
[2m2026-03-26T08:28:57.524958Z[0m [32m INFO[0m [2mpostgres::connection[0m[2m:[0m NOTICE: relation "archival" already exists, skipping
[2m2026-03-26T08:28:57.525015Z[0m [32m INFO[0m [2mpostgres::connection[0m[2m:[0m NOTICE: relation "idx_archival_entity_id" already exists, skipping
[2m2026-03-26T08:28:57.525063Z[0m [32m INFO[0m [2mpostgres::connection[0m[2m:[0m NOTICE: relation "npc_memories" already exists, skipping
[2m2026-03-26T08:28:57.525108Z[0m [32m INFO[0m [2mpostgres::connection[0m[2m:[0m NOTICE: relation "npc_summaries" already exists, skipping
[2m2026-03-26T08:28:57.525146Z[0m [32m INFO[0m [2mpostgres::connection[0m[2m:[0m NOTICE: relation "npc_npc_summaries" already exists, skipping
[2m2026-03-26T08:28:57.525190Z[0m [32m INFO[0m [2mpostgres::connection[0m[2m:[0m NOTICE: relation "npc_threads" already exists, skipping
[2m2026-03-26T08:28:57.525233Z[0m [32m INFO[0m [2mpostgres::connection[0m[2m:[0m NOTICE: relation "npc_dyads" already exists, skipping
[2m2026-03-26T08:28:57.525285Z[0m [32m INFO[0m [2mpostgres::connection[0m[2m:[0m NOTICE: relation "npc_rumors" already exists, skipping
[2m2026-03-26T08:28:57.525332Z[0m [32m INFO[0m [2mpostgres::connection[0m[2m:[0m NOTICE: relation "rooms" already exists, skipping
[2m2026-03-26T08:28:57.525373Z[0m [32m INFO[0m [2mpostgres::connection[0m[2m:[0m NOTICE: relation "exits" already exists, skipping
[2m2026-03-26T08:28:57.525422Z[0m [32m INFO[0m [2mpostgres::connection[0m[2m:[0m NOTICE: relation "world_lexicon" already exists, skipping
[2m2026-03-26T08:28:57.525428Z[0m [32m INFO[0m [2msingularity_world::store[0m[2m:[0m [store] Initialized PostgreSQL Pool at postgres://postgres:singularity@localhost:5432/singularity
[2m2026-03-26T08:28:57.526938Z[0m [32m INFO[0m [2msingularity_world::store[0m[2m:[0m [store] loaded: 638 rooms, 319 entity_room, 1 venues, 4 assignments, 3 schedules, 319 entities, 10 items
[2m2026-03-26T08:28:57.527016Z[0m [32m INFO[0m [2msingularity_world::store[0m[2m:[0m [store] Syncing all rooms (638) to PostgreSQL...
[2m2026-03-26T08:28:57.651197Z[0m [32m INFO[0m [2msingularity_world::store[0m[2m:[0m [store] PostgreSQL room sync completed.
[2m2026-03-26T08:28:57.651334Z[0m [32m INFO[0m [2mnpc_behavior[0m[2m:[0m loaded 18 roles from /home/tanger/Projects/singularity_world/data/npc_behaviors.json
[2m2026-03-26T08:28:57.651775Z[0m [32m INFO[0m [2mpathfind[0m[2m:[0m graph synced from store: 638 rooms, 1274 directed edges
[2m2026-03-26T08:28:57.651971Z[0m [32m INFO[0m [2msingularity_world::server::run[0m[2m:[0m Rust server listening on http://0.0.0.0:1721 (WebSocket /ws)
[2m2026-03-26T08:28:57.691784Z[0m [32m INFO[0m [2msingularity_world::server::simulation_loop[0m[2m:[0m 注入事件種子: 五樓那戶陽台的根鬚盤得更緊了，看著倒是挺穩的
[2m2026-03-26T08:28:58.927813Z[0m [32m INFO[0m [2msingularity_world::npcnpc::trigger[0m[2m:[0m [Dialogue Debug] 電梯間 vs 換班、交接時的情境，簡短交代或叮囑: 
  -> 曾玲洋: 我來看看，是不是有東西在底下藏著？
  -> 諸葛燕萍: 嗯，好像有些東西，讓我來檢查一下。
[2m2026-03-26T08:35:38.849518Z[0m [32m INFO[0m [2msingularity_world::npcnpc::trigger[0m[2m:[0m [Dialogue Debug]  vs 換班、交接時的情境，簡短交代或叮囑: 
  -> 葉俊: 葉俊，從方向到達，今日帳我對過了，有問題再叫我。
  -> 鄭秀強: 鄭秀強，離開前往 lobby
[2m2026-03-26T08:38:58.176942Z[0m [32m INFO[0m [2msingularity_world::server::simulation_loop[0m[2m:[0m 注入事件種子: 加了福的肉質蔬果到貨了，今天特別新鮮
[2m2026-03-26T08:45:37.186766Z[0m [32m INFO[0m [2msingularity_world::npcnpc::trigger[0m[2m:[0m [Dialogue Debug] 電梯間 vs 換班、交接時的情境，簡短交代或叮囑: 
  -> 諸葛燕萍: 今天帳我對過了，有問題再叫我。
  -> 龍霞華: 已確認，有問題再叫我。
[2m2026-03-26T08:48:07.928579Z[0m [32m INFO[0m [2msingularity_world::npcnpc::trigger[0m[2m:[0m [Dialogue Debug] 電梯間 vs 換班、交接時的情境，簡短交代或叮囑: 
  -> 慕容靜: 你剛剛說得挺仔細，但剛才那晚的風吹得好像你都在走遠，我剛把行李放進櫃子，心裡還舊。
  -> 龍霞華: （接續）那晚你說得挺仔細，但剛才那晚的風吹得好像你都在走遠，我剛把行李放進櫃子，心裡還舊。
[2m2026-03-26T08:48:58.673626Z[0m [32m INFO[0m [2msingularity_world::server::simulation_loop[0m[2m:[0m 注入事件種子: 三樓醫療區最近比較忙，好像是採集隊回城的季節
[2m2026-03-26T08:50:37.133030Z[0m [32m INFO[0m [2msingularity_world::npcnpc::trigger[0m[2m:[0m [Dialogue Debug]  vs 換班、交接時的情境，簡短交代或叮囑: 
  -> 葉俊: 從方向到達，今日帳我對過了，有問題再叫我。
  -> 鄭秀強: 離開前往 lobby
[2m2026-03-26T08:53:07.376322Z[0m [32m INFO[0m [2msingularity_world::npcnpc::trigger[0m[2m:[0m [Dialogue Debug] 電梯間 vs 換班、交接時的情境，簡短交代或叮囑: 
  -> 龍霞華: 我剛準備好，今晚的電梯裡還有個電梯在開門，我來找您交接一下。
  -> 萬濤: 好，我聽得清楚。
[2m2026-03-26T08:58:07.147829Z[0m [32m INFO[0m [2msingularity_world::npcnpc::trigger[0m[2m:[0m [Dialogue Debug]  vs 換班、交接時的情境，簡短交代或叮囑: 
  -> 葉俊: 葉俊，從方向到達，今日帳我對過了，有問題再叫我。
  -> 鄭秀強: 鄭秀強，離開前往 lobby
[2m2026-03-26T08:58:58.668340Z[0m [32m INFO[0m [2msingularity_world::server::simulation_loop[0m[2m:[0m 注入事件種子: 凌晨在窗邊能看到遠處地脈的微光隱約在脈動，像心跳一樣
[2m2026-03-26T09:03:07.363785Z[0m [32m INFO[0m [2msingularity_world::npcnpc::trigger[0m[2m:[0m [Dialogue Debug] 電梯間 vs 換班、交接時的情境，簡短交代或叮囑: 
  -> 諸葛燕萍: 你剛才剛跟龍霞華去過生活地園，現在剛從電梯間出來，天色還亮著。
  -> 萬濤: 我最近工作壓得有點重，但也許能撐過今晚。
[2m2026-03-26T09:05:37.556033Z[0m [32m INFO[0m [2msingularity_world::npcnpc::trigger[0m[2m:[0m [Dialogue Debug] 電梯間 vs 換班、交接時的情境，簡短交代或叮囑: 
  -> 鍾磊秀: 電梯間很亮，你剛開門，龍霞華還在窗邊看脈動，我注意到最近鎮米鹽又貴了一點，街坊都在精打細算。
  -> 馬明: 嗯，那得小心點，剛才那台電梯門開了，你剛出來，我看看最近是不是又貴了一點。
[2m2026-03-26T09:08:07.152745Z[0m [32m INFO[0m [2msingularity_world::npcnpc::trigger[0m[2m:[0m [Dialogue Debug]  vs 換班、交接時的情境，簡短交代或叮囑: 
  -> 葉俊: 今日帳我對過了，有問題再叫我。
  -> 鄭秀強: 離開前往 lobby
[2m2026-03-26T09:08:59.177626Z[0m [32m INFO[0m [2msingularity_world::server::simulation_loop[0m[2m:[0m 注入事件種子: 十六樓的某面牆突然長出了一小片琉璃化的結晶，很漂亮
[2m2026-03-26T09:13:07.195987Z[0m [32m INFO[0m [2msingularity_world::npcnpc::trigger[0m[2m:[0m [Dialogue Debug]  vs 換班、交接時的情境，簡短交代或叮囑: 
  -> 鄭秀強: 我剛忙完這裡的帳，想去找你聊聊天，可你卻走得這麼快，別太着急。
  -> 龍霞華: 我走，你別回頭，小心路頭。
[2m2026-03-26T09:18:59.172529Z[0m [32m INFO[0m [2msingularity_world::server::simulation_loop[0m[2m:[0m 注入事件種子: 市集今天來了一批品相很好的玉質木材，攤販搶著進貨
[2m2026-03-26T09:20:37.140699Z[0m [32m INFO[0m [2msingularity_world::npcnpc::trigger[0m[2m:[0m [Dialogue Debug]  vs 換班、交接時的情境，簡短交代或叮囑: 
  -> 鄭秀強: 我剛忙完這裡的帳，想去找你聊聊天，可你卻走得這麼快。
  -> 龍霞華: 我走，你別回頭，小心路頭。
[2m2026-03-26T09:28:59.674774Z[0m [32m INFO[0m [2msingularity_world::server::simulation_loop[0m[2m:[0m 注入事件種子: 城外商路上的指引石被增生物覆蓋了一半，有隊伍去清理了
[2m2026-03-26T09:30:38.464324Z[0m [32m INFO[0m [2msingularity_world::npcnpc::trigger[0m[2m:[0m [Dialogue Debug]  vs 換班、交接時的情境，簡短交代或叮囑: 
  -> 葉俊: 葉俊，我剛在樓下看到你們，好像剛認識，今天帳我對過了，有問題再叫我。
  -> 龍霞華: 嗯，我剛在樓下看到你們，好像剛認識，今天帳我對過了，有問題再叫我。
[2m2026-03-26T09:38:08.312724Z[0m [32m INFO[0m [2msingularity_world::npcnpc::trigger[0m[2m:[0m [Dialogue Debug]  vs 換班、交接時的情境，簡短交代或叮囑: 
  -> 鄭秀強: 鄭秀強，今晚的夜路有點冷，你該準備好換好衣服，別讓路頭走得太急。
  -> 龍霞華: 龍霞華，我走，你別回頭，小心路頭。
[2m2026-03-26T09:39:00.171991Z[0m [32m INFO[0m [2msingularity_world::server::simulation_loop[0m[2m:[0m 注入事件種子: 今早走廊牆縫裡的玉質脈絡又長了一截，紋路很好看
[2m2026-03-26T09:40:37.164936Z[0m [32m INFO[0m [2msingularity_world::npcnpc::trigger[0m[2m:[0m [Dialogue Debug]  vs 換班、交接時的情境，簡短交代或叮囑: 
  -> 葉俊: 我剛在樓下看到你們，好像剛認識，今天帳我對過
  -> 龍霞華: 嗯，我剛在樓下看到你們，好像剛認識，今天帳我對過了
[2m2026-03-26T09:45:37.082309Z[0m [32m INFO[0m [2msingularity_world::npcnpc::trigger[0m[2m:[0m [Dialogue Debug]  vs 換班、交接時的情境，簡短交代或叮囑: 
  -> 鄭秀強: 夜路有點冷，你該準備好換好衣服，別讓路頭走樣。
  -> 龍霞華: 我走，你別回頭，小心路頭。
[2m2026-03-26T09:48:07.411793Z[0m [32m INFO[0m [2msingularity_world::npcnpc::trigger[0m[2m:[0m [Dialogue Debug]  vs 換班、交接時的情境，簡短交代或叮囑: 
  -> 葉俊: 葉俊，剛看過你們，好像剛認識，今天帳我對過，最近過得不太好，怕事。
  -> 龍霞華: 嗯，我剛在樓下看到你們，好像剛認識，今天帳我對過了。
[2m2026-03-26T09:49:00.668999Z[0m [32m INFO[0m [2msingularity_world::server::simulation_loop[0m[2m:[0m 注入事件種子: 有人從低樓層看到遠處林冠線在晃動，可能是大型生物經過
[2m2026-03-26T09:50:37.057503Z[0m [32m INFO[0m [2msingularity_world::npcnpc::trigger[0m[2m:[0m [Dialogue Debug]  vs 換班、交接時的情境，簡短交代或叮囑: 
  -> 葉俊: 從方向到達，今日帳我對過了，有問題再叫我。
  -> 鄭秀強: 離開前往 lobby
[2m2026-03-26T09:53:07.460637Z[0m [32m INFO[0m [2msingularity_world::npcnpc::trigger[0m[2m:[0m [Dialogue Debug]  vs 換班、交接時的情境，簡短交代或叮囑: 
  -> 鄭秀強: 你剛走的時候，我忽然發現巷口那棵老樹下，正有人彎腰在擦玻璃，似乎是在整理昨晚收留的行李。
  -> 龍霞華: 你剛走的時候，我忽然發現巷口那棵老樹下，正有人彎腰在擦玻璃，似乎是在整理昨晚收留的行李。
[2m2026-03-26T09:55:37.255515Z[0m [32m INFO[0m [2msingularity_world::npcnpc::trigger[0m[2m:[0m [Dialogue Debug]  vs 換班、交接時的情境，簡短交代或叮囑: 
  -> 葉俊: 剛看到你們，今天帳我對過，你最近過得挺差的。
  -> 龍霞華: 嗯，我剛在樓下看到你們，好像剛認識，今天帳我對過了
[2m2026-03-26T09:58:07.018175Z[0m [32m INFO[0m [2msingularity_world::npcnpc::trigger[0m[2m:[0m [Dialogue Debug]  vs 換班、交接時的情境，簡短交代或叮囑: 
  -> 葉俊: 今日帳我對過了，有問題再叫我。
  -> 鄭秀強: 離開前往 lobby
[2m2026-03-26T09:59:00.666520Z[0m [32m INFO[0m [2msingularity_world::server::simulation_loop[0m[2m:[0m 注入事件種子: 有採集隊從城外回來說，霜林靠近城側的那片最近長得特別快
[2m2026-03-26T10:05:37.310912Z[0m [32m INFO[0m [2msingularity_world::npcnpc::trigger[0m[2m:[0m [Dialogue Debug]  vs 換班、交接時的情境，簡短交代或叮囑: 
  -> 葉俊: 葉俊，昨晚剛在樓下看見你，好像剛認識，今天帳我對過，你最近工作挺忙的。
  -> 龍霞華: 嗯，我剛在樓下看到你們，好像剛認識，今天帳我對過了，最近工作也比較忙。
[2m2026-03-26T10:09:01.175849Z[0m [32m INFO[0m [2msingularity_world::server::simulation_loop[0m[2m:[0m 注入事件種子: 今天的游離輻射塵好像比平常多一些，空氣裡有淡淡的粉光
[2m2026-03-26T10:10:37.187469Z[0m [32m INFO[0m [2msingularity_world::npcnpc::trigger[0m[2m:[0m [Dialogue Debug]  vs 換班、交接時的情境，簡短交代或叮囑: 
  -> 鄭秀強: 今天行嗎？剛走的那棵老樹下好像有人，你也來看看？
  -> 龍霞華: 嗯，我也剛走，今天好像輻射塵比以前多了一些。
[2m2026-03-26T10:13:07.086556Z[0m [32m INFO[0m [2msingularity_world::npcnpc::trigger[0m[2m:[0m [Dialogue Debug]  vs 換班、交接時的情境，簡短交代或叮囑: 
  -> 葉俊: 葉俊，你剛在樓下看到我，今天帳我對過了。
  -> 龍霞華: 嗯，我剛在樓下看到你們，好像剛認識，今天帳我對過了
[2m2026-03-26T10:18:07.121030Z[0m [32m INFO[0m [2msingularity_world::npcnpc::trigger[0m[2m:[0m [Dialogue Debug]  vs 換班、交接時的情境，簡短交代或叮囑: 
  -> 鄭秀強: 剛走的那棵老樹下好像有人，你也來看看？
  -> 龍霞華: 嗯，我也剛走，今天好像輻射塵比以前多了一些。
[2m2026-03-26T10:19:01.666030Z[0m [32m INFO[0m [2msingularity_world::server::simulation_loop[0m[2m:[0m 注入事件種子: 十六樓商區的地面接縫處冒出了細細的礦脈紋路
[2m2026-03-26T10:28:08.184049Z[0m [32m INFO[0m [2msingularity_world::npcnpc::trigger[0m[2m:[0m [Dialogue Debug]  vs 換班、交接時的情境，簡短交代或叮囑: 
  -> 葉俊: 今日帳我對過了，有問題再叫我。
  -> 龍霞華: 嗯，我剛在樓下看到你們，好像剛認識，今天帳我對過了
[2m2026-03-26T10:29:01.667853Z[0m [32m INFO[0m [2msingularity_world::server::simulation_loop[0m[2m:[0m 注入事件種子: 十一樓健身區新添了幾件器材，是用富態化木材做的
[2m2026-03-26T10:39:02.168134Z[0m [32m INFO[0m [2msingularity_world::server::simulation_loop[0m[2m:[0m 注入事件種子: 聽說好事多的批發價又調了，最近物流好像不太順
[2m2026-03-26T10:43:08.152450Z[0m [32m INFO[0m [2msingularity_world::npcnpc::trigger[0m[2m:[0m [Dialogue Debug]  vs 換班、交接時的情境，簡短交代或叮囑: 
  -> 鄭秀強: 我剛才看那棵樹下的人，你來找我？」
  -> 龍霞華: 嗯，我也剛走，今天好像輻射塵比以前多了一些，你也來
[2m2026-03-26T10:49:02.667324Z[0m [32m INFO[0m [2msingularity_world::server::simulation_loop[0m[2m:[0m 注入事件種子: 有人說聽見了低樓層的結構在微微嗡鳴，像建築在呼吸
[2m2026-03-26T10:58:08.452255Z[0m [32m INFO[0m [2msingularity_world::npcnpc::trigger[0m[2m:[0m [Dialogue Debug]  vs 換班、交接時的情境，簡短交代或叮囑: 
  -> 鄭秀強: 我剛從那個樓層出去，樓下那棵樹下的人，你來找我？
  -> 龍霞華: 嗯，我也剛走，今天好像輻射塵比以前多了一些，你也來
[2m2026-03-26T10:59:02.667946Z[0m [32m INFO[0m [2msingularity_world::server::simulation_loop[0m[2m:[0m 注入事件種子: 樓頂的蓄水設施今天開始例行清洗，水量可能會少一會兒
[2m2026-03-26T11:09:02.700842Z[0m [32m INFO[0m [2msingularity_world::server::simulation_loop[0m[2m:[0m 注入事件種子: 昨晚牆面的玉質脈絡突然閃了一下暗紫色的光，只持續了幾秒
[2m2026-03-26T11:10:38.363674Z[0m [32m INFO[0m [2msingularity_world::npcnpc::trigger[0m[2m:[0m [Dialogue Debug]  vs 換班、交接時的情境，簡短交代或叮囑: 
  -> 葉俊: 葉俊，我剛才在櫃檯看您，好像剛認識，今天帳我對過。
  -> 龍霞華: 龍霞華，嗯，我剛在樓下看到你們，好像剛認識，今天帳我對過了。
[2m2026-03-26T11:10:57.472677Z[0m [32m INFO[0m [2msingularity_world::npcnpc::trigger[0m[2m:[0m [Dialogue Debug] 浮生城7F vs 打聽消息、問路、問人: 
  -> 田惠: 昨晚牆面突然閃過暗紫色光，我有些慌亂，但鄭秀強還是先走了，看來龍霞華已經到站了。
  -> 宋萍: 聽說龍霞華剛排班，周圍的人都比較緊張，我下樓跟你們說說看。
[2m2026-03-26T11:12:07.507495Z[0m [32m INFO[0m [2msingularity_world::npcnpc::trigger[0m[2m:[0m [Dialogue Debug] 浮生城9F vs 打聽消息、問路、問人: 
  -> 秦霞平: 那個客人怎麼回事？
  -> 邵娜: 剛認識，沒什麼
[2m2026-03-26T11:19:02.915389Z[0m [32m INFO[0m [2msingularity_world::server::simulation_loop[0m[2m:[0m 注入事件種子: 今天空氣裡的膠質味比平常濃，像要變天了
[2m2026-03-26T11:25:28.129474Z[0m [32m INFO[0m [2msingularity_world::npcnpc::trigger[0m[2m:[0m [Dialogue Debug] 浮生城9F vs 打聽消息、問路、問人: 
  -> 東方建: {"a":"「那個……誰呢？」武玲低聲應道，目光在周圍幾盞燈下晃悠。
  -> 武玲: b":"「……就是那個。」東方建淡淡道，手裡把著杯沿。"}
[2m2026-03-26T11:29:03.065823Z[0m [32m INFO[0m [2msingularity_world::server::simulation_loop[0m[2m:[0m 注入事件種子: 樓梯間的菌絲光昨晚特別亮，是琥珀色的
[2m2026-03-26T11:33:09.671725Z[0m [32m INFO[0m [2msingularity_world::npcnpc::trigger[0m[2m:[0m [Dialogue Debug]  vs 換班、交接時的情境，簡短交代或叮囑: 
  -> 葉俊: 今晚的菌絲光太亮了，我剛去查了一下，是種了某種特殊的琥珀。
  -> 鄭秀強: 啊，真的嗎？那我先去走一下路。
[2m2026-03-26T11:35:39.706929Z[0m [32m INFO[0m [2msingularity_world::npcnpc::trigger[0m[2m:[0m [Dialogue Debug]  vs 換班、交接時的情境，簡短交代或叮囑: 
  -> 葉俊: 今晚的排班表還沒定好，先別急著走，我讓員工把明天到來的訊息都發出去，你幫我盯一下櫃檯。
  -> 龍霞華: 知道了，葉經理。不過今天先好好休息吧，明天早上再來找我，今天先好好。
[2m2026-03-26T11:38:09.870197Z[0m [32m INFO[0m [2msingularity_world::npcnpc::trigger[0m[2m:[0m [Dialogue Debug]  vs 換班、交接時的情境，簡短交代或叮囑: 
  -> 鄭秀強: 鄭秀強，我剛忙完，現在該去換班了，但樓上菌絲光太亮了些，你來幫我看看嗎？
  -> 龍霞華: 龍霞華，沒事，我剛去換班，你過來幫我看下吧
[2m2026-03-26T11:39:03.533740Z[0m [32m INFO[0m [2msingularity_world::server::simulation_loop[0m[2m:[0m 注入事件種子: 電梯間排了好長的隊，聽說中間幾層在做維護
[2m2026-03-26T11:45:38.116197Z[0m [32m INFO[0m [2msingularity_world::npcnpc::trigger[0m[2m:[0m [Dialogue Debug]  vs 換班、交接時的情境，簡短交代或叮囑: 
  -> 葉俊: 今晚的排班表還沒定好，先別急著走，我讓員工把明天到，你回去好好休息吧，明天早上再來。
  -> 龍霞華: 知道了，葉經理。不過今天先好好休息吧，明天早上再來。
[2m2026-03-26T11:48:08.464841Z[0m [32m INFO[0m [2msingularity_world::npcnpc::trigger[0m[2m:[0m [Dialogue Debug]  vs 換班、交接時的情境，簡短交代或叮囑: 
  -> 鄭秀強: 鄭秀強，剛才你幫我看樓上的菌絲光太亮，我剛忙完換班，現在該去去了。
  -> 龍霞華: 龍霞華，沒事，我剛去換班，你過來幫我看下吧
[2m2026-03-26T11:49:03.802368Z[0m [32m INFO[0m [2msingularity_world::server::simulation_loop[0m[2m:[0m 注入事件種子: 藥材價格穩著，但品種比上個月少了幾樣
[2m2026-03-26T11:53:08.072355Z[0m [32m INFO[0m [2msingularity_world::npcnpc::trigger[0m[2m:[0m [Dialogue Debug]  vs 換班、交接時的情境，簡短交代或叮囑: 
  -> 葉俊: 今晚的排班表還沒定好，先別急著走，我讓員工把明天到
  -> 龍霞華: 知道了，葉經理。不過今天先好好休息吧，明天早上再來
[2m2026-03-26T11:55:38.394918Z[0m [32m INFO[0m [2msingularity_world::npcnpc::trigger[0m[2m:[0m [Dialogue Debug]  vs 換班、交接時的情境，簡短交代或叮囑: 
  -> 葉俊: 今晚的菌絲光太亮了，我剛去查了一下，是種了某種特殊，我沒敢再進深層，怕影響生長。
  -> 鄭秀強: 啊，真的嗎？那我先去走一下路，路難走，我這會兒就走了。
[2m2026-03-26T11:58:07.223530Z[0m [32m INFO[0m [2msingularity_world::npcnpc::trigger[0m[2m:[0m [Dialogue Debug]  vs 換班、交接時的情境，簡短交代或叮囑: 
  -> 鄭秀強: {"a":"「菌絲光太亮」？這地方太晃眼了，怎麼連夜裡都這麼亮？"}
  -> 龍霞華: {"b":"「沒事」？剛忙完還來幫我看，你這態度倒是比剛才更緊繃。」}
[2m2026-03-26T11:59:03.664382Z[0m [32m INFO[0m [2msingularity_world::server::simulation_loop[0m[2m:[0m 注入事件種子: 最近幾天金屬器具的表面都浮了一層淡淡的礦脈紋路
[2m2026-03-26T12:09:04.165750Z[0m [32m INFO[0m [2msingularity_world::server::simulation_loop[0m[2m:[0m 注入事件種子: 有住戶搬家了，留下的房間牆上全是根鬚攀痕，挺有意思的
[2m2026-03-26T12:15:39.313074Z[0m [32m INFO[0m [2msingularity_world::npcnpc::trigger[0m[2m:[0m [Dialogue Debug]  vs 換班、交接時的情境，簡短交代或叮囑: 
  -> 鄭秀強: {"a":"「菌絲光太亮」？這地方太晃眼了，怎麼連龍霞華都來幫我看，你這態度倒挺熱絡，」
  -> 龍霞華: b":"「沒事」？剛忙完還來幫我看，你這態度倒」
[2m2026-03-26T12:19:04.669373Z[0m [32m INFO[0m [2msingularity_world::server::simulation_loop[0m[2m:[0m 注入事件種子: 有住戶說家裡石板縫長出了新的發光菌絲，紫綠色的
[2m2026-03-26T12:29:05.179516Z[0m [32m INFO[0m [2msingularity_world::server::simulation_loop[0m[2m:[0m 注入事件種子: 有人在樓下收購琉璃化的礦石碎片，出手很闊綽
[2m2026-03-26T12:39:05.169849Z[0m [32m INFO[0m [2msingularity_world::server::simulation_loop[0m[2m:[0m 注入事件種子: 聽回來的人講，城外的肉質籐蔓又往路邊多蔓了一些
[2m2026-03-26T12:49:05.667262Z[0m [32m INFO[0m [2msingularity_world::server::simulation_loop[0m[2m:[0m 注入事件種子: 遠處的地脈微光今晚比平常亮一些，淡綠色的
[2m2026-03-26T12:59:05.665547Z[0m [32m INFO[0m [2msingularity_world::server::simulation_loop[0m[2m:[0m 注入事件種子: 採集隊說城外淺層礦脈的礦石開始出現新的玉化紋理
[2m2026-03-26T13:00:13.507076Z[0m [32m INFO[0m [2mpostgres::connection[0m[2m:[0m NOTICE: extension "vector" already exists, skipping
[2m2026-03-26T13:00:13.507239Z[0m [32m INFO[0m [2mpostgres::connection[0m[2m:[0m NOTICE: relation "auth" already exists, skipping
[2m2026-03-26T13:00:13.507303Z[0m [32m INFO[0m [2mpostgres::connection[0m[2m:[0m NOTICE: relation "event_log" already exists, skipping
[2m2026-03-26T13:00:13.507470Z[0m [32m INFO[0m [2mpostgres::connection[0m[2m:[0m NOTICE: relation "idx_event_log_entity_id" already exists, skipping
[2m2026-03-26T13:00:13.507526Z[0m [32m INFO[0m [2mpostgres::connection[0m[2m:[0m NOTICE: relation "archival" already exists, skipping
[2m2026-03-26T13:00:13.507585Z[0m [32m INFO[0m [2mpostgres::connection[0m[2m:[0m NOTICE: relation "idx_archival_entity_id" already exists, skipping
[2m2026-03-26T13:00:13.507635Z[0m [32m INFO[0m [2mpostgres::connection[0m[2m:[0m NOTICE: relation "npc_memories" already exists, skipping
[2m2026-03-26T13:00:13.507675Z[0m [32m INFO[0m [2mpostgres::connection[0m[2m:[0m NOTICE: relation "npc_summaries" already exists, skipping
[2m2026-03-26T13:00:13.507714Z[0m [32m INFO[0m [2mpostgres::connection[0m[2m:[0m NOTICE: relation "npc_npc_summaries" already exists, skipping
[2m2026-03-26T13:00:13.507759Z[0m [32m INFO[0m [2mpostgres::connection[0m[2m:[0m NOTICE: relation "npc_threads" already exists, skipping
[2m2026-03-26T13:00:13.507802Z[0m [32m INFO[0m [2mpostgres::connection[0m[2m:[0m NOTICE: relation "npc_dyads" already exists, skipping
[2m2026-03-26T13:00:13.507855Z[0m [32m INFO[0m [2mpostgres::connection[0m[2m:[0m NOTICE: relation "npc_rumors" already exists, skipping
[2m2026-03-26T13:00:13.507902Z[0m [32m INFO[0m [2mpostgres::connection[0m[2m:[0m NOTICE: relation "rooms" already exists, skipping
[2m2026-03-26T13:00:13.507943Z[0m [32m INFO[0m [2mpostgres::connection[0m[2m:[0m NOTICE: relation "exits" already exists, skipping
[2m2026-03-26T13:00:13.507993Z[0m [32m INFO[0m [2mpostgres::connection[0m[2m:[0m NOTICE: relation "world_lexicon" already exists, skipping
[2m2026-03-26T13:00:13.508000Z[0m [32m INFO[0m [2msingularity_world::store[0m[2m:[0m [store] Initialized PostgreSQL Pool at postgres://postgres:singularity@localhost:5432/singularity
[2m2026-03-26T13:00:13.510279Z[0m [32m INFO[0m [2msingularity_world::store[0m[2m:[0m [store] loaded: 638 rooms, 319 entity_room, 1 venues, 4 assignments, 3 schedules, 319 entities, 10 items
[2m2026-03-26T13:00:13.510349Z[0m [32m INFO[0m [2msingularity_world::store[0m[2m:[0m [store] Syncing all rooms (638) to PostgreSQL...
[2m2026-03-26T13:00:13.631006Z[0m [32m INFO[0m [2msingularity_world::store[0m[2m:[0m [store] PostgreSQL room sync completed.
[2m2026-03-26T13:00:13.631153Z[0m [32m INFO[0m [2mnpc_behavior[0m[2m:[0m loaded 18 roles from /home/tanger/Projects/singularity_world/data/npc_behaviors.json
[2m2026-03-26T13:00:13.631602Z[0m [32m INFO[0m [2mpathfind[0m[2m:[0m graph synced from store: 638 rooms, 1274 directed edges
[2m2026-03-26T13:00:13.631805Z[0m [32m INFO[0m [2msingularity_world::server::run[0m[2m:[0m Rust server listening on http://0.0.0.0:1721 (WebSocket /ws)
[2m2026-03-26T13:00:13.662648Z[0m [32m INFO[0m [2msingularity_world::server::simulation_loop[0m[2m:[0m 注入事件種子: 有人從低樓層看到遠處林冠線在晃動，可能是大型生物經過
[2m2026-03-26T13:00:37.272089Z[0m [32m INFO[0m [2msingularity_world::npcnpc::trigger[0m[2m:[0m [Dialogue Debug] 電梯間 vs 換班、交接時的情境，簡短交代或叮囑: 
  -> 葉俊: 今日帳我對過了，有問題再叫我。
  -> 鄭秀強: 啊，真的嗎？那我先去走一下路。
[2m2026-03-26T13:08:07.081056Z[0m [32m INFO[0m [2msingularity_world::npcnpc::trigger[0m[2m:[0m [Dialogue Debug] 電梯間 vs 換班、交接時的情境，簡短交代或叮囑: 
  -> 王萍娜: {"a":"「你最近太辛苦了，別太累著。」王萍娜
  -> 向國美: 「喔，那我先走，明天再找你。」向國美"}
[2m2026-03-26T13:10:14.158738Z[0m [32m INFO[0m [2msingularity_world::server::simulation_loop[0m[2m:[0m 注入事件種子: 電梯間排了好長的隊，聽說中間幾層在做維護
[2m2026-03-26T13:10:37.096297Z[0m [32m INFO[0m [2msingularity_world::npcnpc::trigger[0m[2m:[0m [Dialogue Debug]  vs 換班、交接時的情境，簡短交代或叮囑: 
  -> 鄭秀強: 今晚帳我對過了，有問題再叫我
  -> 龍霞華: 今晚帳我對過了，有問題再叫我
[2m2026-03-26T13:15:37.000603Z[0m [32m INFO[0m [2msingularity_world::npcnpc::trigger[0m[2m:[0m [Dialogue Debug]  vs 換班、交接時的情境，簡短交代或叮囑: 
  -> 葉俊: 龍霞華，從方向到達，你盯一下。
  -> 龍霞華: 離開前往 life_garden
[2m2026-03-26T13:20:14.652722Z[0m [32m INFO[0m [2msingularity_world::server::simulation_loop[0m[2m:[0m 注入事件種子: 今天空氣裡的膠質味比平常濃，像要變天了
[2m2026-03-26T13:28:07.111863Z[0m [32m INFO[0m [2msingularity_world::npcnpc::trigger[0m[2m:[0m [Dialogue Debug]  vs 換班、交接時的情境，簡短交代或叮囑: 
  -> 鄭秀強: 葉俊：排班抵達，今天空氣裡的膠質味比平常濃，像要…
  -> 龍霞華: 排班抵達，今日帳我對過了，有問題再叫我。
[2m2026-03-26T13:30:14.654722Z[0m [32m INFO[0m [2msingularity_world::server::simulation_loop[0m[2m:[0m 注入事件種子: 十六樓商區的地面接縫處冒出了細細的礦脈紋路
[2m2026-03-26T13:40:14.649099Z[0m [32m INFO[0m [2msingularity_world::server::simulation_loop[0m[2m:[0m 注入事件種子: 最近幾天金屬器具的表面都浮了一層淡淡的礦脈紋路
[2m2026-03-26T13:50:14.647140Z[0m [32m INFO[0m [2msingularity_world::server::simulation_loop[0m[2m:[0m 注入事件種子: 採集隊說城外淺層礦脈的礦石開始出現新的玉化紋理
[2m2026-03-26T14:00:15.143013Z[0m [32m INFO[0m [2msingularity_world::server::simulation_loop[0m[2m:[0m 注入事件種子: 遠處的地脈微光今晚比平常亮一些，淡綠色的
[2m2026-03-26T14:10:15.644114Z[0m [32m INFO[0m [2msingularity_world::server::simulation_loop[0m[2m:[0m 注入事件種子: 走廊的老長凳被根鬚纏得更穩了，坐起來比以前舒服
[2m2026-03-26T14:15:37.059099Z[0m [32m INFO[0m [2msingularity_world::npcnpc::trigger[0m[2m:[0m [Dialogue Debug]  vs 換班、交接時的情境，簡短交代或叮囑: 
  -> 葉俊: 我最近工作壓得喘不過氣，你幫我
  -> 鄭秀強: 好嘞！快來，我正好去趟藥房拿
[2m2026-03-26T14:18:07.148858Z[0m [32m INFO[0m [2msingularity_world::npcnpc::trigger[0m[2m:[0m [Dialogue Debug]  vs 換班、交接時的情境，簡短交代或叮囑: 
  -> 鄭秀強: 早來吧，我剛去忙活，別走太快，我聽不見路況
  -> 龍霞華: 我來啦，早到就好，今天空氣裡的味道濃，像要
[2m2026-03-26T14:20:15.647134Z[0m [32m INFO[0m [2msingularity_world::server::simulation_loop[0m[2m:[0m 注入事件種子: 今天的游離輻射塵好像比平常多一些，空氣裡有淡淡的粉光
[2m2026-03-26T14:23:06.932579Z[0m [32m INFO[0m [2msingularity_world::npcnpc::trigger[0m[2m:[0m [Dialogue Debug]  vs 換班、交接時的情境，簡短交代或叮囑: 
  -> 葉俊: 葉俊，從方向到達，你盯一下。
  -> 龍霞華: 葉俊，離開前往 life_garden
[2m2026-03-26T14:25:37.152394Z[0m [32m INFO[0m [2msingularity_world::npcnpc::trigger[0m[2m:[0m [Dialogue Debug]  vs 換班、交接時的情境，簡短交代或叮囑: 
  -> 鄭秀強: 龍霞華，你剛才說空氣裡的味道濃，像要什麼樣？
  -> 龍霞華: 鄭秀強，我來啦，早到就好，今天空氣裡的味道濃，像要來一場雨。
[2m2026-03-26T14:30:16.148309Z[0m [32m INFO[0m [2msingularity_world::server::simulation_loop[0m[2m:[0m 注入事件種子: 城外商路上的指引石被增生物覆蓋了一半，有隊伍去清理了
[2m2026-03-26T14:33:07.992427Z[0m [32m INFO[0m [2msingularity_world::npcnpc::trigger[0m[2m:[0m [Dialogue Debug]  vs 換班、交接時的情境，簡短交代或叮囑: 
  -> 葉俊: 我最近工作壓得喘不過氣，你幫我
  -> 鄭秀強: 好嘞！快來，我正好去趟藥房拿
[2m2026-03-26T14:40:16.649111Z[0m [32m INFO[0m [2msingularity_world::server::simulation_loop[0m[2m:[0m 注入事件種子: 市集今天來了一批品相很好的玉質木材，攤販搶著進貨
[2m2026-03-26T14:40:38.127579Z[0m [32m INFO[0m [2msingularity_world::npcnpc::trigger[0m[2m:[0m [Dialogue Debug]  vs 換班、交接時的情境，簡短交代或叮囑: 
  -> 葉俊: 我最近工作壓得喘不過氣，你幫我
  -> 鄭秀強: 好嘞！快來，我正好去趟藥房拿
[2m2026-03-26T14:40:47.777609Z[0m [32m INFO[0m [2mpostgres::connection[0m[2m:[0m NOTICE: extension "vector" already exists, skipping
[2m2026-03-26T14:40:47.777754Z[0m [32m INFO[0m [2mpostgres::connection[0m[2m:[0m NOTICE: relation "auth" already exists, skipping
[2m2026-03-26T14:40:47.777818Z[0m [32m INFO[0m [2mpostgres::connection[0m[2m:[0m NOTICE: relation "event_log" already exists, skipping
[2m2026-03-26T14:40:47.777997Z[0m [32m INFO[0m [2mpostgres::connection[0m[2m:[0m NOTICE: relation "idx_event_log_entity_id" already exists, skipping
[2m2026-03-26T14:40:47.778065Z[0m [32m INFO[0m [2mpostgres::connection[0m[2m:[0m NOTICE: relation "archival" already exists, skipping
[2m2026-03-26T14:40:47.778146Z[0m [32m INFO[0m [2mpostgres::connection[0m[2m:[0m NOTICE: relation "idx_archival_entity_id" already exists, skipping
[2m2026-03-26T14:40:47.778204Z[0m [32m INFO[0m [2mpostgres::connection[0m[2m:[0m NOTICE: relation "npc_memories" already exists, skipping
[2m2026-03-26T14:40:47.778251Z[0m [32m INFO[0m [2mpostgres::connection[0m[2m:[0m NOTICE: relation "npc_summaries" already exists, skipping
[2m2026-03-26T14:40:47.778297Z[0m [32m INFO[0m [2mpostgres::connection[0m[2m:[0m NOTICE: relation "npc_npc_summaries" already exists, skipping
[2m2026-03-26T14:40:47.778348Z[0m [32m INFO[0m [2mpostgres::connection[0m[2m:[0m NOTICE: relation "npc_threads" already exists, skipping
[2m2026-03-26T14:40:47.778401Z[0m [32m INFO[0m [2mpostgres::connection[0m[2m:[0m NOTICE: relation "npc_dyads" already exists, skipping
[2m2026-03-26T14:40:47.778465Z[0m [32m INFO[0m [2mpostgres::connection[0m[2m:[0m NOTICE: relation "npc_rumors" already exists, skipping
[2m2026-03-26T14:40:47.778524Z[0m [32m INFO[0m [2mpostgres::connection[0m[2m:[0m NOTICE: relation "rooms" already exists, skipping
[2m2026-03-26T14:40:47.778573Z[0m [32m INFO[0m [2mpostgres::connection[0m[2m:[0m NOTICE: relation "exits" already exists, skipping
[2m2026-03-26T14:40:47.778631Z[0m [32m INFO[0m [2mpostgres::connection[0m[2m:[0m NOTICE: relation "world_lexicon" already exists, skipping
[2m2026-03-26T14:40:47.778638Z[0m [32m INFO[0m [2msingularity_world::store[0m[2m:[0m [store] Initialized PostgreSQL Pool at postgres://postgres:singularity@localhost:5432/singularity
[2m2026-03-26T14:40:47.781209Z[0m [32m INFO[0m [2msingularity_world::store[0m[2m:[0m [store] loaded: 638 rooms, 319 entity_room, 1 venues, 4 assignments, 3 schedules, 319 entities, 10 items
[2m2026-03-26T14:40:47.781279Z[0m [32m INFO[0m [2msingularity_world::store[0m[2m:[0m [store] Syncing all rooms (638) to PostgreSQL...
[2m2026-03-26T14:40:47.904564Z[0m [32m INFO[0m [2msingularity_world::store[0m[2m:[0m [store] PostgreSQL room sync completed.
[2m2026-03-26T14:40:47.904710Z[0m [32m INFO[0m [2mnpc_behavior[0m[2m:[0m loaded 18 roles from /home/tanger/Projects/singularity_world/data/npc_behaviors.json
[2m2026-03-26T14:40:47.905173Z[0m [32m INFO[0m [2mpathfind[0m[2m:[0m graph synced from store: 638 rooms, 1274 directed edges
[2m2026-03-26T14:40:47.905374Z[0m [32m INFO[0m [2msingularity_world::server::run[0m[2m:[0m Rust server listening on http://0.0.0.0:1721 (WebSocket /ws)
[2m2026-03-26T14:40:47.941423Z[0m [32m INFO[0m [2msingularity_world::server::simulation_loop[0m[2m:[0m 注入事件種子: 城外商路上的指引石被增生物覆蓋了一半，有隊伍去清理了
[2m2026-03-26T14:45:39.461491Z[0m [32m INFO[0m [2msingularity_world::npcnpc::trigger[0m[2m:[0m [Dialogue Debug] 電梯間 vs 換班、交接時的情境，簡短交代或叮囑: 
  -> 龍霞華: 葉俊，電梯間的門剛開，我從lobby過去，你先盯著。
  -> 葉俊: 聽者：葉俊，回答：「收到，我等電梯，你直接進lobby，我換班時段快到了。」
[2m2026-03-26T14:46:57.512813Z[0m [32m INFO[0m [2mpostgres::connection[0m[2m:[0m NOTICE: extension "vector" already exists, skipping
[2m2026-03-26T14:46:57.512989Z[0m [32m INFO[0m [2mpostgres::connection[0m[2m:[0m NOTICE: relation "auth" already exists, skipping
[2m2026-03-26T14:46:57.513056Z[0m [32m INFO[0m [2mpostgres::connection[0m[2m:[0m NOTICE: relation "event_log" already exists, skipping
[2m2026-03-26T14:46:57.513297Z[0m [32m INFO[0m [2mpostgres::connection[0m[2m:[0m NOTICE: relation "idx_event_log_entity_id" already exists, skipping
[2m2026-03-26T14:46:57.513383Z[0m [32m INFO[0m [2mpostgres::connection[0m[2m:[0m NOTICE: relation "archival" already exists, skipping
[2m2026-03-26T14:46:57.513462Z[0m [32m INFO[0m [2mpostgres::connection[0m[2m:[0m NOTICE: relation "idx_archival_entity_id" already exists, skipping
[2m2026-03-26T14:46:57.513521Z[0m [32m INFO[0m [2mpostgres::connection[0m[2m:[0m NOTICE: relation "npc_memories" already exists, skipping
[2m2026-03-26T14:46:57.513566Z[0m [32m INFO[0m [2mpostgres::connection[0m[2m:[0m NOTICE: relation "npc_summaries" already exists, skipping
[2m2026-03-26T14:46:57.513610Z[0m [32m INFO[0m [2mpostgres::connection[0m[2m:[0m NOTICE: relation "npc_npc_summaries" already exists, skipping
[2m2026-03-26T14:46:57.513659Z[0m [32m INFO[0m [2mpostgres::connection[0m[2m:[0m NOTICE: relation "npc_threads" already exists, skipping
[2m2026-03-26T14:46:57.513708Z[0m [32m INFO[0m [2mpostgres::connection[0m[2m:[0m NOTICE: relation "npc_dyads" already exists, skipping
[2m2026-03-26T14:46:57.513770Z[0m [32m INFO[0m [2mpostgres::connection[0m[2m:[0m NOTICE: relation "npc_rumors" already exists, skipping
[2m2026-03-26T14:46:57.513824Z[0m [32m INFO[0m [2mpostgres::connection[0m[2m:[0m NOTICE: relation "rooms" already exists, skipping
[2m2026-03-26T14:46:57.513870Z[0m [32m INFO[0m [2mpostgres::connection[0m[2m:[0m NOTICE: relation "exits" already exists, skipping
[2m2026-03-26T14:46:57.513937Z[0m [32m INFO[0m [2mpostgres::connection[0m[2m:[0m NOTICE: relation "world_lexicon" already exists, skipping
[2m2026-03-26T14:46:57.513947Z[0m [32m INFO[0m [2msingularity_world::store[0m[2m:[0m [store] Initialized PostgreSQL Pool at postgres://postgres:singularity@localhost:5432/singularity
[2m2026-03-26T14:46:57.516367Z[0m [32m INFO[0m [2msingularity_world::store[0m[2m:[0m [store] loaded: 638 rooms, 319 entity_room, 1 venues, 4 assignments, 3 schedules, 319 entities, 10 items
[2m2026-03-26T14:46:57.516443Z[0m [32m INFO[0m [2msingularity_world::store[0m[2m:[0m [store] Syncing all rooms (638) to PostgreSQL...
[2m2026-03-26T14:46:57.641750Z[0m [32m INFO[0m [2msingularity_world::store[0m[2m:[0m [store] PostgreSQL room sync completed.
[2m2026-03-26T14:46:57.641893Z[0m [32m INFO[0m [2mnpc_behavior[0m[2m:[0m loaded 18 roles from /home/tanger/Projects/singularity_world/data/npc_behaviors.json
[2m2026-03-26T14:46:57.642391Z[0m [32m INFO[0m [2mpathfind[0m[2m:[0m graph synced from store: 638 rooms, 1274 directed edges
[2m2026-03-26T14:46:57.642615Z[0m [32m INFO[0m [2msingularity_world::server::run[0m[2m:[0m Rust server listening on http://0.0.0.0:1721 (WebSocket /ws)
[2m2026-03-26T14:46:57.686118Z[0m [32m INFO[0m [2msingularity_world::server::simulation_loop[0m[2m:[0m 注入事件種子: 昨晚牆面的玉質脈絡突然閃了一下暗紫色的光，只持續了幾秒
[2m2026-03-26T14:48:10.835236Z[0m [32m INFO[0m [2msingularity_world::npcnpc::trigger[0m[2m:[0m [Dialogue Debug] 電梯間 vs 換班、交接時的情境，簡短交代或叮囑: 
  -> 鄭秀強: 說話者：欸沈洋，這班換班還順利嗎？我剛拿到夜班餐券，想說先去換個位子喘口氣。
  -> 沈洋: 聽者：還行啦，人不算多。不過剛進電梯就看到你，鄭秀強。
[2m2026-03-26T14:56:58.168754Z[0m [32m INFO[0m [2msingularity_world::server::simulation_loop[0m[2m:[0m 注入事件種子: 市集今天來了一批品相很好的玉質木材，攤販搶著進貨
[2m2026-03-26T15:06:58.656707Z[0m [32m INFO[0m [2msingularity_world::server::simulation_loop[0m[2m:[0m 注入事件種子: 加了福的肉質蔬果到貨了，今天特別新鮮
[2m2026-03-26T15:13:10.032549Z[0m [32m INFO[0m [2msingularity_world::npcnpc::trigger[0m[2m:[0m [Dialogue Debug] 電梯間 vs 換班、交接時的情境，簡短交代或叮囑: 
  -> 鄭秀強: 說話者：鄭秀強，快，電梯間這臺剛開門的，湯傑，你先上，我拿鑰匙去茶館報班。
  -> 湯傑: 聽者：湯傑，好，我等一下，先確認一下加了福的蔬果到貨最新消息，今天特別新鮮嗎？
[2m2026-03-26T15:16:59.158986Z[0m [32m INFO[0m [2msingularity_world::server::simulation_loop[0m[2m:[0m 注入事件種子: 有採集隊從城外回來說，霜林靠近城側的那片最近長得特別快
[2m2026-03-26T15:25:39.689659Z[0m [32m INFO[0m [2msingularity_world::npcnpc::trigger[0m[2m:[0m [Dialogue Debug]  vs 換班、交接時的情境，簡短交代或叮囑: 
  -> 葉俊: 今天帳我對過了，有問題再叫我。
  -> 龍霞華: 收到，我等。
[2m2026-03-26T15:26:59.160391Z[0m [32m INFO[0m [2msingularity_world::server::simulation_loop[0m[2m:[0m 注入事件種子: 今天的游離輻射塵好像比平常多一些，空氣裡有淡淡的粉光
[2m2026-03-26T15:36:59.664610Z[0m [32m INFO[0m [2msingularity_world::server::simulation_loop[0m[2m:[0m 注入事件種子: 有住戶搬家了，留下的房間牆上全是根鬚攀痕，挺有意思的
[2m2026-03-26T15:46:59.661294Z[0m [32m INFO[0m [2msingularity_world::server::simulation_loop[0m[2m:[0m 注入事件種子: 有人在樓下收購琉璃化的礦石碎片，出手很闊綽
[2m2026-03-26T15:48:08.547268Z[0m [32m INFO[0m [2msingularity_world::npcnpc::trigger[0m[2m:[0m [Dialogue Debug]  vs 換班、交接時的情境，簡短交代或叮囑: 
  -> 鄭秀強: 我先回了，晚班辛苦。
  -> 龍霞華: 我剛走過路，快走吧。
[2m2026-03-26T15:56:54.592923Z[0m [32m INFO[0m [2mpostgres::connection[0m[2m:[0m NOTICE: extension "vector" already exists, skipping
[2m2026-03-26T15:56:54.593056Z[0m [32m INFO[0m [2mpostgres::connection[0m[2m:[0m NOTICE: relation "auth" already exists, skipping
[2m2026-03-26T15:56:54.593125Z[0m [32m INFO[0m [2mpostgres::connection[0m[2m:[0m NOTICE: relation "event_log" already exists, skipping
[2m2026-03-26T15:56:54.593350Z[0m [32m INFO[0m [2mpostgres::connection[0m[2m:[0m NOTICE: relation "idx_event_log_entity_id" already exists, skipping
[2m2026-03-26T15:56:54.593434Z[0m [32m INFO[0m [2mpostgres::connection[0m[2m:[0m NOTICE: relation "archival" already exists, skipping
[2m2026-03-26T15:56:54.593515Z[0m [32m INFO[0m [2mpostgres::connection[0m[2m:[0m NOTICE: relation "idx_archival_entity_id" already exists, skipping
[2m2026-03-26T15:56:54.593571Z[0m [32m INFO[0m [2mpostgres::connection[0m[2m:[0m NOTICE: relation "npc_memories" already exists, skipping
[2m2026-03-26T15:56:54.593614Z[0m [32m INFO[0m [2mpostgres::connection[0m[2m:[0m NOTICE: relation "npc_summaries" already exists, skipping
[2m2026-03-26T15:56:54.593656Z[0m [32m INFO[0m [2mpostgres::connection[0m[2m:[0m NOTICE: relation "npc_npc_summaries" already exists, skipping
[2m2026-03-26T15:56:54.593706Z[0m [32m INFO[0m [2mpostgres::connection[0m[2m:[0m NOTICE: relation "npc_threads" already exists, skipping
[2m2026-03-26T15:56:54.593758Z[0m [32m INFO[0m [2mpostgres::connection[0m[2m:[0m NOTICE: relation "npc_dyads" already exists, skipping
[2m2026-03-26T15:56:54.593822Z[0m [32m INFO[0m [2mpostgres::connection[0m[2m:[0m NOTICE: relation "npc_rumors" already exists, skipping
[2m2026-03-26T15:56:54.593883Z[0m [32m INFO[0m [2mpostgres::connection[0m[2m:[0m NOTICE: relation "rooms" already exists, skipping
[2m2026-03-26T15:56:54.593928Z[0m [32m INFO[0m [2mpostgres::connection[0m[2m:[0m NOTICE: relation "exits" already exists, skipping
[2m2026-03-26T15:56:54.593987Z[0m [32m INFO[0m [2mpostgres::connection[0m[2m:[0m NOTICE: relation "world_lexicon" already exists, skipping
[2m2026-03-26T15:56:54.593993Z[0m [32m INFO[0m [2msingularity_world::store[0m[2m:[0m [store] Initialized PostgreSQL Pool at postgres://postgres:singularity@localhost:5432/singularity
[2m2026-03-26T15:56:54.596483Z[0m [32m INFO[0m [2msingularity_world::store[0m[2m:[0m [store] loaded: 638 rooms, 319 entity_room, 1 venues, 4 assignments, 3 schedules, 319 entities, 10 items
[2m2026-03-26T15:56:54.596538Z[0m [32m INFO[0m [2msingularity_world::store[0m[2m:[0m [store] Syncing all rooms (638) to PostgreSQL...
[2m2026-03-26T15:56:54.715485Z[0m [32m INFO[0m [2msingularity_world::store[0m[2m:[0m [store] PostgreSQL room sync completed.
[2m2026-03-26T15:56:54.715569Z[0m [32m INFO[0m [2mnpc_behavior[0m[2m:[0m loaded 18 roles from /home/tanger/Projects/singularity_world/data/npc_behaviors.json
[2m2026-03-26T15:56:54.715871Z[0m [32m INFO[0m [2mpathfind[0m[2m:[0m graph synced from store: 638 rooms, 1274 directed edges
[2m2026-03-26T15:56:54.716031Z[0m [32m INFO[0m [2msingularity_world::server::run[0m[2m:[0m Rust server listening on http://0.0.0.0:1721 (WebSocket /ws)
[2m2026-03-26T15:56:54.765081Z[0m [32m INFO[0m [2msingularity_world::server::simulation_loop[0m[2m:[0m 注入事件種子: 採集隊說城外淺層礦脈的礦石開始出現新的玉化紋理
[2m2026-03-26T16:06:55.234001Z[0m [32m INFO[0m [2msingularity_world::server::simulation_loop[0m[2m:[0m 注入事件種子: 最近幾天金屬器具的表面都浮了一層淡淡的礦脈紋路
[2m2026-03-26T16:16:55.245885Z[0m [32m INFO[0m [2msingularity_world::server::simulation_loop[0m[2m:[0m 注入事件種子: 加了福的肉質蔬果到貨了，今天特別新鮮
[2m2026-03-26T16:26:55.736830Z[0m [32m INFO[0m [2msingularity_world::server::simulation_loop[0m[2m:[0m 注入事件種子: 凌晨在窗邊能看到遠處地脈的微光隱約在脈動，像心跳一樣
[2m2026-03-26T16:36:55.735829Z[0m [32m INFO[0m [2msingularity_world::server::simulation_loop[0m[2m:[0m 注入事件種子: 電梯間排了好長的隊，聽說中間幾層在做維護
[2m2026-03-26T16:46:56.235114Z[0m [32m INFO[0m [2msingularity_world::server::simulation_loop[0m[2m:[0m 注入事件種子: 有採集隊從城外回來說，霜林靠近城側的那片最近長得特別快
[2m2026-03-26T16:56:56.233284Z[0m [32m INFO[0m [2msingularity_world::server::simulation_loop[0m[2m:[0m 注入事件種子: 走廊的老長凳被根鬚纏得更穩了，坐起來比以前舒服
[2m2026-03-26T17:06:56.725649Z[0m [32m INFO[0m [2msingularity_world::server::simulation_loop[0m[2m:[0m 注入事件種子: 聽回來的人講，城外的肉質籐蔓又往路邊多蔓了一些
[2m2026-03-26T17:16:56.730665Z[0m [32m INFO[0m [2msingularity_world::server::simulation_loop[0m[2m:[0m 注入事件種子: 有住戶說家裡石板縫長出了新的發光菌絲，紫綠色的
[2m2026-03-26T17:26:56.733594Z[0m [32m INFO[0m [2msingularity_world::server::simulation_loop[0m[2m:[0m 注入事件種子: 樓梯間的菌絲光昨晚特別亮，是琥珀色的
[2m2026-03-26T17:36:57.242862Z[0m [32m INFO[0m [2msingularity_world::server::simulation_loop[0m[2m:[0m 注入事件種子: 樓頂的蓄水設施今天開始例行清洗，水量可能會少一會兒
[2m2026-03-26T17:46:57.231031Z[0m [32m INFO[0m [2msingularity_world::server::simulation_loop[0m[2m:[0m 注入事件種子: 城外商路上的指引石被增生物覆蓋了一半，有隊伍去清理了
[2m2026-03-26T17:56:57.729787Z[0m [32m INFO[0m [2msingularity_world::server::simulation_loop[0m[2m:[0m 注入事件種子: 五樓那戶陽台的根鬚盤得更緊了，看著倒是挺穩的
[2m2026-03-26T18:06:57.728549Z[0m [32m INFO[0m [2msingularity_world::server::simulation_loop[0m[2m:[0m 注入事件種子: 昨晚牆面的玉質脈絡突然閃了一下暗紫色的光，只持續了幾秒
[2m2026-03-26T18:16:58.229322Z[0m [32m INFO[0m [2msingularity_world::server::simulation_loop[0m[2m:[0m 注入事件種子: 有住戶搬家了，留下的房間牆上全是根鬚攀痕，挺有意思的
[2m2026-03-26T18:26:58.729838Z[0m [32m INFO[0m [2msingularity_world::server::simulation_loop[0m[2m:[0m 注入事件種子: 十六樓商區的地面接縫處冒出了細細的礦脈紋路
[2m2026-03-26T18:36:59.230744Z[0m [32m INFO[0m [2msingularity_world::server::simulation_loop[0m[2m:[0m 注入事件種子: 藥材價格穩著，但品種比上個月少了幾樣
[2m2026-03-26T18:46:59.729701Z[0m [32m INFO[0m [2msingularity_world::server::simulation_loop[0m[2m:[0m 注入事件種子: 十六樓的某面牆突然長出了一小片琉璃化的結晶，很漂亮
[2m2026-03-26T18:57:00.228979Z[0m [32m INFO[0m [2msingularity_world::server::simulation_loop[0m[2m:[0m 注入事件種子: 十一樓健身區新添了幾件器材，是用富態化木材做的
[2m2026-03-26T19:07:00.730199Z[0m [32m INFO[0m [2msingularity_world::server::simulation_loop[0m[2m:[0m 注入事件種子: 遠處的地脈微光今晚比平常亮一些，淡綠色的
[2m2026-03-26T19:17:00.733340Z[0m [32m INFO[0m [2msingularity_world::server::simulation_loop[0m[2m:[0m 注入事件種子: 聽說好事多的批發價又調了，最近物流好像不太順
[2m2026-03-26T19:27:00.734702Z[0m [32m INFO[0m [2msingularity_world::server::simulation_loop[0m[2m:[0m 注入事件種子: 市集今天來了一批品相很好的玉質木材，攤販搶著進貨
[2m2026-03-26T19:37:00.734734Z[0m [32m INFO[0m [2msingularity_world::server::simulation_loop[0m[2m:[0m 注入事件種子: 三樓醫療區最近比較忙，好像是採集隊回城的季節
[2m2026-03-26T19:47:01.233615Z[0m [32m INFO[0m [2msingularity_world::server::simulation_loop[0m[2m:[0m 注入事件種子: 有人在樓下收購琉璃化的礦石碎片，出手很闊綽
[2m2026-03-26T19:57:01.232440Z[0m [32m INFO[0m [2msingularity_world::server::simulation_loop[0m[2m:[0m 注入事件種子: 有人從低樓層看到遠處林冠線在晃動，可能是大型生物經過
[2m2026-03-26T20:07:01.727214Z[0m [32m INFO[0m [2msingularity_world::server::simulation_loop[0m[2m:[0m 注入事件種子: 今天空氣裡的膠質味比平常濃，像要變天了
[2m2026-03-26T20:17:02.230666Z[0m [32m INFO[0m [2msingularity_world::server::simulation_loop[0m[2m:[0m 注入事件種子: 今天的游離輻射塵好像比平常多一些，空氣裡有淡淡的粉光
[2m2026-03-26T20:27:02.731625Z[0m [32m INFO[0m [2msingularity_world::server::simulation_loop[0m[2m:[0m 注入事件種子: 打鐵巷最近接了不少單，聽說是採集隊的工具要換新
[2m2026-03-26T20:37:03.230060Z[0m [32m INFO[0m [2msingularity_world::server::simulation_loop[0m[2m:[0m 注入事件種子: 今早走廊牆縫裡的玉質脈絡又長了一截，紋路很好看
[2m2026-03-26T20:47:03.230165Z[0m [32m INFO[0m [2msingularity_world::server::simulation_loop[0m[2m:[0m 注入事件種子: 有人說聽見了低樓層的結構在微微嗡鳴，像建築在呼吸
[2m2026-03-27T01:22:17.875979Z[0m [32m INFO[0m [2mpostgres::connection[0m[2m:[0m NOTICE: extension "vector" already exists, skipping
[2m2026-03-27T01:22:17.876115Z[0m [32m INFO[0m [2mpostgres::connection[0m[2m:[0m NOTICE: relation "auth" already exists, skipping
[2m2026-03-27T01:22:17.876161Z[0m [32m INFO[0m [2mpostgres::connection[0m[2m:[0m NOTICE: relation "event_log" already exists, skipping
[2m2026-03-27T01:22:17.876307Z[0m [32m INFO[0m [2mpostgres::connection[0m[2m:[0m NOTICE: relation "idx_event_log_entity_id" already exists, skipping
[2m2026-03-27T01:22:17.876361Z[0m [32m INFO[0m [2mpostgres::connection[0m[2m:[0m NOTICE: relation "archival" already exists, skipping
[2m2026-03-27T01:22:17.876416Z[0m [32m INFO[0m [2mpostgres::connection[0m[2m:[0m NOTICE: relation "idx_archival_entity_id" already exists, skipping
[2m2026-03-27T01:22:17.876462Z[0m [32m INFO[0m [2mpostgres::connection[0m[2m:[0m NOTICE: relation "npc_memories" already exists, skipping
[2m2026-03-27T01:22:17.876500Z[0m [32m INFO[0m [2mpostgres::connection[0m[2m:[0m NOTICE: relation "npc_summaries" already exists, skipping
[2m2026-03-27T01:22:17.876537Z[0m [32m INFO[0m [2mpostgres::connection[0m[2m:[0m NOTICE: relation "npc_npc_summaries" already exists, skipping
[2m2026-03-27T01:22:17.876580Z[0m [32m INFO[0m [2mpostgres::connection[0m[2m:[0m NOTICE: relation "npc_threads" already exists, skipping
[2m2026-03-27T01:22:17.876621Z[0m [32m INFO[0m [2mpostgres::connection[0m[2m:[0m NOTICE: relation "npc_dyads" already exists, skipping
[2m2026-03-27T01:22:17.876672Z[0m [32m INFO[0m [2mpostgres::connection[0m[2m:[0m NOTICE: relation "npc_rumors" already exists, skipping
[2m2026-03-27T01:22:17.876717Z[0m [32m INFO[0m [2mpostgres::connection[0m[2m:[0m NOTICE: relation "rooms" already exists, skipping
[2m2026-03-27T01:22:17.876756Z[0m [32m INFO[0m [2mpostgres::connection[0m[2m:[0m NOTICE: relation "exits" already exists, skipping
[2m2026-03-27T01:22:17.876823Z[0m [32m INFO[0m [2mpostgres::connection[0m[2m:[0m NOTICE: relation "entities" already exists, skipping
[2m2026-03-27T01:22:17.876869Z[0m [32m INFO[0m [2mpostgres::connection[0m[2m:[0m NOTICE: relation "entity_rooms" already exists, skipping
[2m2026-03-27T01:22:17.876909Z[0m [32m INFO[0m [2mpostgres::connection[0m[2m:[0m NOTICE: relation "venues" already exists, skipping
[2m2026-03-27T01:22:17.876947Z[0m [32m INFO[0m [2mpostgres::connection[0m[2m:[0m NOTICE: relation "assignments" already exists, skipping
[2m2026-03-27T01:22:17.877012Z[0m [32m INFO[0m [2mpostgres::connection[0m[2m:[0m NOTICE: relation "idx_assignments_venue" already exists, skipping
[2m2026-03-27T01:22:17.877052Z[0m [32m INFO[0m [2mpostgres::connection[0m[2m:[0m NOTICE: relation "schedules" already exists, skipping
[2m2026-03-27T01:22:17.877099Z[0m [32m INFO[0m [2mpostgres::connection[0m[2m:[0m NOTICE: relation "items" already exists, skipping
[2m2026-03-27T01:22:17.877142Z[0m [32m INFO[0m [2mpostgres::connection[0m[2m:[0m NOTICE: relation "world_lexicon" already exists, skipping
[2m2026-03-27T01:22:17.877148Z[0m [32m INFO[0m [2msingularity_world::store[0m[2m:[0m [store] PostgreSQL 連線池已初始化: postgres://postgres:singularity@localhost:5432/singularity
[2m2026-03-27T01:22:17.877921Z[0m [32m INFO[0m [2msingularity_world::store[0m[2m:[0m [store] Loaded 319 entities from PostgreSQL
[2m2026-03-27T01:22:17.878065Z[0m [32m INFO[0m [2msingularity_world::store[0m[2m:[0m [store] Loaded 4 assignments from PostgreSQL
[2m2026-03-27T01:22:17.878153Z[0m [32m INFO[0m [2msingularity_world::store[0m[2m:[0m [store] Loaded 3 schedules from PostgreSQL
[2m2026-03-27T01:22:17.878222Z[0m [32m INFO[0m [2msingularity_world::store[0m[2m:[0m [store] Loaded 1 venues from PostgreSQL
[2m2026-03-27T01:22:17.878301Z[0m [32m INFO[0m [2msingularity_world::store[0m[2m:[0m [store] Loaded 10 items from PostgreSQL
[2m2026-03-27T01:22:17.878400Z[0m [32m INFO[0m [2msingularity_world::store[0m[2m:[0m [store] Loaded 27 npc_threads from PostgreSQL
[2m2026-03-27T01:22:17.878474Z[0m [32m INFO[0m [2msingularity_world::store[0m[2m:[0m [store] 資料從 PostgreSQL 載入（主資料源）
[2m2026-03-27T01:22:17.880060Z[0m [32m INFO[0m [2msingularity_world::store[0m[2m:[0m [store] 載入完成: 638 rooms, 0 entity_room, 1 venues, 4 assignments, 3 schedules, 319 entities, 10 items, 27 threads, 0 dyads, 1611 rumors
[2m2026-03-27T01:22:18.000123Z[0m [32m INFO[0m [2msingularity_world::store[0m[2m:[0m [store] 638 個房間已同步至 PostgreSQL
[2m2026-03-27T01:22:18.000250Z[0m [32m INFO[0m [2mnpc_behavior[0m[2m:[0m loaded 18 roles from /home/tanger/Projects/singularity_world/data/npc_behaviors.json
[2m2026-03-27T01:22:18.000651Z[0m [32m INFO[0m [2mpathfind[0m[2m:[0m graph synced from store: 638 rooms, 1274 directed edges
[2m2026-03-27T01:22:18.000754Z[0m [32m INFO[0m [2msingularity_world::server::run[0m[2m:[0m Rust server listening on http://0.0.0.0:1721 (WebSocket /ws)
[2m2026-03-27T01:22:18.028528Z[0m [32m INFO[0m [2msingularity_world::server::simulation_loop[0m[2m:[0m 注入事件種子: 樓梯間的菌絲光昨晚特別亮，是琥珀色的
[2m2026-03-27T01:32:18.548107Z[0m [32m INFO[0m [2msingularity_world::server::simulation_loop[0m[2m:[0m 注入事件種子: 聽說好事多的批發價又調了，最近物流好像不太順
[2m2026-03-27T01:42:19.065731Z[0m [32m INFO[0m [2msingularity_world::server::simulation_loop[0m[2m:[0m 注入事件種子: 今早走廊牆縫裡的玉質脈絡又長了一截，紋路很好看
[2m2026-03-27T01:52:19.105220Z[0m [32m INFO[0m [2msingularity_world::server::simulation_loop[0m[2m:[0m 注入事件種子: 市集今天來了一批品相很好的玉質木材，攤販搶著進貨
[2m2026-03-27T02:02:19.619295Z[0m [32m INFO[0m [2msingularity_world::server::simulation_loop[0m[2m:[0m 注入事件種子: 電梯間排了好長的隊，聽說中間幾層在做維護
[2m2026-03-27T02:12:20.141065Z[0m [32m INFO[0m [2msingularity_world::server::simulation_loop[0m[2m:[0m 注入事件種子: 加了福的肉質蔬果到貨了，今天特別新鮮
[2m2026-03-27T02:22:20.667537Z[0m [32m INFO[0m [2msingularity_world::server::simulation_loop[0m[2m:[0m 注入事件種子: 有住戶搬家了，留下的房間牆上全是根鬚攀痕，挺有意思的
[2m2026-03-27T02:32:21.145927Z[0m [32m INFO[0m [2msingularity_world::server::simulation_loop[0m[2m:[0m 注入事件種子: 十六樓的某面牆突然長出了一小片琉璃化的結晶，很漂亮
[2m2026-03-27T02:42:21.611352Z[0m [32m INFO[0m [2msingularity_world::server::simulation_loop[0m[2m:[0m 注入事件種子: 今天空氣裡的膠質味比平常濃，像要變天了
[2m2026-03-27T02:44:08.722110Z[0m [32m INFO[0m [2mpostgres::connection[0m[2m:[0m NOTICE: extension "vector" already exists, skipping
[2m2026-03-27T02:44:08.722235Z[0m [32m INFO[0m [2mpostgres::connection[0m[2m:[0m NOTICE: relation "auth" already exists, skipping
[2m2026-03-27T02:44:08.722284Z[0m [32m INFO[0m [2mpostgres::connection[0m[2m:[0m NOTICE: relation "event_log" already exists, skipping
[2m2026-03-27T02:44:08.722440Z[0m [32m INFO[0m [2mpostgres::connection[0m[2m:[0m NOTICE: relation "idx_event_log_entity_id" already exists, skipping
[2m2026-03-27T02:44:08.722492Z[0m [32m INFO[0m [2mpostgres::connection[0m[2m:[0m NOTICE: relation "archival" already exists, skipping
[2m2026-03-27T02:44:08.722550Z[0m [32m INFO[0m [2mpostgres::connection[0m[2m:[0m NOTICE: relation "idx_archival_entity_id" already exists, skipping
[2m2026-03-27T02:44:08.722600Z[0m [32m INFO[0m [2mpostgres::connection[0m[2m:[0m NOTICE: relation "npc_memories" already exists, skipping
[2m2026-03-27T02:44:08.722639Z[0m [32m INFO[0m [2mpostgres::connection[0m[2m:[0m NOTICE: relation "npc_summaries" already exists, skipping
[2m2026-03-27T02:44:08.722680Z[0m [32m INFO[0m [2mpostgres::connection[0m[2m:[0m NOTICE: relation "npc_npc_summaries" already exists, skipping
[2m2026-03-27T02:44:08.722724Z[0m [32m INFO[0m [2mpostgres::connection[0m[2m:[0m NOTICE: relation "npc_threads" already exists, skipping
[2m2026-03-27T02:44:08.722771Z[0m [32m INFO[0m [2mpostgres::connection[0m[2m:[0m NOTICE: relation "npc_dyads" already exists, skipping
[2m2026-03-27T02:44:08.722823Z[0m [32m INFO[0m [2mpostgres::connection[0m[2m:[0m NOTICE: relation "npc_rumors" already exists, skipping
[2m2026-03-27T02:44:08.722876Z[0m [32m INFO[0m [2mpostgres::connection[0m[2m:[0m NOTICE: relation "rooms" already exists, skipping
[2m2026-03-27T02:44:08.722916Z[0m [32m INFO[0m [2mpostgres::connection[0m[2m:[0m NOTICE: relation "exits" already exists, skipping
[2m2026-03-27T02:44:08.722984Z[0m [32m INFO[0m [2mpostgres::connection[0m[2m:[0m NOTICE: relation "entities" already exists, skipping
[2m2026-03-27T02:44:08.723071Z[0m [32m INFO[0m [2mpostgres::connection[0m[2m:[0m NOTICE: column "current_activity" of relation "entities" already exists, skipping
[2m2026-03-27T02:44:08.723432Z[0m [32m INFO[0m [2mpostgres::connection[0m[2m:[0m NOTICE: relation "entity_rooms" already exists, skipping
[2m2026-03-27T02:44:08.723478Z[0m [32m INFO[0m [2mpostgres::connection[0m[2m:[0m NOTICE: relation "venues" already exists, skipping
[2m2026-03-27T02:44:08.723520Z[0m [32m INFO[0m [2mpostgres::connection[0m[2m:[0m NOTICE: relation "assignments" already exists, skipping
[2m2026-03-27T02:44:08.723584Z[0m [32m INFO[0m [2mpostgres::connection[0m[2m:[0m NOTICE: relation "idx_assignments_venue" already exists, skipping
[2m2026-03-27T02:44:08.723626Z[0m [32m INFO[0m [2mpostgres::connection[0m[2m:[0m NOTICE: relation "schedules" already exists, skipping
[2m2026-03-27T02:44:08.723670Z[0m [32m INFO[0m [2mpostgres::connection[0m[2m:[0m NOTICE: relation "items" already exists, skipping
[2m2026-03-27T02:44:08.723718Z[0m [32m INFO[0m [2mpostgres::connection[0m[2m:[0m NOTICE: relation "world_lexicon" already exists, skipping
[2m2026-03-27T02:44:08.723724Z[0m [32m INFO[0m [2msingularity_world::store[0m[2m:[0m [store] PostgreSQL 連線池已初始化: postgres://postgres:singularity@localhost:5432/singularity
[2m2026-03-27T02:44:08.724924Z[0m [32m INFO[0m [2msingularity_world::store[0m[2m:[0m [store] Loaded 635 entities from PostgreSQL
[2m2026-03-27T02:44:08.725092Z[0m [32m INFO[0m [2msingularity_world::store[0m[2m:[0m [store] Loaded 319 entity_rooms from PostgreSQL
[2m2026-03-27T02:44:08.725176Z[0m [32m INFO[0m [2msingularity_world::store[0m[2m:[0m [store] Loaded 4 assignments from PostgreSQL
[2m2026-03-27T02:44:08.725247Z[0m [32m INFO[0m [2msingularity_world::store[0m[2m:[0m [store] Loaded 3 schedules from PostgreSQL
[2m2026-03-27T02:44:08.725319Z[0m [32m INFO[0m [2msingularity_world::store[0m[2m:[0m [store] Loaded 1 venues from PostgreSQL
[2m2026-03-27T02:44:08.725401Z[0m [32m INFO[0m [2msingularity_world::store[0m[2m:[0m [store] Loaded 10 items from PostgreSQL
[2m2026-03-27T02:44:08.725498Z[0m [32m INFO[0m [2msingularity_world::store[0m[2m:[0m [store] Loaded 27 npc_threads from PostgreSQL
[2m2026-03-27T02:44:08.725585Z[0m [32m INFO[0m [2msingularity_world::store[0m[2m:[0m [store] 資料從 PostgreSQL 載入（主資料源）
[2m2026-03-27T02:44:08.727608Z[0m [32m INFO[0m [2msingularity_world::store[0m[2m:[0m [store] 載入完成: 638 rooms, 319 entity_room, 1 venues, 4 assignments, 3 schedules, 635 entities, 10 items, 27 threads, 0 dyads, 1936 rumors
[2m2026-03-27T02:44:08.842817Z[0m [32m INFO[0m [2msingularity_world::store[0m[2m:[0m [store] 638 個房間已同步至 PostgreSQL
[2m2026-03-27T02:44:08.842927Z[0m [32m INFO[0m [2mnpc_behavior[0m[2m:[0m loaded 18 roles from /home/tanger/Projects/singularity_world/data/npc_behaviors.json
[2m2026-03-27T02:44:08.843264Z[0m [32m INFO[0m [2mpathfind[0m[2m:[0m graph synced from store: 638 rooms, 1274 directed edges
[2m2026-03-27T02:44:08.843445Z[0m [32m INFO[0m [2msingularity_world::server::run[0m[2m:[0m Rust server listening on http://0.0.0.0:1721 (WebSocket /ws)
[2m2026-03-27T02:44:09.042234Z[0m [32m INFO[0m [2msingularity_world::server::simulation_loop[0m[2m:[0m 注入事件種子: 城外商路上的指引石被增生物覆蓋了一半，有隊伍去清理了
[2m2026-03-27T02:54:09.429773Z[0m [32m INFO[0m [2msingularity_world::server::simulation_loop[0m[2m:[0m 注入事件種子: 有住戶說家裡石板縫長出了新的發光菌絲，紫綠色的
[2m2026-03-27T03:04:09.391688Z[0m [32m INFO[0m [2msingularity_world::server::simulation_loop[0m[2m:[0m 注入事件種子: 採集隊說城外淺層礦脈的礦石開始出現新的玉化紋理
[2m2026-03-27T03:11:04.703230Z[0m [32m INFO[0m [2mpathfind[0m[2m:[0m graph synced from store: 639 rooms, 1274 directed edges
[2m2026-03-27T03:13:30.915581Z[0m [32m INFO[0m [2mpathfind[0m[2m:[0m graph synced from store: 639 rooms, 1274 directed edges
[2m2026-03-27T03:13:32.759532Z[0m [32m INFO[0m [2mpathfind[0m[2m:[0m graph synced from store: 639 rooms, 1274 directed edges
[2m2026-03-27T03:14:09.377318Z[0m [32m INFO[0m [2msingularity_world::server::simulation_loop[0m[2m:[0m 注入事件種子: 樓梯間的菌絲光昨晚特別亮，是琥珀色的
[2m2026-03-27T03:14:10.176771Z[0m [32m INFO[0m [2mpathfind[0m[2m:[0m graph synced from store: 639 rooms, 1274 directed edges
[2m2026-03-27T03:24:09.861984Z[0m [32m INFO[0m [2msingularity_world::server::simulation_loop[0m[2m:[0m 注入事件種子: 有人說聽見了低樓層的結構在微微嗡鳴，像建築在呼吸
[2m2026-03-27T03:34:10.357750Z[0m [32m INFO[0m [2msingularity_world::server::simulation_loop[0m[2m:[0m 注入事件種子: 有人從低樓層看到遠處林冠線在晃動，可能是大型生物經過
[2m2026-03-27T03:44:10.367501Z[0m [32m INFO[0m [2msingularity_world::server::simulation_loop[0m[2m:[0m 注入事件種子: 五樓那戶陽台的根鬚盤得更緊了，看著倒是挺穩的
[2m2026-03-27T03:54:10.854571Z[0m [32m INFO[0m [2msingularity_world::server::simulation_loop[0m[2m:[0m 注入事件種子: 凌晨在窗邊能看到遠處地脈的微光隱約在脈動，像心跳一樣
[2m2026-03-27T04:04:10.854599Z[0m [32m INFO[0m [2msingularity_world::server::simulation_loop[0m[2m:[0m 注入事件種子: 藥材價格穩著，但品種比上個月少了幾樣
[2m2026-03-27T04:14:11.357061Z[0m [32m INFO[0m [2msingularity_world::server::simulation_loop[0m[2m:[0m 注入事件種子: 今天空氣裡的膠質味比平常濃，像要變天了
[2m2026-03-27T04:24:11.859684Z[0m [32m INFO[0m [2msingularity_world::server::simulation_loop[0m[2m:[0m 注入事件種子: 打鐵巷最近接了不少單，聽說是採集隊的工具要換新
[2m2026-03-27T04:34:11.859607Z[0m [32m INFO[0m [2msingularity_world::server::simulation_loop[0m[2m:[0m 注入事件種子: 最近幾天金屬器具的表面都浮了一層淡淡的礦脈紋路
[2m2026-03-27T04:44:12.359663Z[0m [32m INFO[0m [2msingularity_world::server::simulation_loop[0m[2m:[0m 注入事件種子: 遠處的地脈微光今晚比平常亮一些，淡綠色的
[2m2026-03-27T04:54:12.359445Z[0m [32m INFO[0m [2msingularity_world::server::simulation_loop[0m[2m:[0m 注入事件種子: 今天的游離輻射塵好像比平常多一些，空氣裡有淡淡的粉光
[2m2026-03-27T05:04:12.854207Z[0m [32m INFO[0m [2msingularity_world::server::simulation_loop[0m[2m:[0m 注入事件種子: 十六樓商區的地面接縫處冒出了細細的礦脈紋路
[2m2026-03-27T05:14:13.359761Z[0m [32m INFO[0m [2msingularity_world::server::simulation_loop[0m[2m:[0m 注入事件種子: 加了福的肉質蔬果到貨了，今天特別新鮮
[2m2026-03-27T05:24:13.861712Z[0m [32m INFO[0m [2msingularity_world::server::simulation_loop[0m[2m:[0m 注入事件種子: 三樓醫療區最近比較忙，好像是採集隊回城的季節
[2m2026-03-27T05:34:13.860445Z[0m [32m INFO[0m [2msingularity_world::server::simulation_loop[0m[2m:[0m 注入事件種子: 十一樓健身區新添了幾件器材，是用富態化木材做的
[2m2026-03-27T05:44:14.359915Z[0m [32m INFO[0m [2msingularity_world::server::simulation_loop[0m[2m:[0m 注入事件種子: 有人在樓下收購琉璃化的礦石碎片，出手很闊綽
[2m2026-03-27T05:54:14.857322Z[0m [32m INFO[0m [2msingularity_world::server::simulation_loop[0m[2m:[0m 注入事件種子: 樓頂的蓄水設施今天開始例行清洗，水量可能會少一會兒
[2m2026-03-27T06:04:14.854231Z[0m [32m INFO[0m [2msingularity_world::server::simulation_loop[0m[2m:[0m 注入事件種子: 今早走廊牆縫裡的玉質脈絡又長了一截，紋路很好看
[2m2026-03-27T06:14:15.356485Z[0m [32m INFO[0m [2msingularity_world::server::simulation_loop[0m[2m:[0m 注入事件種子: 十六樓的某面牆突然長出了一小片琉璃化的結晶，很漂亮
[2m2026-03-27T06:24:15.359438Z[0m [32m INFO[0m [2msingularity_world::server::simulation_loop[0m[2m:[0m 注入事件種子: 電梯間排了好長的隊，聽說中間幾層在做維護
[2m2026-03-27T06:34:15.369550Z[0m [32m INFO[0m [2msingularity_world::server::simulation_loop[0m[2m:[0m 注入事件種子: 走廊的老長凳被根鬚纏得更穩了，坐起來比以前舒服
[2m2026-03-27T06:44:15.861244Z[0m [32m INFO[0m [2msingularity_world::server::simulation_loop[0m[2m:[0m 注入事件種子: 市集今天來了一批品相很好的玉質木材，攤販搶著進貨
[2m2026-03-27T06:54:15.859946Z[0m [32m INFO[0m [2msingularity_world::server::simulation_loop[0m[2m:[0m 注入事件種子: 有住戶搬家了，留下的房間牆上全是根鬚攀痕，挺有意思的
[2m2026-03-27T07:04:16.363286Z[0m [32m INFO[0m [2msingularity_world::server::simulation_loop[0m[2m:[0m 注入事件種子: 有採集隊從城外回來說，霜林靠近城側的那片最近長得特別快
[2m2026-03-27T07:14:16.859228Z[0m [32m INFO[0m [2msingularity_world::server::simulation_loop[0m[2m:[0m 注入事件種子: 昨晚牆面的玉質脈絡突然閃了一下暗紫色的光，只持續了幾秒
[2m2026-03-27T07:24:17.368779Z[0m [32m INFO[0m [2msingularity_world::server::simulation_loop[0m[2m:[0m 注入事件種子: 聽說好事多的批發價又調了，最近物流好像不太順
[2m2026-03-27T07:34:17.358105Z[0m [32m INFO[0m [2msingularity_world::server::simulation_loop[0m[2m:[0m 注入事件種子: 聽回來的人講，城外的肉質籐蔓又往路邊多蔓了一些
[2m2026-03-27T20:07:01.366835Z[0m [32m INFO[0m [2mpostgres::connection[0m[2m:[0m NOTICE: extension "vector" already exists, skipping
[2m2026-03-27T20:07:01.367029Z[0m [32m INFO[0m [2mpostgres::connection[0m[2m:[0m NOTICE: relation "auth" already exists, skipping
[2m2026-03-27T20:07:01.367137Z[0m [32m INFO[0m [2mpostgres::connection[0m[2m:[0m NOTICE: relation "event_log" already exists, skipping
[2m2026-03-27T20:07:01.367349Z[0m [32m INFO[0m [2mpostgres::connection[0m[2m:[0m NOTICE: relation "idx_event_log_entity_id" already exists, skipping
[2m2026-03-27T20:07:01.367409Z[0m [32m INFO[0m [2mpostgres::connection[0m[2m:[0m NOTICE: relation "archival" already exists, skipping
[2m2026-03-27T20:07:01.367473Z[0m [32m INFO[0m [2mpostgres::connection[0m[2m:[0m NOTICE: relation "idx_archival_entity_id" already exists, skipping
[2m2026-03-27T20:07:01.367525Z[0m [32m INFO[0m [2mpostgres::connection[0m[2m:[0m NOTICE: relation "npc_memories" already exists, skipping
[2m2026-03-27T20:07:01.367565Z[0m [32m INFO[0m [2mpostgres::connection[0m[2m:[0m NOTICE: relation "npc_summaries" already exists, skipping
[2m2026-03-27T20:07:01.367601Z[0m [32m INFO[0m [2mpostgres::connection[0m[2m:[0m NOTICE: relation "npc_npc_summaries" already exists, skipping
[2m2026-03-27T20:07:01.367646Z[0m [32m INFO[0m [2mpostgres::connection[0m[2m:[0m NOTICE: relation "npc_threads" already exists, skipping
[2m2026-03-27T20:07:01.367689Z[0m [32m INFO[0m [2mpostgres::connection[0m[2m:[0m NOTICE: relation "npc_dyads" already exists, skipping
[2m2026-03-27T20:07:01.367743Z[0m [32m INFO[0m [2mpostgres::connection[0m[2m:[0m NOTICE: relation "npc_rumors" already exists, skipping
[2m2026-03-27T20:07:01.367793Z[0m [32m INFO[0m [2mpostgres::connection[0m[2m:[0m NOTICE: relation "rooms" already exists, skipping
[2m2026-03-27T20:07:01.367832Z[0m [32m INFO[0m [2mpostgres::connection[0m[2m:[0m NOTICE: relation "exits" already exists, skipping
[2m2026-03-27T20:07:01.367984Z[0m [32m INFO[0m [2mpostgres::connection[0m[2m:[0m NOTICE: relation "entities" already exists, skipping
[2m2026-03-27T20:07:01.368108Z[0m [32m INFO[0m [2mpostgres::connection[0m[2m:[0m NOTICE: column "current_activity" of relation "entities" already exists, skipping
[2m2026-03-27T20:07:01.368582Z[0m [32m INFO[0m [2mpostgres::connection[0m[2m:[0m NOTICE: relation "entity_rooms" already exists, skipping
[2m2026-03-27T20:07:01.368682Z[0m [32m INFO[0m [2mpostgres::connection[0m[2m:[0m NOTICE: relation "venues" already exists, skipping
[2m2026-03-27T20:07:01.368749Z[0m [32m INFO[0m [2mpostgres::connection[0m[2m:[0m NOTICE: relation "assignments" already exists, skipping
[2m2026-03-27T20:07:01.368845Z[0m [32m INFO[0m [2mpostgres::connection[0m[2m:[0m NOTICE: relation "idx_assignments_venue" already exists, skipping
[2m2026-03-27T20:07:01.368989Z[0m [32m INFO[0m [2mpostgres::connection[0m[2m:[0m NOTICE: relation "schedules" already exists, skipping
[2m2026-03-27T20:07:01.369119Z[0m [32m INFO[0m [2mpostgres::connection[0m[2m:[0m NOTICE: relation "items" already exists, skipping
[2m2026-03-27T20:07:01.369264Z[0m [32m INFO[0m [2mpostgres::connection[0m[2m:[0m NOTICE: relation "world_lexicon" already exists, skipping
[2m2026-03-27T20:07:01.369285Z[0m [32m INFO[0m [2msingularity_world::store[0m[2m:[0m [store] PostgreSQL 連線池已初始化: postgres://postgres:singularity@localhost:5432/singularity
[2m2026-03-27T20:07:01.370863Z[0m [32m INFO[0m [2msingularity_world::store[0m[2m:[0m [store] Loaded 635 entities from PostgreSQL
[2m2026-03-27T20:07:01.371075Z[0m [32m INFO[0m [2msingularity_world::store[0m[2m:[0m [store] Loaded 319 entity_rooms from PostgreSQL
[2m2026-03-27T20:07:01.371180Z[0m [32m INFO[0m [2msingularity_world::store[0m[2m:[0m [store] Loaded 4 assignments from PostgreSQL
[2m2026-03-27T20:07:01.371268Z[0m [32m INFO[0m [2msingularity_world::store[0m[2m:[0m [store] Loaded 3 schedules from PostgreSQL
[2m2026-03-27T20:07:01.371347Z[0m [32m INFO[0m [2msingularity_world::store[0m[2m:[0m [store] Loaded 1 venues from PostgreSQL
[2m2026-03-27T20:07:01.371448Z[0m [32m INFO[0m [2msingularity_world::store[0m[2m:[0m [store] Loaded 10 items from PostgreSQL
[2m2026-03-27T20:07:01.371631Z[0m [32m INFO[0m [2msingularity_world::store[0m[2m:[0m [store] Loaded 27 npc_threads from PostgreSQL
[2m2026-03-27T20:07:01.371736Z[0m [32m INFO[0m [2msingularity_world::store[0m[2m:[0m [store] 資料從 PostgreSQL 載入（主資料源）
[2m2026-03-27T20:07:01.374376Z[0m [32m INFO[0m [2msingularity_world::store[0m[2m:[0m [store] 載入完成: 639 rooms, 319 entity_room, 1 venues, 4 assignments, 3 schedules, 635 entities, 10 items, 27 threads, 0 dyads, 1972 rumors
[2m2026-03-27T20:07:01.528961Z[0m [32m INFO[0m [2msingularity_world::store[0m[2m:[0m [store] 639 個房間已同步至 PostgreSQL
[2m2026-03-27T20:07:01.529129Z[0m [32m INFO[0m [2mnpc_behavior[0m[2m:[0m loaded 18 roles from /home/tanger/Projects/singularity_world/data/npc_behaviors.json
[2m2026-03-27T20:07:01.529587Z[0m [32m INFO[0m [2mpathfind[0m[2m:[0m graph synced from store: 639 rooms, 1274 directed edges
[2m2026-03-27T20:07:01.529812Z[0m [32m INFO[0m [2msingularity_world::server::run[0m[2m:[0m Rust server listening on http://0.0.0.0:1721 (WebSocket /ws)
[2m2026-03-27T20:07:01.549833Z[0m [32m INFO[0m [2msingularity_world::server::simulation_loop[0m[2m:[0m 注入事件種子: 有住戶說家裡石板縫長出了新的發光菌絲，紫綠色的
[2m2026-03-27T20:17:02.046191Z[0m [32m INFO[0m [2msingularity_world::server::simulation_loop[0m[2m:[0m 注入事件種子: 今天空氣裡的膠質味比平常濃，像要變天了
[2m2026-03-27T20:27:02.547049Z[0m [32m INFO[0m [2msingularity_world::server::simulation_loop[0m[2m:[0m 注入事件種子: 十六樓商區的地面接縫處冒出了細細的礦脈紋路
[2m2026-03-27T20:37:02.546836Z[0m [32m INFO[0m [2msingularity_world::server::simulation_loop[0m[2m:[0m 注入事件種子: 樓梯間的菌絲光昨晚特別亮，是琥珀色的
[2m2026-03-27T20:47:03.043499Z[0m [32m INFO[0m [2msingularity_world::server::simulation_loop[0m[2m:[0m 注入事件種子: 五樓那戶陽台的根鬚盤得更緊了，看著倒是挺穩的
[2m2026-03-27T20:57:03.053732Z[0m [32m INFO[0m [2msingularity_world::server::simulation_loop[0m[2m:[0m 注入事件種子: 有住戶搬家了，留下的房間牆上全是根鬚攀痕，挺有意思的
[2m2026-03-27T21:07:03.542980Z[0m [32m INFO[0m [2msingularity_world::server::simulation_loop[0m[2m:[0m 注入事件種子: 聽回來的人講，城外的肉質籐蔓又往路邊多蔓了一些
[2m2026-03-27T21:17:03.544547Z[0m [32m INFO[0m [2msingularity_world::server::simulation_loop[0m[2m:[0m 注入事件種子: 採集隊說城外淺層礦脈的礦石開始出現新的玉化紋理
[2m2026-03-27T21:27:04.047235Z[0m [32m INFO[0m [2msingularity_world::server::simulation_loop[0m[2m:[0m 注入事件種子: 走廊的老長凳被根鬚纏得更穩了，坐起來比以前舒服
[2m2026-03-27T21:37:04.047022Z[0m [32m INFO[0m [2msingularity_world::server::simulation_loop[0m[2m:[0m 注入事件種子: 有採集隊從城外回來說，霜林靠近城側的那片最近長得特別快
[2m2026-03-27T21:47:04.546223Z[0m [32m INFO[0m [2msingularity_world::server::simulation_loop[0m[2m:[0m 注入事件種子: 三樓醫療區最近比較忙，好像是採集隊回城的季節
[2m2026-03-27T21:57:05.044568Z[0m [32m INFO[0m [2msingularity_world::server::simulation_loop[0m[2m:[0m 注入事件種子: 十一樓健身區新添了幾件器材，是用富態化木材做的
[2m2026-03-27T22:07:05.540479Z[0m [32m INFO[0m [2msingularity_world::server::simulation_loop[0m[2m:[0m 注入事件種子: 有人說聽見了低樓層的結構在微微嗡鳴，像建築在呼吸
[2m2026-03-27T22:17:05.548280Z[0m [32m INFO[0m [2msingularity_world::server::simulation_loop[0m[2m:[0m 注入事件種子: 遠處的地脈微光今晚比平常亮一些，淡綠色的
[2m2026-03-27T22:27:06.048320Z[0m [32m INFO[0m [2msingularity_world::server::simulation_loop[0m[2m:[0m 注入事件種子: 市集今天來了一批品相很好的玉質木材，攤販搶著進貨
[2m2026-03-27T22:37:06.062754Z[0m [32m INFO[0m [2msingularity_world::server::simulation_loop[0m[2m:[0m 注入事件種子: 樓頂的蓄水設施今天開始例行清洗，水量可能會少一會兒
[2m2026-03-27T22:47:06.544116Z[0m [32m INFO[0m [2msingularity_world::server::simulation_loop[0m[2m:[0m 注入事件種子: 打鐵巷最近接了不少單，聽說是採集隊的工具要換新
[2m2026-03-27T22:57:07.043693Z[0m [32m INFO[0m [2msingularity_world::server::simulation_loop[0m[2m:[0m 注入事件種子: 最近幾天金屬器具的表面都浮了一層淡淡的礦脈紋路
[2m2026-03-27T23:07:07.542605Z[0m [32m INFO[0m [2msingularity_world::server::simulation_loop[0m[2m:[0m 注入事件種子: 昨晚牆面的玉質脈絡突然閃了一下暗紫色的光，只持續了幾秒
[2m2026-03-27T23:17:07.549038Z[0m [32m INFO[0m [2msingularity_world::server::simulation_loop[0m[2m:[0m 注入事件種子: 有人在樓下收購琉璃化的礦石碎片，出手很闊綽
[2m2026-03-27T23:27:08.048340Z[0m [32m INFO[0m [2msingularity_world::server::simulation_loop[0m[2m:[0m 注入事件種子: 藥材價格穩著，但品種比上個月少了幾樣
[2m2026-03-27T23:37:08.058025Z[0m [32m INFO[0m [2msingularity_world::server::simulation_loop[0m[2m:[0m 注入事件種子: 今早走廊牆縫裡的玉質脈絡又長了一截，紋路很好看
[2m2026-03-27T23:47:08.547156Z[0m [32m INFO[0m [2msingularity_world::server::simulation_loop[0m[2m:[0m 注入事件種子: 聽說好事多的批發價又調了，最近物流好像不太順
[2m2026-03-27T23:57:09.041812Z[0m [32m INFO[0m [2msingularity_world::server::simulation_loop[0m[2m:[0m 注入事件種子: 電梯間排了好長的隊，聽說中間幾層在做維護
[2m2026-03-28T00:07:09.043483Z[0m [32m INFO[0m [2msingularity_world::server::simulation_loop[0m[2m:[0m 注入事件種子: 十六樓的某面牆突然長出了一小片琉璃化的結晶，很漂亮
[2m2026-03-28T00:17:09.547253Z[0m [32m INFO[0m [2msingularity_world::server::simulation_loop[0m[2m:[0m 注入事件種子: 凌晨在窗邊能看到遠處地脈的微光隱約在脈動，像心跳一樣
[2m2026-03-28T00:27:10.071779Z[0m [32m INFO[0m [2msingularity_world::server::simulation_loop[0m[2m:[0m 注入事件種子: 有人從低樓層看到遠處林冠線在晃動，可能是大型生物經過
[2m2026-03-28T00:37:10.557601Z[0m [32m INFO[0m [2msingularity_world::server::simulation_loop[0m[2m:[0m 注入事件種子: 今天的游離輻射塵好像比平常多一些，空氣裡有淡淡的粉光
[2m2026-03-28T00:47:10.547154Z[0m [32m INFO[0m [2msingularity_world::server::simulation_loop[0m[2m:[0m 注入事件種子: 加了福的肉質蔬果到貨了，今天特別新鮮
[2m2026-03-28T00:57:11.044496Z[0m [32m INFO[0m [2msingularity_world::server::simulation_loop[0m[2m:[0m 注入事件種子: 城外商路上的指引石被增生物覆蓋了一半，有隊伍去清理了
[2m2026-03-28T05:03:09.209813Z[0m [32m INFO[0m [2mpostgres::connection[0m[2m:[0m NOTICE: extension "vector" already exists, skipping
[2m2026-03-28T05:03:09.209968Z[0m [32m INFO[0m [2mpostgres::connection[0m[2m:[0m NOTICE: relation "auth" already exists, skipping
[2m2026-03-28T05:03:09.210030Z[0m [32m INFO[0m [2mpostgres::connection[0m[2m:[0m NOTICE: relation "event_log" already exists, skipping
[2m2026-03-28T05:03:09.210225Z[0m [32m INFO[0m [2mpostgres::connection[0m[2m:[0m NOTICE: relation "idx_event_log_entity_id" already exists, skipping
[2m2026-03-28T05:03:09.210293Z[0m [32m INFO[0m [2mpostgres::connection[0m[2m:[0m NOTICE: relation "archival" already exists, skipping
[2m2026-03-28T05:03:09.210363Z[0m [32m INFO[0m [2mpostgres::connection[0m[2m:[0m NOTICE: relation "idx_archival_entity_id" already exists, skipping
[2m2026-03-28T05:03:09.210421Z[0m [32m INFO[0m [2mpostgres::connection[0m[2m:[0m NOTICE: relation "npc_memories" already exists, skipping
[2m2026-03-28T05:03:09.210467Z[0m [32m INFO[0m [2mpostgres::connection[0m[2m:[0m NOTICE: relation "npc_summaries" already exists, skipping
[2m2026-03-28T05:03:09.210573Z[0m [32m INFO[0m [2mpostgres::connection[0m[2m:[0m NOTICE: relation "npc_npc_summaries" already exists, skipping
[2m2026-03-28T05:03:09.210640Z[0m [32m INFO[0m [2mpostgres::connection[0m[2m:[0m NOTICE: relation "npc_threads" already exists, skipping
[2m2026-03-28T05:03:09.210700Z[0m [32m INFO[0m [2mpostgres::connection[0m[2m:[0m NOTICE: relation "npc_dyads" already exists, skipping
[2m2026-03-28T05:03:09.210768Z[0m [32m INFO[0m [2mpostgres::connection[0m[2m:[0m NOTICE: relation "npc_rumors" already exists, skipping
[2m2026-03-28T05:03:09.210869Z[0m [32m INFO[0m [2mpostgres::connection[0m[2m:[0m NOTICE: relation "rooms" already exists, skipping
[2m2026-03-28T05:03:09.210920Z[0m [32m INFO[0m [2mpostgres::connection[0m[2m:[0m NOTICE: relation "exits" already exists, skipping
[2m2026-03-28T05:03:09.211010Z[0m [32m INFO[0m [2mpostgres::connection[0m[2m:[0m NOTICE: relation "entities" already exists, skipping
[2m2026-03-28T05:03:09.211134Z[0m [32m INFO[0m [2mpostgres::connection[0m[2m:[0m NOTICE: column "current_activity" of relation "entities" already exists, skipping
[2m2026-03-28T05:03:09.211577Z[0m [32m INFO[0m [2mpostgres::connection[0m[2m:[0m NOTICE: relation "entity_rooms" already exists, skipping
[2m2026-03-28T05:03:09.211668Z[0m [32m INFO[0m [2mpostgres::connection[0m[2m:[0m NOTICE: relation "venues" already exists, skipping
[2m2026-03-28T05:03:09.211725Z[0m [32m INFO[0m [2mpostgres::connection[0m[2m:[0m NOTICE: relation "assignments" already exists, skipping
[2m2026-03-28T05:03:09.211814Z[0m [32m INFO[0m [2mpostgres::connection[0m[2m:[0m NOTICE: relation "idx_assignments_venue" already exists, skipping
[2m2026-03-28T05:03:09.211870Z[0m [32m INFO[0m [2mpostgres::connection[0m[2m:[0m NOTICE: relation "schedules" already exists, skipping
[2m2026-03-28T05:03:09.211925Z[0m [32m INFO[0m [2mpostgres::connection[0m[2m:[0m NOTICE: relation "items" already exists, skipping
[2m2026-03-28T05:03:09.211992Z[0m [32m INFO[0m [2mpostgres::connection[0m[2m:[0m NOTICE: column "vit_bonus" of relation "items" already exists, skipping
[2m2026-03-28T05:03:09.212417Z[0m [32m INFO[0m [2mpostgres::connection[0m[2m:[0m NOTICE: column "dex_bonus" of relation "items" already exists, skipping
[2m2026-03-28T05:03:09.212794Z[0m [32m INFO[0m [2mpostgres::connection[0m[2m:[0m NOTICE: column "atk_bonus" of relation "items" already exists, skipping
[2m2026-03-28T05:03:09.213269Z[0m [32m INFO[0m [2mpostgres::connection[0m[2m:[0m NOTICE: relation "world_lexicon" already exists, skipping
[2m2026-03-28T05:03:09.213287Z[0m [32m INFO[0m [2msingularity_world::store[0m[2m:[0m [store] PostgreSQL 連線池已初始化: postgres://postgres:singularity@localhost:5432/singularity
[2m2026-03-28T05:03:09.214731Z[0m [32m INFO[0m [2msingularity_world::store[0m[2m:[0m [store] Loaded 635 entities from PostgreSQL
[2m2026-03-28T05:03:09.215036Z[0m [32m INFO[0m [2msingularity_world::store[0m[2m:[0m [store] Loaded 319 entity_rooms from PostgreSQL
[2m2026-03-28T05:03:09.215163Z[0m [32m INFO[0m [2msingularity_world::store[0m[2m:[0m [store] Loaded 4 assignments from PostgreSQL
[2m2026-03-28T05:03:09.215272Z[0m [32m INFO[0m [2msingularity_world::store[0m[2m:[0m [store] Loaded 3 schedules from PostgreSQL
[2m2026-03-28T05:03:09.215367Z[0m [32m INFO[0m [2msingularity_world::store[0m[2m:[0m [store] Loaded 1 venues from PostgreSQL
[2m2026-03-28T05:03:09.215472Z[0m [32m INFO[0m [2msingularity_world::store[0m[2m:[0m [store] Loaded 10 items from PostgreSQL
[2m2026-03-28T05:03:09.215588Z[0m [32m INFO[0m [2msingularity_world::store[0m[2m:[0m [store] Loaded 26 npc_threads from PostgreSQL
[2m2026-03-28T05:03:09.215707Z[0m [32m INFO[0m [2msingularity_world::store[0m[2m:[0m [store] 資料從 PostgreSQL 載入（主資料源）
[2m2026-03-28T05:03:09.218480Z[0m [32m INFO[0m [2msingularity_world::store[0m[2m:[0m [store] 載入完成: 639 rooms, 319 entity_room, 1 venues, 4 assignments, 3 schedules, 635 entities, 10 items, 26 threads, 0 dyads, 2006 rumors
[2m2026-03-28T05:03:09.359708Z[0m [32m INFO[0m [2msingularity_world::store[0m[2m:[0m [store] 639 個房間已同步至 PostgreSQL
[2m2026-03-28T05:03:09.359906Z[0m [32m INFO[0m [2mnpc_behavior[0m[2m:[0m loaded 18 roles from /home/tanger/Projects/singularity_world/data/npc_behaviors.json
[2m2026-03-28T05:03:09.360373Z[0m [32m INFO[0m [2mpathfind[0m[2m:[0m graph synced from store: 639 rooms, 1274 directed edges
[2m2026-03-28T05:03:09.360589Z[0m [32m INFO[0m [2msingularity_world::server::run[0m[2m:[0m Rust server listening on http://0.0.0.0:1721 (WebSocket /ws)
[2m2026-03-28T05:03:09.381966Z[0m [32m INFO[0m [2msingularity_world::server::simulation_loop[0m[2m:[0m 注入事件種子: 凌晨在窗邊能看到遠處地脈的微光隱約在脈動，像心跳一樣
[2m2026-03-28T05:08:30.067006Z[0m [32m INFO[0m [2mpostgres::connection[0m[2m:[0m NOTICE: extension "vector" already exists, skipping
[2m2026-03-28T05:08:30.067221Z[0m [32m INFO[0m [2mpostgres::connection[0m[2m:[0m NOTICE: relation "auth" already exists, skipping
[2m2026-03-28T05:08:30.067293Z[0m [32m INFO[0m [2mpostgres::connection[0m[2m:[0m NOTICE: relation "event_log" already exists, skipping
[2m2026-03-28T05:08:30.067471Z[0m [32m INFO[0m [2mpostgres::connection[0m[2m:[0m NOTICE: relation "idx_event_log_entity_id" already exists, skipping
[2m2026-03-28T05:08:30.067532Z[0m [32m INFO[0m [2mpostgres::connection[0m[2m:[0m NOTICE: relation "archival" already exists, skipping
[2m2026-03-28T05:08:30.067607Z[0m [32m INFO[0m [2mpostgres::connection[0m[2m:[0m NOTICE: relation "idx_archival_entity_id" already exists, skipping
[2m2026-03-28T05:08:30.067660Z[0m [32m INFO[0m [2mpostgres::connection[0m[2m:[0m NOTICE: relation "npc_memories" already exists, skipping
[2m2026-03-28T05:08:30.067703Z[0m [32m INFO[0m [2mpostgres::connection[0m[2m:[0m NOTICE: relation "npc_summaries" already exists, skipping
[2m2026-03-28T05:08:30.067744Z[0m [32m INFO[0m [2mpostgres::connection[0m[2m:[0m NOTICE: relation "npc_npc_summaries" already exists, skipping
[2m2026-03-28T05:08:30.067792Z[0m [32m INFO[0m [2mpostgres::connection[0m[2m:[0m NOTICE: relation "npc_threads" already exists, skipping
[2m2026-03-28T05:08:30.067840Z[0m [32m INFO[0m [2mpostgres::connection[0m[2m:[0m NOTICE: relation "npc_dyads" already exists, skipping
[2m2026-03-28T05:08:30.067897Z[0m [32m INFO[0m [2mpostgres::connection[0m[2m:[0m NOTICE: relation "npc_rumors" already exists, skipping
[2m2026-03-28T05:08:30.067948Z[0m [32m INFO[0m [2mpostgres::connection[0m[2m:[0m NOTICE: relation "rooms" already exists, skipping
[2m2026-03-28T05:08:30.067992Z[0m [32m INFO[0m [2mpostgres::connection[0m[2m:[0m NOTICE: relation "exits" already exists, skipping
[2m2026-03-28T05:08:30.068068Z[0m [32m INFO[0m [2mpostgres::connection[0m[2m:[0m NOTICE: relation "entities" already exists, skipping
[2m2026-03-28T05:08:30.068175Z[0m [32m INFO[0m [2mpostgres::connection[0m[2m:[0m NOTICE: column "current_activity" of relation "entities" already exists, skipping
[2m2026-03-28T05:08:30.068615Z[0m [32m INFO[0m [2mpostgres::connection[0m[2m:[0m NOTICE: relation "entity_rooms" already exists, skipping
[2m2026-03-28T05:08:30.068664Z[0m [32m INFO[0m [2mpostgres::connection[0m[2m:[0m NOTICE: relation "venues" already exists, skipping
[2m2026-03-28T05:08:30.068710Z[0m [32m INFO[0m [2mpostgres::connection[0m[2m:[0m NOTICE: relation "assignments" already exists, skipping
[2m2026-03-28T05:08:30.068776Z[0m [32m INFO[0m [2mpostgres::connection[0m[2m:[0m NOTICE: relation "idx_assignments_venue" already exists, skipping
[2m2026-03-28T05:08:30.068822Z[0m [32m INFO[0m [2mpostgres::connection[0m[2m:[0m NOTICE: relation "schedules" already exists, skipping
[2m2026-03-28T05:08:30.068874Z[0m [32m INFO[0m [2mpostgres::connection[0m[2m:[0m NOTICE: relation "items" already exists, skipping
[2m2026-03-28T05:08:30.068935Z[0m [32m INFO[0m [2mpostgres::connection[0m[2m:[0m NOTICE: column "vit_bonus" of relation "items" already exists, skipping
[2m2026-03-28T05:08:30.069354Z[0m [32m INFO[0m [2mpostgres::connection[0m[2m:[0m NOTICE: column "dex_bonus" of relation "items" already exists, skipping
[2m2026-03-28T05:08:30.069740Z[0m [32m INFO[0m [2mpostgres::connection[0m[2m:[0m NOTICE: column "atk_bonus" of relation "items" already exists, skipping
[2m2026-03-28T05:08:30.070132Z[0m [32m INFO[0m [2mpostgres::connection[0m[2m:[0m NOTICE: relation "world_lexicon" already exists, skipping
[2m2026-03-28T05:08:30.070138Z[0m [32m INFO[0m [2msingularity_world::store[0m[2m:[0m [store] PostgreSQL 連線池已初始化: postgres://postgres:singularity@localhost:5432/singularity
[2m2026-03-28T05:08:30.071554Z[0m [32m INFO[0m [2msingularity_world::store[0m[2m:[0m [store] Loaded 635 entities from PostgreSQL
[2m2026-03-28T05:08:30.071791Z[0m [32m INFO[0m [2msingularity_world::store[0m[2m:[0m [store] Loaded 319 entity_rooms from PostgreSQL
[2m2026-03-28T05:08:30.071920Z[0m [32m INFO[0m [2msingularity_world::store[0m[2m:[0m [store] Loaded 4 assignments from PostgreSQL
[2m2026-03-28T05:08:30.072010Z[0m [32m INFO[0m [2msingularity_world::store[0m[2m:[0m [store] Loaded 3 schedules from PostgreSQL
[2m2026-03-28T05:08:30.072088Z[0m [32m INFO[0m [2msingularity_world::store[0m[2m:[0m [store] Loaded 1 venues from PostgreSQL
[2m2026-03-28T05:08:30.072177Z[0m [32m INFO[0m [2msingularity_world::store[0m[2m:[0m [store] Loaded 10 items from PostgreSQL
[2m2026-03-28T05:08:30.072278Z[0m [32m INFO[0m [2msingularity_world::store[0m[2m:[0m [store] Loaded 27 npc_threads from PostgreSQL
[2m2026-03-28T05:08:30.072380Z[0m [32m INFO[0m [2msingularity_world::store[0m[2m:[0m [store] 資料從 PostgreSQL 載入（主資料源）
[2m2026-03-28T05:08:30.074528Z[0m [32m INFO[0m [2msingularity_world::store[0m[2m:[0m [store] 載入完成: 639 rooms, 319 entity_room, 1 venues, 4 assignments, 3 schedules, 635 entities, 10 items, 27 threads, 0 dyads, 2007 rumors
[2m2026-03-28T05:08:30.198281Z[0m [32m INFO[0m [2msingularity_world::store[0m[2m:[0m [store] 639 個房間已同步至 PostgreSQL
[2m2026-03-28T05:08:30.198446Z[0m [32m INFO[0m [2mnpc_behavior[0m[2m:[0m loaded 18 roles from /home/tanger/Projects/singularity_world/data/npc_behaviors.json
[2m2026-03-28T05:08:30.198901Z[0m [32m INFO[0m [2mpathfind[0m[2m:[0m graph synced from store: 639 rooms, 1274 directed edges
[2m2026-03-28T05:08:30.199163Z[0m [32m INFO[0m [2msingularity_world::server::run[0m[2m:[0m Rust server listening on http://0.0.0.0:1721 (WebSocket /ws)
[2m2026-03-28T05:08:30.224148Z[0m [32m INFO[0m [2msingularity_world::server::simulation_loop[0m[2m:[0m 注入事件種子: 樓頂的蓄水設施今天開始例行清洗，水量可能會少一會兒
[2m2026-03-28T05:08:39.473163Z[0m [32m INFO[0m [2mpostgres::connection[0m[2m:[0m NOTICE: extension "vector" already exists, skipping
[2m2026-03-28T05:08:39.473338Z[0m [32m INFO[0m [2mpostgres::connection[0m[2m:[0m NOTICE: relation "auth" already exists, skipping
[2m2026-03-28T05:08:39.473400Z[0m [32m INFO[0m [2mpostgres::connection[0m[2m:[0m NOTICE: relation "event_log" already exists, skipping
[2m2026-03-28T05:08:39.473575Z[0m [32m INFO[0m [2mpostgres::connection[0m[2m:[0m NOTICE: relation "idx_event_log_entity_id" already exists, skipping
[2m2026-03-28T05:08:39.473627Z[0m [32m INFO[0m [2mpostgres::connection[0m[2m:[0m NOTICE: relation "archival" already exists, skipping
[2m2026-03-28T05:08:39.473686Z[0m [32m INFO[0m [2mpostgres::connection[0m[2m:[0m NOTICE: relation "idx_archival_entity_id" already exists, skipping
[2m2026-03-28T05:08:39.473733Z[0m [32m INFO[0m [2mpostgres::connection[0m[2m:[0m NOTICE: relation "npc_memories" already exists, skipping
[2m2026-03-28T05:08:39.473772Z[0m [32m INFO[0m [2mpostgres::connection[0m[2m:[0m NOTICE: relation "npc_summaries" already exists, skipping
[2m2026-03-28T05:08:39.473810Z[0m [32m INFO[0m [2mpostgres::connection[0m[2m:[0m NOTICE: relation "npc_npc_summaries" already exists, skipping
[2m2026-03-28T05:08:39.473856Z[0m [32m INFO[0m [2mpostgres::connection[0m[2m:[0m NOTICE: relation "npc_threads" already exists, skipping
[2m2026-03-28T05:08:39.473900Z[0m [32m INFO[0m [2mpostgres::connection[0m[2m:[0m NOTICE: relation "npc_dyads" already exists, skipping
[2m2026-03-28T05:08:39.473960Z[0m [32m INFO[0m [2mpostgres::connection[0m[2m:[0m NOTICE: relation "npc_rumors" already exists, skipping
[2m2026-03-28T05:08:39.474012Z[0m [32m INFO[0m [2mpostgres::connection[0m[2m:[0m NOTICE: relation "rooms" already exists, skipping
[2m2026-03-28T05:08:39.474054Z[0m [32m INFO[0m [2mpostgres::connection[0m[2m:[0m NOTICE: relation "exits" already exists, skipping
[2m2026-03-28T05:08:39.474138Z[0m [32m INFO[0m [2mpostgres::connection[0m[2m:[0m NOTICE: relation "entities" already exists, skipping
[2m2026-03-28T05:08:39.474232Z[0m [32m INFO[0m [2mpostgres::connection[0m[2m:[0m NOTICE: column "current_activity" of relation "entities" already exists, skipping
[2m2026-03-28T05:08:39.474647Z[0m [32m INFO[0m [2mpostgres::connection[0m[2m:[0m NOTICE: relation "entity_rooms" already exists, skipping
[2m2026-03-28T05:08:39.474706Z[0m [32m INFO[0m [2mpostgres::connection[0m[2m:[0m NOTICE: relation "venues" already exists, skipping
[2m2026-03-28T05:08:39.474749Z[0m [32m INFO[0m [2mpostgres::connection[0m[2m:[0m NOTICE: relation "assignments" already exists, skipping
[2m2026-03-28T05:08:39.474829Z[0m [32m INFO[0m [2mpostgres::connection[0m[2m:[0m NOTICE: relation "idx_assignments_venue" already exists, skipping
[2m2026-03-28T05:08:39.474898Z[0m [32m INFO[0m [2mpostgres::connection[0m[2m:[0m NOTICE: relation "schedules" already exists, skipping
[2m2026-03-28T05:08:39.474963Z[0m [32m INFO[0m [2mpostgres::connection[0m[2m:[0m NOTICE: relation "items" already exists, skipping
[2m2026-03-28T05:08:39.475035Z[0m [32m INFO[0m [2mpostgres::connection[0m[2m:[0m NOTICE: column "vit_bonus" of relation "items" already exists, skipping
[2m2026-03-28T05:08:39.475472Z[0m [32m INFO[0m [2mpostgres::connection[0m[2m:[0m NOTICE: column "dex_bonus" of relation "items" already exists, skipping
[2m2026-03-28T05:08:39.475878Z[0m [32m INFO[0m [2mpostgres::connection[0m[2m:[0m NOTICE: column "atk_bonus" of relation "items" already exists, skipping
[2m2026-03-28T05:08:39.476273Z[0m [32m INFO[0m [2mpostgres::connection[0m[2m:[0m NOTICE: relation "world_lexicon" already exists, skipping
[2m2026-03-28T05:08:39.476282Z[0m [32m INFO[0m [2msingularity_world::store[0m[2m:[0m [store] PostgreSQL 連線池已初始化: postgres://postgres:singularity@localhost:5432/singularity
[2m2026-03-28T05:08:39.477636Z[0m [32m INFO[0m [2msingularity_world::store[0m[2m:[0m [store] Loaded 635 entities from PostgreSQL
[2m2026-03-28T05:08:39.477837Z[0m [32m INFO[0m [2msingularity_world::store[0m[2m:[0m [store] Loaded 319 entity_rooms from PostgreSQL
[2m2026-03-28T05:08:39.477938Z[0m [32m INFO[0m [2msingularity_world::store[0m[2m:[0m [store] Loaded 4 assignments from PostgreSQL
[2m2026-03-28T05:08:39.478017Z[0m [32m INFO[0m [2msingularity_world::store[0m[2m:[0m [store] Loaded 3 schedules from PostgreSQL
[2m2026-03-28T05:08:39.478092Z[0m [32m INFO[0m [2msingularity_world::store[0m[2m:[0m [store] Loaded 1 venues from PostgreSQL
[2m2026-03-28T05:08:39.478182Z[0m [32m INFO[0m [2msingularity_world::store[0m[2m:[0m [store] Loaded 10 items from PostgreSQL
[2m2026-03-28T05:08:39.478281Z[0m [32m INFO[0m [2msingularity_world::store[0m[2m:[0m [store] Loaded 27 npc_threads from PostgreSQL
[2m2026-03-28T05:08:39.478373Z[0m [32m INFO[0m [2msingularity_world::store[0m[2m:[0m [store] 資料從 PostgreSQL 載入（主資料源）
[2m2026-03-28T05:08:39.480621Z[0m [32m INFO[0m [2msingularity_world::store[0m[2m:[0m [store] 載入完成: 639 rooms, 319 entity_room, 1 venues, 4 assignments, 3 schedules, 635 entities, 10 items, 27 threads, 0 dyads, 2008 rumors
[2m2026-03-28T05:08:39.604228Z[0m [32m INFO[0m [2msingularity_world::store[0m[2m:[0m [store] 639 個房間已同步至 PostgreSQL
[2m2026-03-28T05:08:39.604403Z[0m [32m INFO[0m [2mnpc_behavior[0m[2m:[0m loaded 18 roles from /home/tanger/Projects/singularity_world/data/npc_behaviors.json
[2m2026-03-28T05:08:39.604851Z[0m [32m INFO[0m [2mpathfind[0m[2m:[0m graph synced from store: 639 rooms, 1274 directed edges
[2m2026-03-28T05:08:39.605067Z[0m [32m INFO[0m [2msingularity_world::server::run[0m[2m:[0m Rust server listening on http://0.0.0.0:1721 (WebSocket /ws)
[2m2026-03-28T05:08:39.631243Z[0m [32m INFO[0m [2msingularity_world::server::simulation_loop[0m[2m:[0m 注入事件種子: 採集隊說城外淺層礦脈的礦石開始出現新的玉化紋理
[2m2026-03-28T05:16:05.600621Z[0m [32m INFO[0m [2mpathfind[0m[2m:[0m graph synced from store: 640 rooms, 1274 directed edges
[2m2026-03-28T05:16:39.801150Z[0m [32m INFO[0m [2mpathfind[0m[2m:[0m graph synced from store: 640 rooms, 1274 directed edges
[2m2026-03-28T05:17:44.761017Z[0m [32m INFO[0m [2mpathfind[0m[2m:[0m graph synced from store: 640 rooms, 1274 directed edges
[2m2026-03-28T05:18:40.121163Z[0m [32m INFO[0m [2msingularity_world::server::simulation_loop[0m[2m:[0m 注入事件種子: 今早走廊牆縫裡的玉質脈絡又長了一截，紋路很好看
[2m2026-03-28T05:20:00.490240Z[0m [32m INFO[0m [2mpathfind[0m[2m:[0m graph synced from store: 640 rooms, 1275 directed edges
[2m2026-03-28T05:20:00.494545Z[0m [32m INFO[0m [2mpathfind[0m[2m:[0m graph synced from store: 640 rooms, 1276 directed edges
[2m2026-03-28T05:20:00.633248Z[0m [32m INFO[0m [2mpathfind[0m[2m:[0m graph synced from store: 641 rooms, 1276 directed edges
[2m2026-03-28T05:20:12.837341Z[0m [32m INFO[0m [2mpathfind[0m[2m:[0m graph synced from store: 641 rooms, 1275 directed edges
[2m2026-03-28T05:20:13.796540Z[0m [32m INFO[0m [2mpathfind[0m[2m:[0m graph synced from store: 640 rooms, 1274 directed edges
[2m2026-03-28T05:20:30.477084Z[0m [32m INFO[0m [2mpathfind[0m[2m:[0m graph synced from store: 640 rooms, 1274 directed edges
[2m2026-03-28T05:20:36.002582Z[0m [32m INFO[0m [2mpathfind[0m[2m:[0m graph synced from store: 640 rooms, 1274 directed edges
[2m2026-03-28T05:27:58.208960Z[0m [32m INFO[0m [2mpathfind[0m[2m:[0m graph synced from store: 639 rooms, 1274 directed edges
[2m2026-03-28T05:28:40.122223Z[0m [32m INFO[0m [2msingularity_world::server::simulation_loop[0m[2m:[0m 注入事件種子: 樓梯間的菌絲光昨晚特別亮，是琥珀色的
[2m2026-03-28T05:38:40.621682Z[0m [32m INFO[0m [2msingularity_world::server::simulation_loop[0m[2m:[0m 注入事件種子: 今天的游離輻射塵好像比平常多一些，空氣裡有淡淡的粉光
[2m2026-03-28T05:48:40.619732Z[0m [32m INFO[0m [2msingularity_world::server::simulation_loop[0m[2m:[0m 注入事件種子: 有人在樓下收購琉璃化的礦石碎片，出手很闊綽
[2m2026-03-28T05:58:40.619030Z[0m [32m INFO[0m [2msingularity_world::server::simulation_loop[0m[2m:[0m 注入事件種子: 走廊的老長凳被根鬚纏得更穩了，坐起來比以前舒服
[2m2026-03-28T06:08:41.120104Z[0m [32m INFO[0m [2msingularity_world::server::simulation_loop[0m[2m:[0m 注入事件種子: 樓頂的蓄水設施今天開始例行清洗，水量可能會少一會兒
[2m2026-03-28T06:18:41.623328Z[0m [32m INFO[0m [2msingularity_world::server::simulation_loop[0m[2m:[0m 注入事件種子: 十六樓商區的地面接縫處冒出了細細的礦脈紋路
[2m2026-03-28T06:28:42.122289Z[0m [32m INFO[0m [2msingularity_world::server::simulation_loop[0m[2m:[0m 注入事件種子: 三樓醫療區最近比較忙，好像是採集隊回城的季節
[2m2026-03-28T06:38:42.122388Z[0m [32m INFO[0m [2msingularity_world::server::simulation_loop[0m[2m:[0m 注入事件種子: 有採集隊從城外回來說，霜林靠近城側的那片最近長得特別快
[2m2026-03-28T06:48:42.620165Z[0m [32m INFO[0m [2msingularity_world::server::simulation_loop[0m[2m:[0m 注入事件種子: 最近幾天金屬器具的表面都浮了一層淡淡的礦脈紋路
[2m2026-03-28T06:58:43.116251Z[0m [32m INFO[0m [2msingularity_world::server::simulation_loop[0m[2m:[0m 注入事件種子: 藥材價格穩著，但品種比上個月少了幾樣
[2m2026-03-28T07:04:42.583991Z[0m [32m INFO[0m [2mpostgres::connection[0m[2m:[0m NOTICE: extension "vector" already exists, skipping
[2m2026-03-28T07:04:42.584121Z[0m [32m INFO[0m [2mpostgres::connection[0m[2m:[0m NOTICE: relation "auth" already exists, skipping
[2m2026-03-28T07:04:42.584170Z[0m [32m INFO[0m [2mpostgres::connection[0m[2m:[0m NOTICE: relation "event_log" already exists, skipping
[2m2026-03-28T07:04:42.584325Z[0m [32m INFO[0m [2mpostgres::connection[0m[2m:[0m NOTICE: relation "idx_event_log_entity_id" already exists, skipping
[2m2026-03-28T07:04:42.584379Z[0m [32m INFO[0m [2mpostgres::connection[0m[2m:[0m NOTICE: relation "archival" already exists, skipping
[2m2026-03-28T07:04:42.584434Z[0m [32m INFO[0m [2mpostgres::connection[0m[2m:[0m NOTICE: relation "idx_archival_entity_id" already exists, skipping
[2m2026-03-28T07:04:42.584480Z[0m [32m INFO[0m [2mpostgres::connection[0m[2m:[0m NOTICE: relation "npc_memories" already exists, skipping
[2m2026-03-28T07:04:42.584518Z[0m [32m INFO[0m [2mpostgres::connection[0m[2m:[0m NOTICE: relation "npc_summaries" already exists, skipping
[2m2026-03-28T07:04:42.584561Z[0m [32m INFO[0m [2mpostgres::connection[0m[2m:[0m NOTICE: relation "npc_npc_summaries" already exists, skipping
[2m2026-03-28T07:04:42.584603Z[0m [32m INFO[0m [2mpostgres::connection[0m[2m:[0m NOTICE: relation "npc_threads" already exists, skipping
[2m2026-03-28T07:04:42.584646Z[0m [32m INFO[0m [2mpostgres::connection[0m[2m:[0m NOTICE: relation "npc_dyads" already exists, skipping
[2m2026-03-28T07:04:42.584698Z[0m [32m INFO[0m [2mpostgres::connection[0m[2m:[0m NOTICE: relation "npc_rumors" already exists, skipping
[2m2026-03-28T07:04:42.584743Z[0m [32m INFO[0m [2mpostgres::connection[0m[2m:[0m NOTICE: relation "rooms" already exists, skipping
[2m2026-03-28T07:04:42.584781Z[0m [32m INFO[0m [2mpostgres::connection[0m[2m:[0m NOTICE: relation "exits" already exists, skipping
[2m2026-03-28T07:04:42.584846Z[0m [32m INFO[0m [2mpostgres::connection[0m[2m:[0m NOTICE: relation "entities" already exists, skipping
[2m2026-03-28T07:04:42.584933Z[0m [32m INFO[0m [2mpostgres::connection[0m[2m:[0m NOTICE: column "current_activity" of relation "entities" already exists, skipping
[2m2026-03-28T07:04:42.585356Z[0m [32m INFO[0m [2mpostgres::connection[0m[2m:[0m NOTICE: relation "entity_rooms" already exists, skipping
[2m2026-03-28T07:04:42.585399Z[0m [32m INFO[0m [2mpostgres::connection[0m[2m:[0m NOTICE: relation "venues" already exists, skipping
[2m2026-03-28T07:04:42.585440Z[0m [32m INFO[0m [2mpostgres::connection[0m[2m:[0m NOTICE: relation "assignments" already exists, skipping
[2m2026-03-28T07:04:42.585502Z[0m [32m INFO[0m [2mpostgres::connection[0m[2m:[0m NOTICE: relation "idx_assignments_venue" already exists, skipping
[2m2026-03-28T07:04:42.585541Z[0m [32m INFO[0m [2mpostgres::connection[0m[2m:[0m NOTICE: relation "schedules" already exists, skipping
[2m2026-03-28T07:04:42.585586Z[0m [32m INFO[0m [2mpostgres::connection[0m[2m:[0m NOTICE: relation "items" already exists, skipping
[2m2026-03-28T07:04:42.585639Z[0m [32m INFO[0m [2mpostgres::connection[0m[2m:[0m NOTICE: column "vit_bonus" of relation "items" already exists, skipping
[2m2026-03-28T07:04:42.586012Z[0m [32m INFO[0m [2mpostgres::connection[0m[2m:[0m NOTICE: column "dex_bonus" of relation "items" already exists, skipping
[2m2026-03-28T07:04:42.586384Z[0m [32m INFO[0m [2mpostgres::connection[0m[2m:[0m NOTICE: column "atk_bonus" of relation "items" already exists, skipping
[2m2026-03-28T07:04:42.586738Z[0m [32m INFO[0m [2mpostgres::connection[0m[2m:[0m NOTICE: relation "world_lexicon" already exists, skipping
[2m2026-03-28T07:04:42.586744Z[0m [32m INFO[0m [2msingularity_world::store[0m[2m:[0m [store] PostgreSQL 連線池已初始化: postgres://postgres:singularity@localhost:5432/singularity
[2m2026-03-28T07:04:42.587917Z[0m [32m INFO[0m [2msingularity_world::store[0m[2m:[0m [store] Loaded 636 entities from PostgreSQL
[2m2026-03-28T07:04:42.588109Z[0m [32m INFO[0m [2msingularity_world::store[0m[2m:[0m [store] Loaded 320 entity_rooms from PostgreSQL
[2m2026-03-28T07:04:42.588198Z[0m [32m INFO[0m [2msingularity_world::store[0m[2m:[0m [store] Loaded 4 assignments from PostgreSQL
[2m2026-03-28T07:04:42.588270Z[0m [32m INFO[0m [2msingularity_world::store[0m[2m:[0m [store] Loaded 3 schedules from PostgreSQL
[2m2026-03-28T07:04:42.588337Z[0m [32m INFO[0m [2msingularity_world::store[0m[2m:[0m [store] Loaded 1 venues from PostgreSQL
[2m2026-03-28T07:04:42.588418Z[0m [32m INFO[0m [2msingularity_world::store[0m[2m:[0m [store] Loaded 10 items from PostgreSQL
[2m2026-03-28T07:04:42.588525Z[0m [32m INFO[0m [2msingularity_world::store[0m[2m:[0m [store] Loaded 27 npc_threads from PostgreSQL
[2m2026-03-28T07:04:42.588619Z[0m [32m INFO[0m [2msingularity_world::store[0m[2m:[0m [store] 資料從 PostgreSQL 載入（主資料源）
[2m2026-03-28T07:04:42.590595Z[0m [32m INFO[0m [2msingularity_world::store[0m[2m:[0m [store] 載入完成: 0 rooms, 0 entity_room, 1 venues, 4 assignments, 3 schedules, 636 entities, 10 items, 27 threads, 0 dyads, 2025 rumors
[2m2026-03-28T07:04:42.590668Z[0m [32m INFO[0m [2msingularity_world::store[0m[2m:[0m [store] 0 個房間已同步至 PostgreSQL
[2m2026-03-28T07:04:42.590760Z[0m [32m INFO[0m [2mnpc_behavior[0m[2m:[0m loaded 18 roles from /home/tanger/Projects/singularity_world/data/npc_behaviors.json
[2m2026-03-28T07:04:42.590765Z[0m [32m INFO[0m [2mpathfind[0m[2m:[0m graph synced from store: 0 rooms, 0 directed edges
[2m2026-03-28T07:04:42.590854Z[0m [32m INFO[0m [2msingularity_world::server::run[0m[2m:[0m Rust server listening on http://0.0.0.0:1721 (WebSocket /ws)
[2m2026-03-28T07:04:42.626393Z[0m [32m INFO[0m [2msingularity_world::server::simulation_loop[0m[2m:[0m 注入事件種子: 有採集隊從城外回來說，霜林靠近城側的那片最近長得特別快
[2m2026-03-28T07:08:32.146958Z[0m [32m INFO[0m [2mpostgres::connection[0m[2m:[0m NOTICE: extension "vector" already exists, skipping
[2m2026-03-28T07:08:32.147091Z[0m [32m INFO[0m [2mpostgres::connection[0m[2m:[0m NOTICE: relation "auth" already exists, skipping
[2m2026-03-28T07:08:32.147141Z[0m [32m INFO[0m [2mpostgres::connection[0m[2m:[0m NOTICE: relation "event_log" already exists, skipping
[2m2026-03-28T07:08:32.147294Z[0m [32m INFO[0m [2mpostgres::connection[0m[2m:[0m NOTICE: relation "idx_event_log_entity_id" already exists, skipping
[2m2026-03-28T07:08:32.147344Z[0m [32m INFO[0m [2mpostgres::connection[0m[2m:[0m NOTICE: relation "archival" already exists, skipping
[2m2026-03-28T07:08:32.147401Z[0m [32m INFO[0m [2mpostgres::connection[0m[2m:[0m NOTICE: relation "idx_archival_entity_id" already exists, skipping
[2m2026-03-28T07:08:32.147448Z[0m [32m INFO[0m [2mpostgres::connection[0m[2m:[0m NOTICE: relation "npc_memories" already exists, skipping
[2m2026-03-28T07:08:32.147487Z[0m [32m INFO[0m [2mpostgres::connection[0m[2m:[0m NOTICE: relation "npc_summaries" already exists, skipping
[2m2026-03-28T07:08:32.147525Z[0m [32m INFO[0m [2mpostgres::connection[0m[2m:[0m NOTICE: relation "npc_npc_summaries" already exists, skipping
[2m2026-03-28T07:08:32.147568Z[0m [32m INFO[0m [2mpostgres::connection[0m[2m:[0m NOTICE: relation "npc_threads" already exists, skipping
[2m2026-03-28T07:08:32.147611Z[0m [32m INFO[0m [2mpostgres::connection[0m[2m:[0m NOTICE: relation "npc_dyads" already exists, skipping
[2m2026-03-28T07:08:32.147664Z[0m [32m INFO[0m [2mpostgres::connection[0m[2m:[0m NOTICE: relation "npc_rumors" already exists, skipping
[2m2026-03-28T07:08:32.147710Z[0m [32m INFO[0m [2mpostgres::connection[0m[2m:[0m NOTICE: relation "rooms" already exists, skipping
[2m2026-03-28T07:08:32.147751Z[0m [32m INFO[0m [2mpostgres::connection[0m[2m:[0m NOTICE: relation "exits" already exists, skipping
[2m2026-03-28T07:08:32.147819Z[0m [32m INFO[0m [2mpostgres::connection[0m[2m:[0m NOTICE: relation "entities" already exists, skipping
[2m2026-03-28T07:08:32.147908Z[0m [32m INFO[0m [2mpostgres::connection[0m[2m:[0m NOTICE: column "current_activity" of relation "entities" already exists, skipping
[2m2026-03-28T07:08:32.148307Z[0m [32m INFO[0m [2mpostgres::connection[0m[2m:[0m NOTICE: relation "entity_rooms" already exists, skipping
[2m2026-03-28T07:08:32.148351Z[0m [32m INFO[0m [2mpostgres::connection[0m[2m:[0m NOTICE: relation "venues" already exists, skipping
[2m2026-03-28T07:08:32.148391Z[0m [32m INFO[0m [2mpostgres::connection[0m[2m:[0m NOTICE: relation "assignments" already exists, skipping
[2m2026-03-28T07:08:32.148452Z[0m [32m INFO[0m [2mpostgres::connection[0m[2m:[0m NOTICE: relation "idx_assignments_venue" already exists, skipping
[2m2026-03-28T07:08:32.148493Z[0m [32m INFO[0m [2mpostgres::connection[0m[2m:[0m NOTICE: relation "schedules" already exists, skipping
[2m2026-03-28T07:08:32.148545Z[0m [32m INFO[0m [2mpostgres::connection[0m[2m:[0m NOTICE: relation "items" already exists, skipping
[2m2026-03-28T07:08:32.148602Z[0m [32m INFO[0m [2mpostgres::connection[0m[2m:[0m NOTICE: column "vit_bonus" of relation "items" already exists, skipping
[2m2026-03-28T07:08:32.148972Z[0m [32m INFO[0m [2mpostgres::connection[0m[2m:[0m NOTICE: column "dex_bonus" of relation "items" already exists, skipping
[2m2026-03-28T07:08:32.149341Z[0m [32m INFO[0m [2mpostgres::connection[0m[2m:[0m NOTICE: column "atk_bonus" of relation "items" already exists, skipping
[2m2026-03-28T07:08:32.149712Z[0m [32m INFO[0m [2mpostgres::connection[0m[2m:[0m NOTICE: relation "world_lexicon" already exists, skipping
[2m2026-03-28T07:08:32.149718Z[0m [32m INFO[0m [2msingularity_world::store[0m[2m:[0m [store] PostgreSQL 連線池已初始化: postgres://postgres:singularity@localhost:5432/singularity
[2m2026-03-28T07:08:32.150877Z[0m [32m INFO[0m [2msingularity_world::store[0m[2m:[0m [store] Loaded 636 entities from PostgreSQL
[2m2026-03-28T07:08:32.151046Z[0m [32m INFO[0m [2msingularity_world::store[0m[2m:[0m [store] Loaded 320 entity_rooms from PostgreSQL
[2m2026-03-28T07:08:32.151132Z[0m [32m INFO[0m [2msingularity_world::store[0m[2m:[0m [store] Loaded 4 assignments from PostgreSQL
[2m2026-03-28T07:08:32.151202Z[0m [32m INFO[0m [2msingularity_world::store[0m[2m:[0m [store] Loaded 3 schedules from PostgreSQL
[2m2026-03-28T07:08:32.151268Z[0m [32m INFO[0m [2msingularity_world::store[0m[2m:[0m [store] Loaded 1 venues from PostgreSQL
[2m2026-03-28T07:08:32.151350Z[0m [32m INFO[0m [2msingularity_world::store[0m[2m:[0m [store] Loaded 10 items from PostgreSQL
[2m2026-03-28T07:08:32.151442Z[0m [32m INFO[0m [2msingularity_world::store[0m[2m:[0m [store] Loaded 27 npc_threads from PostgreSQL
[2m2026-03-28T07:08:32.151526Z[0m [32m INFO[0m [2msingularity_world::store[0m[2m:[0m [store] 資料從 PostgreSQL 載入（主資料源）
[2m2026-03-28T07:08:32.153549Z[0m [32m INFO[0m [2msingularity_world::store[0m[2m:[0m [store] 載入完成: 0 rooms, 0 entity_room, 1 venues, 4 assignments, 3 schedules, 636 entities, 10 items, 27 threads, 0 dyads, 2026 rumors
[2m2026-03-28T07:08:32.153608Z[0m [32m INFO[0m [2msingularity_world::store[0m[2m:[0m [store] 0 個房間已同步至 PostgreSQL
[2m2026-03-28T07:08:32.153702Z[0m [32m INFO[0m [2mnpc_behavior[0m[2m:[0m loaded 18 roles from /home/tanger/Projects/singularity_world/data/npc_behaviors.json
[2m2026-03-28T07:08:32.153708Z[0m [32m INFO[0m [2mpathfind[0m[2m:[0m graph synced from store: 0 rooms, 0 directed edges
[2m2026-03-28T07:08:32.153797Z[0m [32m INFO[0m [2msingularity_world::server::run[0m[2m:[0m Rust server listening on http://0.0.0.0:1721 (WebSocket /ws)
[2m2026-03-28T07:08:32.183031Z[0m [32m INFO[0m [2msingularity_world::server::simulation_loop[0m[2m:[0m 注入事件種子: 十六樓的某面牆突然長出了一小片琉璃化的結晶，很漂亮
[2m2026-03-28T07:18:32.670763Z[0m [32m INFO[0m [2msingularity_world::server::simulation_loop[0m[2m:[0m 注入事件種子: 有採集隊從城外回來說，霜林靠近城側的那片最近長得特別快
[2m2026-03-28T07:28:33.172549Z[0m [32m INFO[0m [2msingularity_world::server::simulation_loop[0m[2m:[0m 注入事件種子: 打鐵巷最近接了不少單，聽說是採集隊的工具要換新
[2m2026-03-28T07:38:33.669464Z[0m [32m INFO[0m [2msingularity_world::server::simulation_loop[0m[2m:[0m 注入事件種子: 走廊的老長凳被根鬚纏得更穩了，坐起來比以前舒服
[2m2026-03-28T07:48:33.667291Z[0m [32m INFO[0m [2msingularity_world::server::simulation_loop[0m[2m:[0m 注入事件種子: 有人說聽見了低樓層的結構在微微嗡鳴，像建築在呼吸
[2m2026-03-28T07:58:33.676139Z[0m [32m INFO[0m [2msingularity_world::server::simulation_loop[0m[2m:[0m 注入事件種子: 最近幾天金屬器具的表面都浮了一層淡淡的礦脈紋路
[2m2026-03-28T08:08:34.165079Z[0m [32m INFO[0m [2msingularity_world::server::simulation_loop[0m[2m:[0m 注入事件種子: 採集隊說城外淺層礦脈的礦石開始出現新的玉化紋理
[2m2026-03-28T08:18:34.169303Z[0m [32m INFO[0m [2msingularity_world::server::simulation_loop[0m[2m:[0m 注入事件種子: 遠處的地脈微光今晚比平常亮一些，淡綠色的
[2m2026-03-28T08:28:34.679907Z[0m [32m INFO[0m [2msingularity_world::server::simulation_loop[0m[2m:[0m 注入事件種子: 城外商路上的指引石被增生物覆蓋了一半，有隊伍去清理了
[2m2026-03-28T08:38:34.681173Z[0m [32m INFO[0m [2msingularity_world::server::simulation_loop[0m[2m:[0m 注入事件種子: 十一樓健身區新添了幾件器材，是用富態化木材做的
[2m2026-03-28T08:48:34.680142Z[0m [32m INFO[0m [2msingularity_world::server::simulation_loop[0m[2m:[0m 注入事件種子: 市集今天來了一批品相很好的玉質木材，攤販搶著進貨
[2m2026-03-28T08:58:34.668910Z[0m [32m INFO[0m [2msingularity_world::server::simulation_loop[0m[2m:[0m 注入事件種子: 今早走廊牆縫裡的玉質脈絡又長了一截，紋路很好看
[2m2026-03-28T09:08:35.166704Z[0m [32m INFO[0m [2msingularity_world::server::simulation_loop[0m[2m:[0m 注入事件種子: 昨晚牆面的玉質脈絡突然閃了一下暗紫色的光，只持續了幾秒
[2m2026-03-28T09:18:35.679561Z[0m [32m INFO[0m [2msingularity_world::server::simulation_loop[0m[2m:[0m 注入事件種子: 電梯間排了好長的隊，聽說中間幾層在做維護
[2m2026-03-28T09:28:36.171654Z[0m [32m INFO[0m [2msingularity_world::server::simulation_loop[0m[2m:[0m 注入事件種子: 今天空氣裡的膠質味比平常濃，像要變天了
[2m2026-03-28T09:38:36.685175Z[0m [32m INFO[0m [2msingularity_world::server::simulation_loop[0m[2m:[0m 注入事件種子: 有人在樓下收購琉璃化的礦石碎片，出手很闊綽
[2m2026-03-28T09:48:37.170390Z[0m [32m INFO[0m [2msingularity_world::server::simulation_loop[0m[2m:[0m 注入事件種子: 有住戶搬家了，留下的房間牆上全是根鬚攀痕，挺有意思的
[2m2026-03-28T09:58:37.176907Z[0m [32m INFO[0m [2msingularity_world::server::simulation_loop[0m[2m:[0m 注入事件種子: 聽回來的人講，城外的肉質籐蔓又往路邊多蔓了一些
[2m2026-03-28T10:08:37.663950Z[0m [32m INFO[0m [2msingularity_world::server::simulation_loop[0m[2m:[0m 注入事件種子: 今天的游離輻射塵好像比平常多一些，空氣裡有淡淡的粉光
[2m2026-03-28T10:18:38.165062Z[0m [32m INFO[0m [2msingularity_world::server::simulation_loop[0m[2m:[0m 注入事件種子: 聽說好事多的批發價又調了，最近物流好像不太順
[2m2026-03-28T10:28:38.668277Z[0m [32m INFO[0m [2msingularity_world::server::simulation_loop[0m[2m:[0m 注入事件種子: 五樓那戶陽台的根鬚盤得更緊了，看著倒是挺穩的
[2m2026-03-28T10:38:39.169348Z[0m [32m INFO[0m [2msingularity_world::server::simulation_loop[0m[2m:[0m 注入事件種子: 三樓醫療區最近比較忙，好像是採集隊回城的季節
[2m2026-03-28T10:48:39.666869Z[0m [32m INFO[0m [2msingularity_world::server::simulation_loop[0m[2m:[0m 注入事件種子: 有人從低樓層看到遠處林冠線在晃動，可能是大型生物經過
[2m2026-03-28T10:58:39.663484Z[0m [32m INFO[0m [2msingularity_world::server::simulation_loop[0m[2m:[0m 注入事件種子: 十六樓商區的地面接縫處冒出了細細的礦脈紋路
[2m2026-03-28T11:08:40.165857Z[0m [32m INFO[0m [2msingularity_world::server::simulation_loop[0m[2m:[0m 注入事件種子: 有住戶說家裡石板縫長出了新的發光菌絲，紫綠色的
[2m2026-03-28T11:18:40.668386Z[0m [32m INFO[0m [2msingularity_world::server::simulation_loop[0m[2m:[0m 注入事件種子: 加了福的肉質蔬果到貨了，今天特別新鮮
[2m2026-03-28T11:28:40.669682Z[0m [32m INFO[0m [2msingularity_world::server::simulation_loop[0m[2m:[0m 注入事件種子: 樓梯間的菌絲光昨晚特別亮，是琥珀色的
[2m2026-03-28T11:38:40.680813Z[0m [32m INFO[0m [2msingularity_world::server::simulation_loop[0m[2m:[0m 注入事件種子: 凌晨在窗邊能看到遠處地脈的微光隱約在脈動，像心跳一樣
[2m2026-03-28T11:48:40.670441Z[0m [32m INFO[0m [2msingularity_world::server::simulation_loop[0m[2m:[0m 注入事件種子: 藥材價格穩著，但品種比上個月少了幾樣
[2m2026-03-28T11:58:41.168323Z[0m [32m INFO[0m [2msingularity_world::server::simulation_loop[0m[2m:[0m 注入事件種子: 樓頂的蓄水設施今天開始例行清洗，水量可能會少一會兒
[2m2026-03-28T14:43:21.851662Z[0m [32m INFO[0m [2mpostgres::connection[0m[2m:[0m NOTICE: extension "vector" already exists, skipping
[2m2026-03-28T14:43:21.851797Z[0m [32m INFO[0m [2mpostgres::connection[0m[2m:[0m NOTICE: relation "auth" already exists, skipping
[2m2026-03-28T14:43:21.851850Z[0m [32m INFO[0m [2mpostgres::connection[0m[2m:[0m NOTICE: relation "event_log" already exists, skipping
[2m2026-03-28T14:43:21.852010Z[0m [32m INFO[0m [2mpostgres::connection[0m[2m:[0m NOTICE: relation "idx_event_log_entity_id" already exists, skipping
[2m2026-03-28T14:43:21.852061Z[0m [32m INFO[0m [2mpostgres::connection[0m[2m:[0m NOTICE: relation "archival" already exists, skipping
[2m2026-03-28T14:43:21.852131Z[0m [32m INFO[0m [2mpostgres::connection[0m[2m:[0m NOTICE: relation "idx_archival_entity_id" already exists, skipping
[2m2026-03-28T14:43:21.852182Z[0m [32m INFO[0m [2mpostgres::connection[0m[2m:[0m NOTICE: relation "npc_memories" already exists, skipping
[2m2026-03-28T14:43:21.852224Z[0m [32m INFO[0m [2mpostgres::connection[0m[2m:[0m NOTICE: relation "npc_summaries" already exists, skipping
[2m2026-03-28T14:43:21.852259Z[0m [32m INFO[0m [2mpostgres::connection[0m[2m:[0m NOTICE: relation "npc_npc_summaries" already exists, skipping
[2m2026-03-28T14:43:21.852304Z[0m [32m INFO[0m [2mpostgres::connection[0m[2m:[0m NOTICE: relation "npc_threads" already exists, skipping
[2m2026-03-28T14:43:21.852347Z[0m [32m INFO[0m [2mpostgres::connection[0m[2m:[0m NOTICE: relation "npc_dyads" already exists, skipping
[2m2026-03-28T14:43:21.852400Z[0m [32m INFO[0m [2mpostgres::connection[0m[2m:[0m NOTICE: relation "npc_rumors" already exists, skipping
[2m2026-03-28T14:43:21.852450Z[0m [32m INFO[0m [2mpostgres::connection[0m[2m:[0m NOTICE: relation "rooms" already exists, skipping
[2m2026-03-28T14:43:21.852490Z[0m [32m INFO[0m [2mpostgres::connection[0m[2m:[0m NOTICE: relation "exits" already exists, skipping
[2m2026-03-28T14:43:21.852558Z[0m [32m INFO[0m [2mpostgres::connection[0m[2m:[0m NOTICE: relation "entities" already exists, skipping
[2m2026-03-28T14:43:21.852647Z[0m [32m INFO[0m [2mpostgres::connection[0m[2m:[0m NOTICE: column "current_activity" of relation "entities" already exists, skipping
[2m2026-03-28T14:43:21.853100Z[0m [32m INFO[0m [2mpostgres::connection[0m[2m:[0m NOTICE: relation "entity_rooms" already exists, skipping
[2m2026-03-28T14:43:21.853150Z[0m [32m INFO[0m [2mpostgres::connection[0m[2m:[0m NOTICE: relation "venues" already exists, skipping
[2m2026-03-28T14:43:21.853190Z[0m [32m INFO[0m [2mpostgres::connection[0m[2m:[0m NOTICE: relation "assignments" already exists, skipping
[2m2026-03-28T14:43:21.853253Z[0m [32m INFO[0m [2mpostgres::connection[0m[2m:[0m NOTICE: relation "idx_assignments_venue" already exists, skipping
[2m2026-03-28T14:43:21.853295Z[0m [32m INFO[0m [2mpostgres::connection[0m[2m:[0m NOTICE: relation "schedules" already exists, skipping
[2m2026-03-28T14:43:21.853343Z[0m [32m INFO[0m [2mpostgres::connection[0m[2m:[0m NOTICE: relation "items" already exists, skipping
[2m2026-03-28T14:43:21.853398Z[0m [32m INFO[0m [2mpostgres::connection[0m[2m:[0m NOTICE: column "vit_bonus" of relation "items" already exists, skipping
[2m2026-03-28T14:43:21.853783Z[0m [32m INFO[0m [2mpostgres::connection[0m[2m:[0m NOTICE: column "dex_bonus" of relation "items" already exists, skipping
[2m2026-03-28T14:43:21.854146Z[0m [32m INFO[0m [2mpostgres::connection[0m[2m:[0m NOTICE: column "atk_bonus" of relation "items" already exists, skipping
[2m2026-03-28T14:43:21.854577Z[0m [32m INFO[0m [2mpostgres::connection[0m[2m:[0m NOTICE: relation "world_lexicon" already exists, skipping
[2m2026-03-28T14:43:21.854597Z[0m [32m INFO[0m [2msingularity_world::store[0m[2m:[0m [store] PostgreSQL 連線池已初始化: postgres://postgres:singularity@localhost:5432/singularity
[2m2026-03-28T14:43:21.855881Z[0m [32m INFO[0m [2msingularity_world::store[0m[2m:[0m [store] Loaded 636 entities from PostgreSQL
[2m2026-03-28T14:43:21.856066Z[0m [32m INFO[0m [2msingularity_world::store[0m[2m:[0m [store] Loaded 320 entity_rooms from PostgreSQL
[2m2026-03-28T14:43:21.856166Z[0m [32m INFO[0m [2msingularity_world::store[0m[2m:[0m [store] Loaded 4 assignments from PostgreSQL
[2m2026-03-28T14:43:21.856240Z[0m [32m INFO[0m [2msingularity_world::store[0m[2m:[0m [store] Loaded 3 schedules from PostgreSQL
[2m2026-03-28T14:43:21.856309Z[0m [32m INFO[0m [2msingularity_world::store[0m[2m:[0m [store] Loaded 1 venues from PostgreSQL
[2m2026-03-28T14:43:21.856390Z[0m [32m INFO[0m [2msingularity_world::store[0m[2m:[0m [store] Loaded 10 items from PostgreSQL
[2m2026-03-28T14:43:21.856489Z[0m [32m INFO[0m [2msingularity_world::store[0m[2m:[0m [store] Loaded 27 npc_threads from PostgreSQL
[2m2026-03-28T14:43:21.856579Z[0m [32m INFO[0m [2msingularity_world::store[0m[2m:[0m [store] 資料從 PostgreSQL 載入（主資料源）
[2m2026-03-28T14:43:21.859334Z[0m [32m INFO[0m [2msingularity_world::store[0m[2m:[0m [store] 載入完成: 0 rooms, 0 entity_room, 1 venues, 4 assignments, 3 schedules, 636 entities, 10 items, 27 threads, 0 dyads, 2087 rumors
[2m2026-03-28T14:43:21.859447Z[0m [32m INFO[0m [2msingularity_world::store[0m[2m:[0m [store] 0 個房間已同步至 PostgreSQL
[2m2026-03-28T14:43:21.859545Z[0m [32m INFO[0m [2mnpc_behavior[0m[2m:[0m loaded 18 roles from /home/tanger/Projects/singularity_world/data/npc_behaviors.json
[2m2026-03-28T14:43:21.859551Z[0m [32m INFO[0m [2mpathfind[0m[2m:[0m graph synced from store: 0 rooms, 0 directed edges
[2m2026-03-28T14:43:21.859642Z[0m [32m INFO[0m [2msingularity_world::server::run[0m[2m:[0m Rust server listening on http://0.0.0.0:1721 (WebSocket /ws)
[2m2026-03-28T14:43:21.886937Z[0m [32m INFO[0m [2msingularity_world::server::simulation_loop[0m[2m:[0m 注入事件種子: 聽回來的人講，城外的肉質籐蔓又往路邊多蔓了一些
[2m2026-03-28T14:53:22.381121Z[0m [32m INFO[0m [2msingularity_world::server::simulation_loop[0m[2m:[0m 注入事件種子: 十一樓健身區新添了幾件器材，是用富態化木材做的
[2m2026-03-28T15:03:22.870180Z[0m [32m INFO[0m [2msingularity_world::server::simulation_loop[0m[2m:[0m 注入事件種子: 有採集隊從城外回來說，霜林靠近城側的那片最近長得特別快
[2m2026-03-28T15:13:22.882725Z[0m [32m INFO[0m [2msingularity_world::server::simulation_loop[0m[2m:[0m 注入事件種子: 今早走廊牆縫裡的玉質脈絡又長了一截，紋路很好看
[2m2026-03-28T15:23:23.375468Z[0m [32m INFO[0m [2msingularity_world::server::simulation_loop[0m[2m:[0m 注入事件種子: 十六樓商區的地面接縫處冒出了細細的礦脈紋路
[2m2026-03-28T15:33:23.375629Z[0m [32m INFO[0m [2msingularity_world::server::simulation_loop[0m[2m:[0m 注入事件種子: 有人在樓下收購琉璃化的礦石碎片，出手很闊綽
[2m2026-03-28T15:43:23.378061Z[0m [32m INFO[0m [2msingularity_world::server::simulation_loop[0m[2m:[0m 注入事件種子: 今天空氣裡的膠質味比平常濃，像要變天了
[2m2026-03-28T15:53:23.872898Z[0m [32m INFO[0m [2msingularity_world::server::simulation_loop[0m[2m:[0m 注入事件種子: 三樓醫療區最近比較忙，好像是採集隊回城的季節
[2m2026-03-28T16:03:24.379895Z[0m [32m INFO[0m [2msingularity_world::server::simulation_loop[0m[2m:[0m 注入事件種子: 走廊的老長凳被根鬚纏得更穩了，坐起來比以前舒服
[2m2026-03-28T16:13:24.885129Z[0m [32m INFO[0m [2msingularity_world::server::simulation_loop[0m[2m:[0m 注入事件種子: 城外商路上的指引石被增生物覆蓋了一半，有隊伍去清理了
[2m2026-03-28T16:23:25.377861Z[0m [32m INFO[0m [2msingularity_world::server::simulation_loop[0m[2m:[0m 注入事件種子: 樓頂的蓄水設施今天開始例行清洗，水量可能會少一會兒
[2m2026-03-28T16:33:25.897100Z[0m [32m INFO[0m [2msingularity_world::server::simulation_loop[0m[2m:[0m 注入事件種子: 採集隊說城外淺層礦脈的礦石開始出現新的玉化紋理
[2m2026-03-28T16:42:54.375513Z[0m [32m INFO[0m [2mpostgres::connection[0m[2m:[0m NOTICE: extension "vector" already exists, skipping
[2m2026-03-28T16:42:54.375646Z[0m [32m INFO[0m [2mpostgres::connection[0m[2m:[0m NOTICE: relation "auth" already exists, skipping
[2m2026-03-28T16:42:54.375698Z[0m [32m INFO[0m [2mpostgres::connection[0m[2m:[0m NOTICE: relation "event_log" already exists, skipping
[2m2026-03-28T16:42:54.375859Z[0m [32m INFO[0m [2mpostgres::connection[0m[2m:[0m NOTICE: relation "idx_event_log_entity_id" already exists, skipping
[2m2026-03-28T16:42:54.375915Z[0m [32m INFO[0m [2mpostgres::connection[0m[2m:[0m NOTICE: relation "archival" already exists, skipping
[2m2026-03-28T16:42:54.375979Z[0m [32m INFO[0m [2mpostgres::connection[0m[2m:[0m NOTICE: relation "idx_archival_entity_id" already exists, skipping
[2m2026-03-28T16:42:54.376033Z[0m [32m INFO[0m [2mpostgres::connection[0m[2m:[0m NOTICE: relation "npc_memories" already exists, skipping
[2m2026-03-28T16:42:54.376080Z[0m [32m INFO[0m [2mpostgres::connection[0m[2m:[0m NOTICE: relation "npc_summaries" already exists, skipping
[2m2026-03-28T16:42:54.376122Z[0m [32m INFO[0m [2mpostgres::connection[0m[2m:[0m NOTICE: relation "npc_npc_summaries" already exists, skipping
[2m2026-03-28T16:42:54.376169Z[0m [32m INFO[0m [2mpostgres::connection[0m[2m:[0m NOTICE: relation "npc_threads" already exists, skipping
[2m2026-03-28T16:42:54.376217Z[0m [32m INFO[0m [2mpostgres::connection[0m[2m:[0m NOTICE: relation "npc_dyads" already exists, skipping
[2m2026-03-28T16:42:54.376271Z[0m [32m INFO[0m [2mpostgres::connection[0m[2m:[0m NOTICE: relation "npc_rumors" already exists, skipping
[2m2026-03-28T16:42:54.376323Z[0m [32m INFO[0m [2mpostgres::connection[0m[2m:[0m NOTICE: relation "rooms" already exists, skipping
[2m2026-03-28T16:42:54.376367Z[0m [32m INFO[0m [2mpostgres::connection[0m[2m:[0m NOTICE: relation "exits" already exists, skipping
[2m2026-03-28T16:42:54.376438Z[0m [32m INFO[0m [2mpostgres::connection[0m[2m:[0m NOTICE: relation "entities" already exists, skipping
[2m2026-03-28T16:42:54.376531Z[0m [32m INFO[0m [2mpostgres::connection[0m[2m:[0m NOTICE: column "current_activity" of relation "entities" already exists, skipping
[2m2026-03-28T16:42:54.376955Z[0m [32m INFO[0m [2mpostgres::connection[0m[2m:[0m NOTICE: relation "entity_rooms" already exists, skipping
[2m2026-03-28T16:42:54.377013Z[0m [32m INFO[0m [2mpostgres::connection[0m[2m:[0m NOTICE: relation "venues" already exists, skipping
[2m2026-03-28T16:42:54.377081Z[0m [32m INFO[0m [2mpostgres::connection[0m[2m:[0m NOTICE: relation "assignments" already exists, skipping
[2m2026-03-28T16:42:54.377151Z[0m [32m INFO[0m [2mpostgres::connection[0m[2m:[0m NOTICE: relation "idx_assignments_venue" already exists, skipping
[2m2026-03-28T16:42:54.377197Z[0m [32m INFO[0m [2mpostgres::connection[0m[2m:[0m NOTICE: relation "schedules" already exists, skipping
[2m2026-03-28T16:42:54.377249Z[0m [32m INFO[0m [2mpostgres::connection[0m[2m:[0m NOTICE: relation "items" already exists, skipping
[2m2026-03-28T16:42:54.377316Z[0m [32m INFO[0m [2mpostgres::connection[0m[2m:[0m NOTICE: column "vit_bonus" of relation "items" already exists, skipping
[2m2026-03-28T16:42:54.377698Z[0m [32m INFO[0m [2mpostgres::connection[0m[2m:[0m NOTICE: column "dex_bonus" of relation "items" already exists, skipping
[2m2026-03-28T16:42:54.378062Z[0m [32m INFO[0m [2mpostgres::connection[0m[2m:[0m NOTICE: column "atk_bonus" of relation "items" already exists, skipping
[2m2026-03-28T16:42:54.378434Z[0m [32m INFO[0m [2mpostgres::connection[0m[2m:[0m NOTICE: relation "world_lexicon" already exists, skipping
[2m2026-03-28T16:42:54.378480Z[0m [32m INFO[0m [2mpostgres::connection[0m[2m:[0m NOTICE: relation "word_element_embeddings" already exists, skipping
[2m2026-03-28T16:42:54.378487Z[0m [32m INFO[0m [2msingularity_world::store[0m[2m:[0m [store] PostgreSQL 連線池已初始化: postgres://postgres:singularity@localhost:5432/singularity
[2m2026-03-28T16:42:54.379669Z[0m [32m INFO[0m [2msingularity_world::store[0m[2m:[0m [store] Loaded 636 entities from PostgreSQL
[2m2026-03-28T16:42:54.379833Z[0m [32m INFO[0m [2msingularity_world::store[0m[2m:[0m [store] Loaded 320 entity_rooms from PostgreSQL
[2m2026-03-28T16:42:54.379921Z[0m [32m INFO[0m [2msingularity_world::store[0m[2m:[0m [store] Loaded 4 assignments from PostgreSQL
[2m2026-03-28T16:42:54.379994Z[0m [32m INFO[0m [2msingularity_world::store[0m[2m:[0m [store] Loaded 3 schedules from PostgreSQL
[2m2026-03-28T16:42:54.380063Z[0m [32m INFO[0m [2msingularity_world::store[0m[2m:[0m [store] Loaded 1 venues from PostgreSQL
[2m2026-03-28T16:42:54.380173Z[0m [32m INFO[0m [2msingularity_world::store[0m[2m:[0m [store] Loaded 10 items from PostgreSQL
[2m2026-03-28T16:42:54.380276Z[0m [32m INFO[0m [2msingularity_world::store[0m[2m:[0m [store] Loaded 27 npc_threads from PostgreSQL
[2m2026-03-28T16:42:54.380365Z[0m [32m INFO[0m [2msingularity_world::store[0m[2m:[0m [store] 資料從 PostgreSQL 載入（主資料源）
[2m2026-03-28T16:42:54.382589Z[0m [32m INFO[0m [2msingularity_world::store[0m[2m:[0m [store] 載入完成: 694 rooms, 320 entity_room, 1 venues, 4 assignments, 3 schedules, 636 entities, 10 items, 27 threads, 0 dyads, 2100 rumors
[2m2026-03-28T16:42:54.519402Z[0m [32m INFO[0m [2msingularity_world::store[0m[2m:[0m [store] 694 個房間已同步至 PostgreSQL
[2m2026-03-28T16:42:54.519586Z[0m [32m INFO[0m [2mnpc_behavior[0m[2m:[0m loaded 18 roles from /home/tanger/Projects/singularity_world/data/npc_behaviors.json
[2m2026-03-28T16:42:54.520045Z[0m [32m INFO[0m [2mpathfind[0m[2m:[0m graph synced from store: 694 rooms, 1574 directed edges
[2m2026-03-28T16:42:54.520282Z[0m [32m INFO[0m [2msingularity_world::server::run[0m[2m:[0m Rust server listening on http://0.0.0.0:1721 (WebSocket /ws)
[2m2026-03-28T16:42:54.553435Z[0m [32m INFO[0m [2msingularity_world::server::simulation_loop[0m[2m:[0m 注入事件種子: 電梯間排了好長的隊，聽說中間幾層在做維護
[2m2026-03-28T16:52:55.049390Z[0m [32m INFO[0m [2msingularity_world::server::simulation_loop[0m[2m:[0m 注入事件種子: 樓頂的蓄水設施今天開始例行清洗，水量可能會少一會兒
[2m2026-03-28T17:02:55.044283Z[0m [32m INFO[0m [2msingularity_world::server::simulation_loop[0m[2m:[0m 注入事件種子: 有人從低樓層看到遠處林冠線在晃動，可能是大型生物經過
[2m2026-03-28T17:12:55.543633Z[0m [32m INFO[0m [2msingularity_world::server::simulation_loop[0m[2m:[0m 注入事件種子: 市集今天來了一批品相很好的玉質木材，攤販搶著進貨
[2m2026-03-28T17:22:55.549643Z[0m [32m INFO[0m [2msingularity_world::server::simulation_loop[0m[2m:[0m 注入事件種子: 城外商路上的指引石被增生物覆蓋了一半，有隊伍去清理了
[2m2026-03-28T17:32:55.549785Z[0m [32m INFO[0m [2msingularity_world::server::simulation_loop[0m[2m:[0m 注入事件種子: 有人在樓下收購琉璃化的礦石碎片，出手很闊綽
[2m2026-03-28T17:42:55.551595Z[0m [32m INFO[0m [2msingularity_world::server::simulation_loop[0m[2m:[0m 注入事件種子: 今天空氣裡的膠質味比平常濃，像要變天了
[2m2026-03-28T17:52:56.036253Z[0m [32m INFO[0m [2msingularity_world::server::simulation_loop[0m[2m:[0m 注入事件種子: 今天的游離輻射塵好像比平常多一些，空氣裡有淡淡的粉光
[2m2026-03-28T18:02:56.531398Z[0m [32m INFO[0m [2msingularity_world::server::simulation_loop[0m[2m:[0m 注入事件種子: 聽說好事多的批發價又調了，最近物流好像不太順
[2m2026-03-28T18:12:57.036127Z[0m [32m INFO[0m [2msingularity_world::server::simulation_loop[0m[2m:[0m 注入事件種子: 今早走廊牆縫裡的玉質脈絡又長了一截，紋路很好看
[2m2026-03-28T18:22:57.539038Z[0m [32m INFO[0m [2msingularity_world::server::simulation_loop[0m[2m:[0m 注入事件種子: 遠處的地脈微光今晚比平常亮一些，淡綠色的
[2m2026-03-28T18:32:57.538180Z[0m [32m INFO[0m [2msingularity_world::server::simulation_loop[0m[2m:[0m 注入事件種子: 十一樓健身區新添了幾件器材，是用富態化木材做的
[2m2026-03-28T18:42:58.042432Z[0m [32m INFO[0m [2msingularity_world::server::simulation_loop[0m[2m:[0m 注入事件種子: 最近幾天金屬器具的表面都浮了一層淡淡的礦脈紋路
[2m2026-03-28T18:52:58.545630Z[0m [32m INFO[0m [2msingularity_world::server::simulation_loop[0m[2m:[0m 注入事件種子: 十六樓的某面牆突然長出了一小片琉璃化的結晶，很漂亮
[2m2026-03-28T19:02:59.033864Z[0m [32m INFO[0m [2msingularity_world::server::simulation_loop[0m[2m:[0m 注入事件種子: 加了福的肉質蔬果到貨了，今天特別新鮮
[2m2026-03-28T19:12:59.535377Z[0m [32m INFO[0m [2msingularity_world::server::simulation_loop[0m[2m:[0m 注入事件種子: 有人說聽見了低樓層的結構在微微嗡鳴，像建築在呼吸
[2m2026-03-28T19:22:59.554397Z[0m [32m INFO[0m [2msingularity_world::server::simulation_loop[0m[2m:[0m 注入事件種子: 藥材價格穩著，但品種比上個月少了幾樣
[2m2026-03-28T19:33:00.037447Z[0m [32m INFO[0m [2msingularity_world::server::simulation_loop[0m[2m:[0m 注入事件種子: 聽回來的人講，城外的肉質籐蔓又往路邊多蔓了一些
[2m2026-03-28T19:43:00.538381Z[0m [32m INFO[0m [2msingularity_world::server::simulation_loop[0m[2m:[0m 注入事件種子: 三樓醫療區最近比較忙，好像是採集隊回城的季節
[2m2026-03-28T19:53:01.038270Z[0m [32m INFO[0m [2msingularity_world::server::simulation_loop[0m[2m:[0m 注入事件種子: 打鐵巷最近接了不少單，聽說是採集隊的工具要換新
[2m2026-03-28T20:03:01.541493Z[0m [32m INFO[0m [2msingularity_world::server::simulation_loop[0m[2m:[0m 注入事件種子: 有住戶搬家了，留下的房間牆上全是根鬚攀痕，挺有意思的
[2m2026-03-28T20:13:02.033912Z[0m [32m INFO[0m [2msingularity_world::server::simulation_loop[0m[2m:[0m 注入事件種子: 採集隊說城外淺層礦脈的礦石開始出現新的玉化紋理
[2m2026-03-28T20:23:02.538691Z[0m [32m INFO[0m [2msingularity_world::server::simulation_loop[0m[2m:[0m 注入事件種子: 有採集隊從城外回來說，霜林靠近城側的那片最近長得特別快
[2m2026-03-28T20:33:03.036842Z[0m [32m INFO[0m [2msingularity_world::server::simulation_loop[0m[2m:[0m 注入事件種子: 昨晚牆面的玉質脈絡突然閃了一下暗紫色的光，只持續了幾秒
[2m2026-03-28T20:43:03.037941Z[0m [32m INFO[0m [2msingularity_world::server::simulation_loop[0m[2m:[0m 注入事件種子: 有住戶說家裡石板縫長出了新的發光菌絲，紫綠色的
[2m2026-03-28T20:53:03.049611Z[0m [32m INFO[0m [2msingularity_world::server::simulation_loop[0m[2m:[0m 注入事件種子: 樓梯間的菌絲光昨晚特別亮，是琥珀色的
[2m2026-03-28T21:03:03.532204Z[0m [32m INFO[0m [2msingularity_world::server::simulation_loop[0m[2m:[0m 注入事件種子: 凌晨在窗邊能看到遠處地脈的微光隱約在脈動，像心跳一樣
[2m2026-03-28T21:13:04.062826Z[0m [32m INFO[0m [2msingularity_world::server::simulation_loop[0m[2m:[0m 注入事件種子: 十六樓商區的地面接縫處冒出了細細的礦脈紋路
[2m2026-03-28T21:23:04.547339Z[0m [32m INFO[0m [2msingularity_world::server::simulation_loop[0m[2m:[0m 注入事件種子: 走廊的老長凳被根鬚纏得更穩了，坐起來比以前舒服
[2m2026-03-28T21:33:04.569312Z[0m [32m INFO[0m [2msingularity_world::server::simulation_loop[0m[2m:[0m 注入事件種子: 五樓那戶陽台的根鬚盤得更緊了，看著倒是挺穩的
[2m2026-03-29T00:49:30.522706Z[0m [32m INFO[0m [2mpostgres::connection[0m[2m:[0m NOTICE: extension "vector" already exists, skipping
[2m2026-03-29T00:49:30.522927Z[0m [32m INFO[0m [2mpostgres::connection[0m[2m:[0m NOTICE: relation "auth" already exists, skipping
[2m2026-03-29T00:49:30.523051Z[0m [32m INFO[0m [2mpostgres::connection[0m[2m:[0m NOTICE: relation "event_log" already exists, skipping
[2m2026-03-29T00:49:30.523314Z[0m [32m INFO[0m [2mpostgres::connection[0m[2m:[0m NOTICE: relation "idx_event_log_entity_id" already exists, skipping
[2m2026-03-29T00:49:30.523389Z[0m [32m INFO[0m [2mpostgres::connection[0m[2m:[0m NOTICE: relation "archival" already exists, skipping
[2m2026-03-29T00:49:30.523479Z[0m [32m INFO[0m [2mpostgres::connection[0m[2m:[0m NOTICE: relation "idx_archival_entity_id" already exists, skipping
[2m2026-03-29T00:49:30.523543Z[0m [32m INFO[0m [2mpostgres::connection[0m[2m:[0m NOTICE: relation "npc_memories" already exists, skipping
[2m2026-03-29T00:49:30.523629Z[0m [32m INFO[0m [2mpostgres::connection[0m[2m:[0m NOTICE: relation "npc_summaries" already exists, skipping
[2m2026-03-29T00:49:30.523686Z[0m [32m INFO[0m [2mpostgres::connection[0m[2m:[0m NOTICE: relation "npc_npc_summaries" already exists, skipping
[2m2026-03-29T00:49:30.523741Z[0m [32m INFO[0m [2mpostgres::connection[0m[2m:[0m NOTICE: relation "npc_threads" already exists, skipping
[2m2026-03-29T00:49:30.523795Z[0m [32m INFO[0m [2mpostgres::connection[0m[2m:[0m NOTICE: relation "npc_dyads" already exists, skipping
[2m2026-03-29T00:49:30.523856Z[0m [32m INFO[0m [2mpostgres::connection[0m[2m:[0m NOTICE: relation "npc_rumors" already exists, skipping
[2m2026-03-29T00:49:30.523912Z[0m [32m INFO[0m [2mpostgres::connection[0m[2m:[0m NOTICE: relation "rooms" already exists, skipping
[2m2026-03-29T00:49:30.523960Z[0m [32m INFO[0m [2mpostgres::connection[0m[2m:[0m NOTICE: relation "exits" already exists, skipping
[2m2026-03-29T00:49:30.524049Z[0m [32m INFO[0m [2mpostgres::connection[0m[2m:[0m NOTICE: relation "entities" already exists, skipping
[2m2026-03-29T00:49:30.524168Z[0m [32m INFO[0m [2mpostgres::connection[0m[2m:[0m NOTICE: column "current_activity" of relation "entities" already exists, skipping
[2m2026-03-29T00:49:30.524610Z[0m [32m INFO[0m [2mpostgres::connection[0m[2m:[0m NOTICE: relation "entity_rooms" already exists, skipping
[2m2026-03-29T00:49:30.524664Z[0m [32m INFO[0m [2mpostgres::connection[0m[2m:[0m NOTICE: relation "venues" already exists, skipping
[2m2026-03-29T00:49:30.524716Z[0m [32m INFO[0m [2mpostgres::connection[0m[2m:[0m NOTICE: relation "assignments" already exists, skipping
[2m2026-03-29T00:49:30.524790Z[0m [32m INFO[0m [2mpostgres::connection[0m[2m:[0m NOTICE: relation "idx_assignments_venue" already exists, skipping
[2m2026-03-29T00:49:30.524841Z[0m [32m INFO[0m [2mpostgres::connection[0m[2m:[0m NOTICE: relation "schedules" already exists, skipping
[2m2026-03-29T00:49:30.524898Z[0m [32m INFO[0m [2mpostgres::connection[0m[2m:[0m NOTICE: relation "items" already exists, skipping
[2m2026-03-29T00:49:30.524966Z[0m [32m INFO[0m [2mpostgres::connection[0m[2m:[0m NOTICE: column "vit_bonus" of relation "items" already exists, skipping
[2m2026-03-29T00:49:30.525360Z[0m [32m INFO[0m [2mpostgres::connection[0m[2m:[0m NOTICE: column "dex_bonus" of relation "items" already exists, skipping
[2m2026-03-29T00:49:30.525738Z[0m [32m INFO[0m [2mpostgres::connection[0m[2m:[0m NOTICE: column "atk_bonus" of relation "items" already exists, skipping
[2m2026-03-29T00:49:30.526163Z[0m [32m INFO[0m [2mpostgres::connection[0m[2m:[0m NOTICE: relation "world_lexicon" already exists, skipping
[2m2026-03-29T00:49:30.526271Z[0m [32m INFO[0m [2mpostgres::connection[0m[2m:[0m NOTICE: relation "word_element_embeddings" already exists, skipping
[2m2026-03-29T00:49:30.526282Z[0m [32m INFO[0m [2msingularity_world::store[0m[2m:[0m [store] PostgreSQL 連線池已初始化: postgres://postgres:singularity@localhost:5432/singularity
[2m2026-03-29T00:49:30.527919Z[0m [32m INFO[0m [2msingularity_world::store[0m[2m:[0m [store] Loaded 663 entities from PostgreSQL
[2m2026-03-29T00:49:30.528229Z[0m [32m INFO[0m [2msingularity_world::store[0m[2m:[0m [store] Loaded 347 entity_rooms from PostgreSQL
[2m2026-03-29T00:49:30.528344Z[0m [32m INFO[0m [2msingularity_world::store[0m[2m:[0m [store] Loaded 4 assignments from PostgreSQL
[2m2026-03-29T00:49:30.528430Z[0m [32m INFO[0m [2msingularity_world::store[0m[2m:[0m [store] Loaded 3 schedules from PostgreSQL
[2m2026-03-29T00:49:30.528510Z[0m [32m INFO[0m [2msingularity_world::store[0m[2m:[0m [store] Loaded 1 venues from PostgreSQL
[2m2026-03-29T00:49:30.528609Z[0m [32m INFO[0m [2msingularity_world::store[0m[2m:[0m [store] Loaded 10 items from PostgreSQL
[2m2026-03-29T00:49:30.528719Z[0m [32m INFO[0m [2msingularity_world::store[0m[2m:[0m [store] Loaded 27 npc_threads from PostgreSQL
[2m2026-03-29T00:49:30.528820Z[0m [32m INFO[0m [2msingularity_world::store[0m[2m:[0m [store] 資料從 PostgreSQL 載入（主資料源）
[2m2026-03-29T00:49:30.531127Z[0m [32m INFO[0m [2msingularity_world::store[0m[2m:[0m [store] 載入完成: 694 rooms, 347 entity_room, 1 venues, 4 assignments, 3 schedules, 663 entities, 10 items, 27 threads, 0 dyads, 2172 rumors
[2m2026-03-29T00:49:30.688983Z[0m [32m INFO[0m [2msingularity_world::store[0m[2m:[0m [store] 694 個房間已同步至 PostgreSQL
[2m2026-03-29T00:49:30.689188Z[0m [32m INFO[0m [2mnpc_behavior[0m[2m:[0m loaded 18 roles from /home/tanger/Projects/singularity_world/data/npc_behaviors.json
[2m2026-03-29T00:49:30.689684Z[0m [32m INFO[0m [2mpathfind[0m[2m:[0m graph synced from store: 694 rooms, 1574 directed edges
[2m2026-03-29T00:49:30.689924Z[0m [32m INFO[0m [2msingularity_world::server::run[0m[2m:[0m Rust server listening on http://0.0.0.0:1721 (WebSocket /ws)
[2m2026-03-29T00:49:30.726739Z[0m [32m INFO[0m [2msingularity_world::server::simulation_loop[0m[2m:[0m 注入事件種子: 今天空氣裡的膠質味比平常濃，像要變天了
[2m2026-03-29T00:53:52.187731Z[0m [32m INFO[0m [2mpostgres::connection[0m[2m:[0m NOTICE: extension "vector" already exists, skipping
[2m2026-03-29T00:53:52.187913Z[0m [32m INFO[0m [2mpostgres::connection[0m[2m:[0m NOTICE: relation "auth" already exists, skipping
[2m2026-03-29T00:53:52.187986Z[0m [32m INFO[0m [2mpostgres::connection[0m[2m:[0m NOTICE: relation "event_log" already exists, skipping
[2m2026-03-29T00:53:52.188187Z[0m [32m INFO[0m [2mpostgres::connection[0m[2m:[0m NOTICE: relation "idx_event_log_entity_id" already exists, skipping
[2m2026-03-29T00:53:52.188260Z[0m [32m INFO[0m [2mpostgres::connection[0m[2m:[0m NOTICE: relation "archival" already exists, skipping
[2m2026-03-29T00:53:52.188336Z[0m [32m INFO[0m [2mpostgres::connection[0m[2m:[0m NOTICE: relation "idx_archival_entity_id" already exists, skipping
[2m2026-03-29T00:53:52.188412Z[0m [32m INFO[0m [2mpostgres::connection[0m[2m:[0m NOTICE: relation "npc_memories" already exists, skipping
[2m2026-03-29T00:53:52.188460Z[0m [32m INFO[0m [2mpostgres::connection[0m[2m:[0m NOTICE: relation "npc_summaries" already exists, skipping
[2m2026-03-29T00:53:52.188512Z[0m [32m INFO[0m [2mpostgres::connection[0m[2m:[0m NOTICE: relation "npc_npc_summaries" already exists, skipping
[2m2026-03-29T00:53:52.188564Z[0m [32m INFO[0m [2mpostgres::connection[0m[2m:[0m NOTICE: relation "npc_threads" already exists, skipping
[2m2026-03-29T00:53:52.188617Z[0m [32m INFO[0m [2mpostgres::connection[0m[2m:[0m NOTICE: relation "npc_dyads" already exists, skipping
[2m2026-03-29T00:53:52.188680Z[0m [32m INFO[0m [2mpostgres::connection[0m[2m:[0m NOTICE: relation "npc_rumors" already exists, skipping
[2m2026-03-29T00:53:52.188736Z[0m [32m INFO[0m [2mpostgres::connection[0m[2m:[0m NOTICE: relation "rooms" already exists, skipping
[2m2026-03-29T00:53:52.188784Z[0m [32m INFO[0m [2mpostgres::connection[0m[2m:[0m NOTICE: relation "exits" already exists, skipping
[2m2026-03-29T00:53:52.188865Z[0m [32m INFO[0m [2mpostgres::connection[0m[2m:[0m NOTICE: relation "entities" already exists, skipping
[2m2026-03-29T00:53:52.188968Z[0m [32m INFO[0m [2mpostgres::connection[0m[2m:[0m NOTICE: column "current_activity" of relation "entities" already exists, skipping
[2m2026-03-29T00:53:52.189407Z[0m [32m INFO[0m [2mpostgres::connection[0m[2m:[0m NOTICE: relation "entity_rooms" already exists, skipping
[2m2026-03-29T00:53:52.189462Z[0m [32m INFO[0m [2mpostgres::connection[0m[2m:[0m NOTICE: relation "venues" already exists, skipping
[2m2026-03-29T00:53:52.189511Z[0m [32m INFO[0m [2mpostgres::connection[0m[2m:[0m NOTICE: relation "assignments" already exists, skipping
[2m2026-03-29T00:53:52.189583Z[0m [32m INFO[0m [2mpostgres::connection[0m[2m:[0m NOTICE: relation "idx_assignments_venue" already exists, skipping
[2m2026-03-29T00:53:52.189634Z[0m [32m INFO[0m [2mpostgres::connection[0m[2m:[0m NOTICE: relation "schedules" already exists, skipping
[2m2026-03-29T00:53:52.189691Z[0m [32m INFO[0m [2mpostgres::connection[0m[2m:[0m NOTICE: relation "items" already exists, skipping
[2m2026-03-29T00:53:52.189760Z[0m [32m INFO[0m [2mpostgres::connection[0m[2m:[0m NOTICE: column "vit_bonus" of relation "items" already exists, skipping
[2m2026-03-29T00:53:52.190155Z[0m [32m INFO[0m [2mpostgres::connection[0m[2m:[0m NOTICE: column "dex_bonus" of relation "items" already exists, skipping
[2m2026-03-29T00:53:52.190526Z[0m [32m INFO[0m [2mpostgres::connection[0m[2m:[0m NOTICE: column "atk_bonus" of relation "items" already exists, skipping
[2m2026-03-29T00:53:52.200113Z[0m [32m INFO[0m [2mpostgres::connection[0m[2m:[0m NOTICE: relation "world_lexicon" already exists, skipping
[2m2026-03-29T00:53:52.200177Z[0m [32m INFO[0m [2mpostgres::connection[0m[2m:[0m NOTICE: relation "word_element_embeddings" already exists, skipping
[2m2026-03-29T00:53:52.200186Z[0m [32m INFO[0m [2msingularity_world::store[0m[2m:[0m [store] PostgreSQL 連線池已初始化: postgres://postgres:singularity@localhost:5432/singularity
[2m2026-03-29T00:53:52.201743Z[0m [32m INFO[0m [2msingularity_world::store[0m[2m:[0m [store] Loaded 663 entities from PostgreSQL
[2m2026-03-29T00:53:52.202029Z[0m [32m INFO[0m [2msingularity_world::store[0m[2m:[0m [store] Loaded 348 entity_rooms from PostgreSQL
[2m2026-03-29T00:53:52.202181Z[0m [32m INFO[0m [2msingularity_world::store[0m[2m:[0m [store] Loaded 4 assignments from PostgreSQL
[2m2026-03-29T00:53:52.202277Z[0m [32m INFO[0m [2msingularity_world::store[0m[2m:[0m [store] Loaded 3 schedules from PostgreSQL
[2m2026-03-29T00:53:52.202366Z[0m [32m INFO[0m [2msingularity_world::store[0m[2m:[0m [store] Loaded 1 venues from PostgreSQL
[2m2026-03-29T00:53:52.202533Z[0m [32m INFO[0m [2msingularity_world::store[0m[2m:[0m [store] Loaded 10 items from PostgreSQL
[2m2026-03-29T00:53:52.202671Z[0m [32m INFO[0m [2msingularity_world::store[0m[2m:[0m [store] Loaded 27 npc_threads from PostgreSQL
[2m2026-03-29T00:53:52.202786Z[0m [32m INFO[0m [2msingularity_world::store[0m[2m:[0m [store] 資料從 PostgreSQL 載入（主資料源）
[2m2026-03-29T00:53:52.205357Z[0m [32m INFO[0m [2msingularity_world::store[0m[2m:[0m [store] 載入完成: 694 rooms, 348 entity_room, 1 venues, 4 assignments, 3 schedules, 663 entities, 10 items, 27 threads, 0 dyads, 2173 rumors
[2m2026-03-29T00:53:52.362031Z[0m [32m INFO[0m [2msingularity_world::store[0m[2m:[0m [store] 694 個房間已同步至 PostgreSQL
[2m2026-03-29T00:53:52.362252Z[0m [32m INFO[0m [2mnpc_behavior[0m[2m:[0m loaded 18 roles from /home/tanger/Projects/singularity_world/data/npc_behaviors.json
[2m2026-03-29T00:53:52.362732Z[0m [32m INFO[0m [2mpathfind[0m[2m:[0m graph synced from store: 694 rooms, 1574 directed edges
[2m2026-03-29T00:53:52.362974Z[0m [32m INFO[0m [2msingularity_world::server::run[0m[2m:[0m Rust server listening on http://0.0.0.0:1721 (WebSocket /ws)
[2m2026-03-29T00:53:52.392673Z[0m [32m INFO[0m [2msingularity_world::server::simulation_loop[0m[2m:[0m 注入事件種子: 遠處的地脈微光今晚比平常亮一些，淡綠色的
[2m2026-03-29T01:03:11.086481Z[0m [32m INFO[0m [2mpostgres::connection[0m[2m:[0m NOTICE: extension "vector" already exists, skipping
[2m2026-03-29T01:03:11.086799Z[0m [32m INFO[0m [2mpostgres::connection[0m[2m:[0m NOTICE: relation "auth" already exists, skipping
[2m2026-03-29T01:03:11.086869Z[0m [32m INFO[0m [2mpostgres::connection[0m[2m:[0m NOTICE: relation "event_log" already exists, skipping
[2m2026-03-29T01:03:11.087080Z[0m [32m INFO[0m [2mpostgres::connection[0m[2m:[0m NOTICE: relation "idx_event_log_entity_id" already exists, skipping
[2m2026-03-29T01:03:11.087194Z[0m [32m INFO[0m [2mpostgres::connection[0m[2m:[0m NOTICE: relation "archival" already exists, skipping
[2m2026-03-29T01:03:11.087307Z[0m [32m INFO[0m [2mpostgres::connection[0m[2m:[0m NOTICE: relation "idx_archival_entity_id" already exists, skipping
[2m2026-03-29T01:03:11.087383Z[0m [32m INFO[0m [2mpostgres::connection[0m[2m:[0m NOTICE: relation "npc_memories" already exists, skipping
[2m2026-03-29T01:03:11.087435Z[0m [32m INFO[0m [2mpostgres::connection[0m[2m:[0m NOTICE: relation "npc_summaries" already exists, skipping
[2m2026-03-29T01:03:11.087487Z[0m [32m INFO[0m [2mpostgres::connection[0m[2m:[0m NOTICE: relation "npc_npc_summaries" already exists, skipping
[2m2026-03-29T01:03:11.087543Z[0m [32m INFO[0m [2mpostgres::connection[0m[2m:[0m NOTICE: relation "npc_threads" already exists, skipping
[2m2026-03-29T01:03:11.087604Z[0m [32m INFO[0m [2mpostgres::connection[0m[2m:[0m NOTICE: relation "npc_dyads" already exists, skipping
[2m2026-03-29T01:03:11.087666Z[0m [32m INFO[0m [2mpostgres::connection[0m[2m:[0m NOTICE: relation "npc_rumors" already exists, skipping
[2m2026-03-29T01:03:11.087729Z[0m [32m INFO[0m [2mpostgres::connection[0m[2m:[0m NOTICE: relation "rooms" already exists, skipping
[2m2026-03-29T01:03:11.087783Z[0m [32m INFO[0m [2mpostgres::connection[0m[2m:[0m NOTICE: relation "exits" already exists, skipping
[2m2026-03-29T01:03:11.087869Z[0m [32m INFO[0m [2mpostgres::connection[0m[2m:[0m NOTICE: relation "entities" already exists, skipping
[2m2026-03-29T01:03:11.088015Z[0m [32m INFO[0m [2mpostgres::connection[0m[2m:[0m NOTICE: column "current_activity" of relation "entities" already exists, skipping
[2m2026-03-29T01:03:11.088473Z[0m [32m INFO[0m [2mpostgres::connection[0m[2m:[0m NOTICE: relation "entity_rooms" already exists, skipping
[2m2026-03-29T01:03:11.088550Z[0m [32m INFO[0m [2mpostgres::connection[0m[2m:[0m NOTICE: relation "venues" already exists, skipping
[2m2026-03-29T01:03:11.088606Z[0m [32m INFO[0m [2mpostgres::connection[0m[2m:[0m NOTICE: relation "assignments" already exists, skipping
[2m2026-03-29T01:03:11.088693Z[0m [32m INFO[0m [2mpostgres::connection[0m[2m:[0m NOTICE: relation "idx_assignments_venue" already exists, skipping
[2m2026-03-29T01:03:11.088750Z[0m [32m INFO[0m [2mpostgres::connection[0m[2m:[0m NOTICE: relation "schedules" already exists, skipping
[2m2026-03-29T01:03:11.088823Z[0m [32m INFO[0m [2mpostgres::connection[0m[2m:[0m NOTICE: relation "items" already exists, skipping
[2m2026-03-29T01:03:11.088896Z[0m [32m INFO[0m [2mpostgres::connection[0m[2m:[0m NOTICE: column "vit_bonus" of relation "items" already exists, skipping
[2m2026-03-29T01:03:11.089304Z[0m [32m INFO[0m [2mpostgres::connection[0m[2m:[0m NOTICE: column "dex_bonus" of relation "items" already exists, skipping
[2m2026-03-29T01:03:11.089696Z[0m [32m INFO[0m [2mpostgres::connection[0m[2m:[0m NOTICE: column "atk_bonus" of relation "items" already exists, skipping
[2m2026-03-29T01:03:11.090157Z[0m [32m INFO[0m [2mpostgres::connection[0m[2m:[0m NOTICE: relation "world_lexicon" already exists, skipping
[2m2026-03-29T01:03:11.090216Z[0m [32m INFO[0m [2mpostgres::connection[0m[2m:[0m NOTICE: relation "word_element_embeddings" already exists, skipping
[2m2026-03-29T01:03:11.090224Z[0m [32m INFO[0m [2msingularity_world::store[0m[2m:[0m [store] PostgreSQL 連線池已初始化: postgres://postgres:singularity@localhost:5432/singularity
[2m2026-03-29T01:03:11.091706Z[0m [32m INFO[0m [2msingularity_world::store[0m[2m:[0m [store] Loaded 663 entities from PostgreSQL
[2m2026-03-29T01:03:11.091975Z[0m [32m INFO[0m [2msingularity_world::store[0m[2m:[0m [store] Loaded 348 entity_rooms from PostgreSQL
[2m2026-03-29T01:03:11.092093Z[0m [32m INFO[0m [2msingularity_world::store[0m[2m:[0m [store] Loaded 4 assignments from PostgreSQL
[2m2026-03-29T01:03:11.092199Z[0m [32m INFO[0m [2msingularity_world::store[0m[2m:[0m [store] Loaded 3 schedules from PostgreSQL
[2m2026-03-29T01:03:11.092288Z[0m [32m INFO[0m [2msingularity_world::store[0m[2m:[0m [store] Loaded 1 venues from PostgreSQL
[2m2026-03-29T01:03:11.092389Z[0m [32m INFO[0m [2msingularity_world::store[0m[2m:[0m [store] Loaded 10 items from PostgreSQL
[2m2026-03-29T01:03:11.092505Z[0m [32m INFO[0m [2msingularity_world::store[0m[2m:[0m [store] Loaded 27 npc_threads from PostgreSQL
[2m2026-03-29T01:03:11.092616Z[0m [32m INFO[0m [2msingularity_world::store[0m[2m:[0m [store] 資料從 PostgreSQL 載入（主資料源）
[2m2026-03-29T01:03:11.095062Z[0m [32m INFO[0m [2msingularity_world::store[0m[2m:[0m [store] 載入完成: 694 rooms, 348 entity_room, 1 venues, 4 assignments, 3 schedules, 663 entities, 10 items, 27 threads, 0 dyads, 2174 rumors
[2m2026-03-29T01:03:11.245441Z[0m [32m INFO[0m [2msingularity_world::store[0m[2m:[0m [store] 694 個房間已同步至 PostgreSQL
[2m2026-03-29T01:03:11.245635Z[0m [32m INFO[0m [2mnpc_behavior[0m[2m:[0m loaded 18 roles from /home/tanger/Projects/singularity_world/data/npc_behaviors.json
[2m2026-03-29T01:03:11.246127Z[0m [32m INFO[0m [2mpathfind[0m[2m:[0m graph synced from store: 694 rooms, 1574 directed edges
[2m2026-03-29T01:03:11.246367Z[0m [32m INFO[0m [2msingularity_world::server::run[0m[2m:[0m Rust server listening on http://0.0.0.0:1721 (WebSocket /ws)
[2m2026-03-29T01:03:11.279304Z[0m [32m INFO[0m [2msingularity_world::server::simulation_loop[0m[2m:[0m 注入事件種子: 樓頂的蓄水設施今天開始例行清洗，水量可能會少一會兒
[2m2026-03-29T01:13:11.772839Z[0m [32m INFO[0m [2msingularity_world::server::simulation_loop[0m[2m:[0m 注入事件種子: 有採集隊從城外回來說，霜林靠近城側的那片最近長得特別快
[2m2026-03-29T01:22:38.332548Z[0m [32m INFO[0m [2mpostgres::connection[0m[2m:[0m NOTICE: extension "vector" already exists, skipping
[2m2026-03-29T01:22:38.332832Z[0m [32m INFO[0m [2mpostgres::connection[0m[2m:[0m NOTICE: relation "auth" already exists, skipping
[2m2026-03-29T01:22:38.332964Z[0m [32m INFO[0m [2mpostgres::connection[0m[2m:[0m NOTICE: relation "event_log" already exists, skipping
[2m2026-03-29T01:22:38.333277Z[0m [32m INFO[0m [2mpostgres::connection[0m[2m:[0m NOTICE: relation "idx_event_log_entity_id" already exists, skipping
[2m2026-03-29T01:22:38.333387Z[0m [32m INFO[0m [2mpostgres::connection[0m[2m:[0m NOTICE: relation "archival" already exists, skipping
[2m2026-03-29T01:22:38.333480Z[0m [32m INFO[0m [2mpostgres::connection[0m[2m:[0m NOTICE: relation "idx_archival_entity_id" already exists, skipping
[2m2026-03-29T01:22:38.333554Z[0m [32m INFO[0m [2mpostgres::connection[0m[2m:[0m NOTICE: relation "npc_memories" already exists, skipping
[2m2026-03-29T01:22:38.333619Z[0m [32m INFO[0m [2mpostgres::connection[0m[2m:[0m NOTICE: relation "npc_summaries" already exists, skipping
[2m2026-03-29T01:22:38.333732Z[0m [32m INFO[0m [2mpostgres::connection[0m[2m:[0m NOTICE: relation "npc_npc_summaries" already exists, skipping
[2m2026-03-29T01:22:38.333809Z[0m [32m INFO[0m [2mpostgres::connection[0m[2m:[0m NOTICE: relation "npc_threads" already exists, skipping
[2m2026-03-29T01:22:38.333877Z[0m [32m INFO[0m [2mpostgres::connection[0m[2m:[0m NOTICE: relation "npc_dyads" already exists, skipping
[2m2026-03-29T01:22:38.333966Z[0m [32m INFO[0m [2mpostgres::connection[0m[2m:[0m NOTICE: relation "npc_rumors" already exists, skipping
[2m2026-03-29T01:22:38.334043Z[0m [32m INFO[0m [2mpostgres::connection[0m[2m:[0m NOTICE: relation "rooms" already exists, skipping
[2m2026-03-29T01:22:38.334111Z[0m [32m INFO[0m [2mpostgres::connection[0m[2m:[0m NOTICE: relation "exits" already exists, skipping
[2m2026-03-29T01:22:38.334295Z[0m [32m INFO[0m [2mpostgres::connection[0m[2m:[0m NOTICE: relation "entities" already exists, skipping
[2m2026-03-29T01:22:38.334451Z[0m [32m INFO[0m [2mpostgres::connection[0m[2m:[0m NOTICE: column "current_activity" of relation "entities" already exists, skipping
[2m2026-03-29T01:22:38.334999Z[0m [32m INFO[0m [2mpostgres::connection[0m[2m:[0m NOTICE: relation "entity_rooms" already exists, skipping
[2m2026-03-29T01:22:38.335098Z[0m [32m INFO[0m [2mpostgres::connection[0m[2m:[0m NOTICE: relation "venues" already exists, skipping
[2m2026-03-29T01:22:38.335240Z[0m [32m INFO[0m [2mpostgres::connection[0m[2m:[0m NOTICE: relation "assignments" already exists, skipping
[2m2026-03-29T01:22:38.335354Z[0m [32m INFO[0m [2mpostgres::connection[0m[2m:[0m NOTICE: relation "idx_assignments_venue" already exists, skipping
[2m2026-03-29T01:22:38.335422Z[0m [32m INFO[0m [2mpostgres::connection[0m[2m:[0m NOTICE: relation "schedules" already exists, skipping
[2m2026-03-29T01:22:38.335492Z[0m [32m INFO[0m [2mpostgres::connection[0m[2m:[0m NOTICE: relation "items" already exists, skipping
[2m2026-03-29T01:22:38.335585Z[0m [32m INFO[0m [2mpostgres::connection[0m[2m:[0m NOTICE: column "vit_bonus" of relation "items" already exists, skipping
[2m2026-03-29T01:22:38.336095Z[0m [32m INFO[0m [2mpostgres::connection[0m[2m:[0m NOTICE: column "dex_bonus" of relation "items" already exists, skipping
[2m2026-03-29T01:22:38.336576Z[0m [32m INFO[0m [2mpostgres::connection[0m[2m:[0m NOTICE: column "atk_bonus" of relation "items" already exists, skipping
[2m2026-03-29T01:22:38.337075Z[0m [32m INFO[0m [2mpostgres::connection[0m[2m:[0m NOTICE: relation "world_lexicon" already exists, skipping
[2m2026-03-29T01:22:38.337237Z[0m [32m INFO[0m [2mpostgres::connection[0m[2m:[0m NOTICE: relation "word_element_embeddings" already exists, skipping
[2m2026-03-29T01:22:38.337263Z[0m [32m INFO[0m [2msingularity_world::store[0m[2m:[0m [store] PostgreSQL 連線池已初始化: postgres://postgres:singularity@localhost:5432/singularity
[2m2026-03-29T01:22:38.339390Z[0m [32m INFO[0m [2msingularity_world::store[0m[2m:[0m [store] Loaded 663 entities from PostgreSQL
[2m2026-03-29T01:22:38.339800Z[0m [32m INFO[0m [2msingularity_world::store[0m[2m:[0m [store] Loaded 348 entity_rooms from PostgreSQL
[2m2026-03-29T01:22:38.339975Z[0m [32m INFO[0m [2msingularity_world::store[0m[2m:[0m [store] Loaded 4 assignments from PostgreSQL
[2m2026-03-29T01:22:38.340117Z[0m [32m INFO[0m [2msingularity_world::store[0m[2m:[0m [store] Loaded 3 schedules from PostgreSQL
[2m2026-03-29T01:22:38.340228Z[0m [32m INFO[0m [2msingularity_world::store[0m[2m:[0m [store] Loaded 1 venues from PostgreSQL
[2m2026-03-29T01:22:38.340358Z[0m [32m INFO[0m [2msingularity_world::store[0m[2m:[0m [store] Loaded 10 items from PostgreSQL
[2m2026-03-29T01:22:38.340504Z[0m [32m INFO[0m [2msingularity_world::store[0m[2m:[0m [store] Loaded 27 npc_threads from PostgreSQL
[2m2026-03-29T01:22:38.340637Z[0m [32m INFO[0m [2msingularity_world::store[0m[2m:[0m [store] 資料從 PostgreSQL 載入（主資料源）
[2m2026-03-29T01:22:38.343851Z[0m [32m INFO[0m [2msingularity_world::store[0m[2m:[0m [store] 載入完成: 694 rooms, 348 entity_room, 1 venues, 4 assignments, 3 schedules, 663 entities, 10 items, 27 threads, 0 dyads, 2179 rumors
[2m2026-03-29T01:22:38.495174Z[0m [32m INFO[0m [2msingularity_world::store[0m[2m:[0m [store] 694 個房間已同步至 PostgreSQL
[2m2026-03-29T01:22:38.495363Z[0m [32m INFO[0m [2mnpc_behavior[0m[2m:[0m loaded 18 roles from /home/tanger/Projects/singularity_world/data/npc_behaviors.json
[2m2026-03-29T01:22:38.495837Z[0m [32m INFO[0m [2mpathfind[0m[2m:[0m graph synced from store: 694 rooms, 1574 directed edges
[2m2026-03-29T01:22:38.496081Z[0m [32m INFO[0m [2msingularity_world::server::run[0m[2m:[0m Rust server listening on http://0.0.0.0:1721 (WebSocket /ws)
[2m2026-03-29T01:22:38.529263Z[0m [32m INFO[0m [2msingularity_world::server::simulation_loop[0m[2m:[0m 注入事件種子: 市集今天來了一批品相很好的玉質木材，攤販搶著進貨
[2m2026-03-29T01:32:39.015351Z[0m [32m INFO[0m [2msingularity_world::server::simulation_loop[0m[2m:[0m 注入事件種子: 十六樓商區的地面接縫處冒出了細細的礦脈紋路
[2m2026-03-29T01:42:39.014909Z[0m [32m INFO[0m [2msingularity_world::server::simulation_loop[0m[2m:[0m 注入事件種子: 聽說好事多的批發價又調了，最近物流好像不太順
[2m2026-03-29T01:52:39.523075Z[0m [32m INFO[0m [2msingularity_world::server::simulation_loop[0m[2m:[0m 注入事件種子: 有住戶搬家了，留下的房間牆上全是根鬚攀痕，挺有意思的
[2m2026-03-29T02:02:39.506624Z[0m [32m INFO[0m [2msingularity_world::server::simulation_loop[0m[2m:[0m 注入事件種子: 遠處的地脈微光今晚比平常亮一些，淡綠色的
[2m2026-03-29T02:12:40.017593Z[0m [32m INFO[0m [2msingularity_world::server::simulation_loop[0m[2m:[0m 注入事件種子: 有人說聽見了低樓層的結構在微微嗡鳴，像建築在呼吸
[2m2026-03-29T02:22:40.513297Z[0m [32m INFO[0m [2msingularity_world::server::simulation_loop[0m[2m:[0m 注入事件種子: 城外商路上的指引石被增生物覆蓋了一半，有隊伍去清理了
[2m2026-03-29T02:32:40.511520Z[0m [32m INFO[0m [2msingularity_world::server::simulation_loop[0m[2m:[0m 注入事件種子: 凌晨在窗邊能看到遠處地脈的微光隱約在脈動，像心跳一樣
[2m2026-03-29T02:42:41.014259Z[0m [32m INFO[0m [2msingularity_world::server::simulation_loop[0m[2m:[0m 注入事件種子: 今早走廊牆縫裡的玉質脈絡又長了一截，紋路很好看
[2m2026-03-29T02:52:41.012318Z[0m [32m INFO[0m [2msingularity_world::server::simulation_loop[0m[2m:[0m 注入事件種子: 昨晚牆面的玉質脈絡突然閃了一下暗紫色的光，只持續了幾秒
[2m2026-03-29T03:02:41.519472Z[0m [32m INFO[0m [2msingularity_world::server::simulation_loop[0m[2m:[0m 注入事件種子: 有人在樓下收購琉璃化的礦石碎片，出手很闊綽
[2m2026-03-29T03:12:41.513502Z[0m [32m INFO[0m [2msingularity_world::server::simulation_loop[0m[2m:[0m 注入事件種子: 今天的游離輻射塵好像比平常多一些，空氣裡有淡淡的粉光
[2m2026-03-29T03:22:42.012122Z[0m [32m INFO[0m [2msingularity_world::server::simulation_loop[0m[2m:[0m 注入事件種子: 加了福的肉質蔬果到貨了，今天特別新鮮
[2m2026-03-29T03:26:30.608166Z[0m [32m INFO[0m [2msingularity_world::store[0m[2m:[0m [city] burg_id=32 載入: 249 路口, 50 可進建築
[2m2026-03-29T03:26:30.616912Z[0m [32m INFO[0m [2mpostgres::connection[0m[2m:[0m NOTICE: extension "vector" already exists, skipping
[2m2026-03-29T03:26:30.617109Z[0m [32m INFO[0m [2mpostgres::connection[0m[2m:[0m NOTICE: relation "auth" already exists, skipping
[2m2026-03-29T03:26:30.617221Z[0m [32m INFO[0m [2mpostgres::connection[0m[2m:[0m NOTICE: relation "event_log" already exists, skipping
[2m2026-03-29T03:26:30.617419Z[0m [32m INFO[0m [2mpostgres::connection[0m[2m:[0m NOTICE: relation "idx_event_log_entity_id" already exists, skipping
[2m2026-03-29T03:26:30.617490Z[0m [32m INFO[0m [2mpostgres::connection[0m[2m:[0m NOTICE: relation "archival" already exists, skipping
[2m2026-03-29T03:26:30.617576Z[0m [32m INFO[0m [2mpostgres::connection[0m[2m:[0m NOTICE: relation "idx_archival_entity_id" already exists, skipping
[2m2026-03-29T03:26:30.617638Z[0m [32m INFO[0m [2mpostgres::connection[0m[2m:[0m NOTICE: relation "npc_memories" already exists, skipping
[2m2026-03-29T03:26:30.617694Z[0m [32m INFO[0m [2mpostgres::connection[0m[2m:[0m NOTICE: relation "npc_summaries" already exists, skipping
[2m2026-03-29T03:26:30.617766Z[0m [32m INFO[0m [2mpostgres::connection[0m[2m:[0m NOTICE: relation "npc_npc_summaries" already exists, skipping
[2m2026-03-29T03:26:30.617830Z[0m [32m INFO[0m [2mpostgres::connection[0m[2m:[0m NOTICE: relation "npc_threads" already exists, skipping
[2m2026-03-29T03:26:30.617884Z[0m [32m INFO[0m [2mpostgres::connection[0m[2m:[0m NOTICE: relation "npc_dyads" already exists, skipping
[2m2026-03-29T03:26:30.617947Z[0m [32m INFO[0m [2mpostgres::connection[0m[2m:[0m NOTICE: relation "npc_rumors" already exists, skipping
[2m2026-03-29T03:26:30.618006Z[0m [32m INFO[0m [2mpostgres::connection[0m[2m:[0m NOTICE: relation "rooms" already exists, skipping
[2m2026-03-29T03:26:30.618057Z[0m [32m INFO[0m [2mpostgres::connection[0m[2m:[0m NOTICE: relation "exits" already exists, skipping
[2m2026-03-29T03:26:30.618151Z[0m [32m INFO[0m [2mpostgres::connection[0m[2m:[0m NOTICE: relation "entities" already exists, skipping
[2m2026-03-29T03:26:30.618264Z[0m [32m INFO[0m [2mpostgres::connection[0m[2m:[0m NOTICE: column "current_activity" of relation "entities" already exists, skipping
[2m2026-03-29T03:26:30.618728Z[0m [32m INFO[0m [2mpostgres::connection[0m[2m:[0m NOTICE: relation "entity_rooms" already exists, skipping
[2m2026-03-29T03:26:30.618779Z[0m [32m INFO[0m [2mpostgres::connection[0m[2m:[0m NOTICE: relation "venues" already exists, skipping
[2m2026-03-29T03:26:30.618830Z[0m [32m INFO[0m [2mpostgres::connection[0m[2m:[0m NOTICE: relation "assignments" already exists, skipping
[2m2026-03-29T03:26:30.618907Z[0m [32m INFO[0m [2mpostgres::connection[0m[2m:[0m NOTICE: relation "idx_assignments_venue" already exists, skipping
[2m2026-03-29T03:26:30.618957Z[0m [32m INFO[0m [2mpostgres::connection[0m[2m:[0m NOTICE: relation "schedules" already exists, skipping
[2m2026-03-29T03:26:30.619016Z[0m [32m INFO[0m [2mpostgres::connection[0m[2m:[0m NOTICE: relation "items" already exists, skipping
[2m2026-03-29T03:26:30.619112Z[0m [32m INFO[0m [2mpostgres::connection[0m[2m:[0m NOTICE: column "vit_bonus" of relation "items" already exists, skipping
[2m2026-03-29T03:26:30.619539Z[0m [32m INFO[0m [2mpostgres::connection[0m[2m:[0m NOTICE: column "dex_bonus" of relation "items" already exists, skipping
[2m2026-03-29T03:26:30.619920Z[0m [32m INFO[0m [2mpostgres::connection[0m[2m:[0m NOTICE: column "atk_bonus" of relation "items" already exists, skipping
[2m2026-03-29T03:26:30.620312Z[0m [32m INFO[0m [2mpostgres::connection[0m[2m:[0m NOTICE: relation "world_lexicon" already exists, skipping
[2m2026-03-29T03:26:30.620408Z[0m [32m INFO[0m [2mpostgres::connection[0m[2m:[0m NOTICE: relation "word_element_embeddings" already exists, skipping
[2m2026-03-29T03:26:30.620425Z[0m [32m INFO[0m [2msingularity_world::store[0m[2m:[0m [store] PostgreSQL 連線池已初始化: postgres://postgres:singularity@localhost:5432/singularity
[2m2026-03-29T03:26:30.622125Z[0m [32m INFO[0m [2msingularity_world::store[0m[2m:[0m [store] Loaded 665 entities from PostgreSQL
[2m2026-03-29T03:26:30.622397Z[0m [32m INFO[0m [2msingularity_world::store[0m[2m:[0m [store] Loaded 350 entity_rooms from PostgreSQL
[2m2026-03-29T03:26:30.622604Z[0m [32m INFO[0m [2msingularity_world::store[0m[2m:[0m [store] Loaded 4 assignments from PostgreSQL
[2m2026-03-29T03:26:30.622726Z[0m [32m INFO[0m [2msingularity_world::store[0m[2m:[0m [store] Loaded 3 schedules from PostgreSQL
[2m2026-03-29T03:26:30.622833Z[0m [32m INFO[0m [2msingularity_world::store[0m[2m:[0m [store] Loaded 1 venues from PostgreSQL
[2m2026-03-29T03:26:30.622961Z[0m [32m INFO[0m [2msingularity_world::store[0m[2m:[0m [store] Loaded 10 items from PostgreSQL
[2m2026-03-29T03:26:30.623128Z[0m [32m INFO[0m [2msingularity_world::store[0m[2m:[0m [store] Loaded 27 npc_threads from PostgreSQL
[2m2026-03-29T03:26:30.623254Z[0m [32m INFO[0m [2msingularity_world::store[0m[2m:[0m [store] 資料從 PostgreSQL 載入（主資料源）
[2m2026-03-29T03:26:30.626203Z[0m [32m INFO[0m [2msingularity_world::store[0m[2m:[0m [store] 載入完成: 993 rooms, 350 entity_room, 1 venues, 4 assignments, 3 schedules, 665 entities, 10 items, 27 threads, 0 dyads, 2207 rumors
[2m2026-03-29T03:26:30.840491Z[0m [32m INFO[0m [2msingularity_world::store[0m[2m:[0m [store] 993 個房間已同步至 PostgreSQL
[2m2026-03-29T03:26:30.840700Z[0m [32m INFO[0m [2mnpc_behavior[0m[2m:[0m loaded 18 roles from /home/tanger/Projects/singularity_world/data/npc_behaviors.json
[2m2026-03-29T03:26:30.841518Z[0m [32m INFO[0m [2mpathfind[0m[2m:[0m graph synced from store: 993 rooms, 2206 directed edges
[2m2026-03-29T03:26:30.841767Z[0m [32m INFO[0m [2msingularity_world::server::run[0m[2m:[0m Rust server listening on http://0.0.0.0:1721 (WebSocket /ws)
[2m2026-03-29T03:26:30.880531Z[0m [32m INFO[0m [2msingularity_world::server::simulation_loop[0m[2m:[0m 注入事件種子: 走廊的老長凳被根鬚纏得更穩了，坐起來比以前舒服
[2m2026-03-29T03:32:27.078696Z[0m [32m INFO[0m [2msingularity_world::store[0m[2m:[0m [city] burg_id=32 載入: 98 路口, 50 可進建築
[2m2026-03-29T03:32:27.087119Z[0m [32m INFO[0m [2mpostgres::connection[0m[2m:[0m NOTICE: extension "vector" already exists, skipping
[2m2026-03-29T03:32:27.087290Z[0m [32m INFO[0m [2mpostgres::connection[0m[2m:[0m NOTICE: relation "auth" already exists, skipping
[2m2026-03-29T03:32:27.087379Z[0m [32m INFO[0m [2mpostgres::connection[0m[2m:[0m NOTICE: relation "event_log" already exists, skipping
[2m2026-03-29T03:32:27.087553Z[0m [32m INFO[0m [2mpostgres::connection[0m[2m:[0m NOTICE: relation "idx_event_log_entity_id" already exists, skipping
[2m2026-03-29T03:32:27.087612Z[0m [32m INFO[0m [2mpostgres::connection[0m[2m:[0m NOTICE: relation "archival" already exists, skipping
[2m2026-03-29T03:32:27.087674Z[0m [32m INFO[0m [2mpostgres::connection[0m[2m:[0m NOTICE: relation "idx_archival_entity_id" already exists, skipping
[2m2026-03-29T03:32:27.087726Z[0m [32m INFO[0m [2mpostgres::connection[0m[2m:[0m NOTICE: relation "npc_memories" already exists, skipping
[2m2026-03-29T03:32:27.087768Z[0m [32m INFO[0m [2mpostgres::connection[0m[2m:[0m NOTICE: relation "npc_summaries" already exists, skipping
[2m2026-03-29T03:32:27.087811Z[0m [32m INFO[0m [2mpostgres::connection[0m[2m:[0m NOTICE: relation "npc_npc_summaries" already exists, skipping
[2m2026-03-29T03:32:27.087857Z[0m [32m INFO[0m [2mpostgres::connection[0m[2m:[0m NOTICE: relation "npc_threads" already exists, skipping
[2m2026-03-29T03:32:27.087904Z[0m [32m INFO[0m [2mpostgres::connection[0m[2m:[0m NOTICE: relation "npc_dyads" already exists, skipping
[2m2026-03-29T03:32:27.087967Z[0m [32m INFO[0m [2mpostgres::connection[0m[2m:[0m NOTICE: relation "npc_rumors" already exists, skipping
[2m2026-03-29T03:32:27.088018Z[0m [32m INFO[0m [2mpostgres::connection[0m[2m:[0m NOTICE: relation "rooms" already exists, skipping
[2m2026-03-29T03:32:27.088063Z[0m [32m INFO[0m [2mpostgres::connection[0m[2m:[0m NOTICE: relation "exits" already exists, skipping
[2m2026-03-29T03:32:27.088143Z[0m [32m INFO[0m [2mpostgres::connection[0m[2m:[0m NOTICE: relation "entities" already exists, skipping
[2m2026-03-29T03:32:27.088239Z[0m [32m INFO[0m [2mpostgres::connection[0m[2m:[0m NOTICE: column "current_activity" of relation "entities" already exists, skipping
[2m2026-03-29T03:32:27.088686Z[0m [32m INFO[0m [2mpostgres::connection[0m[2m:[0m NOTICE: relation "entity_rooms" already exists, skipping
[2m2026-03-29T03:32:27.088731Z[0m [32m INFO[0m [2mpostgres::connection[0m[2m:[0m NOTICE: relation "venues" already exists, skipping
[2m2026-03-29T03:32:27.088775Z[0m [32m INFO[0m [2mpostgres::connection[0m[2m:[0m NOTICE: relation "assignments" already exists, skipping
[2m2026-03-29T03:32:27.088838Z[0m [32m INFO[0m [2mpostgres::connection[0m[2m:[0m NOTICE: relation "idx_assignments_venue" already exists, skipping
[2m2026-03-29T03:32:27.088883Z[0m [32m INFO[0m [2mpostgres::connection[0m[2m:[0m NOTICE: relation "schedules" already exists, skipping
[2m2026-03-29T03:32:27.088933Z[0m [32m INFO[0m [2mpostgres::connection[0m[2m:[0m NOTICE: relation "items" already exists, skipping
[2m2026-03-29T03:32:27.088992Z[0m [32m INFO[0m [2mpostgres::connection[0m[2m:[0m NOTICE: column "vit_bonus" of relation "items" already exists, skipping
[2m2026-03-29T03:32:27.089367Z[0m [32m INFO[0m [2mpostgres::connection[0m[2m:[0m NOTICE: column "dex_bonus" of relation "items" already exists, skipping
[2m2026-03-29T03:32:27.089727Z[0m [32m INFO[0m [2mpostgres::connection[0m[2m:[0m NOTICE: column "atk_bonus" of relation "items" already exists, skipping
[2m2026-03-29T03:32:27.090114Z[0m [32m INFO[0m [2mpostgres::connection[0m[2m:[0m NOTICE: relation "world_lexicon" already exists, skipping
[2m2026-03-29T03:32:27.090205Z[0m [32m INFO[0m [2mpostgres::connection[0m[2m:[0m NOTICE: relation "word_element_embeddings" already exists, skipping
[2m2026-03-29T03:32:27.090215Z[0m [32m INFO[0m [2msingularity_world::store[0m[2m:[0m [store] PostgreSQL 連線池已初始化: postgres://postgres:singularity@localhost:5432/singularity
[2m2026-03-29T03:32:27.091594Z[0m [32m INFO[0m [2msingularity_world::store[0m[2m:[0m [store] Loaded 699 entities from PostgreSQL
[2m2026-03-29T03:32:27.091829Z[0m [32m INFO[0m [2msingularity_world::store[0m[2m:[0m [store] Loaded 384 entity_rooms from PostgreSQL
[2m2026-03-29T03:32:27.091926Z[0m [32m INFO[0m [2msingularity_world::store[0m[2m:[0m [store] Loaded 4 assignments from PostgreSQL
[2m2026-03-29T03:32:27.092001Z[0m [32m INFO[0m [2msingularity_world::store[0m[2m:[0m [store] Loaded 3 schedules from PostgreSQL
[2m2026-03-29T03:32:27.092073Z[0m [32m INFO[0m [2msingularity_world::store[0m[2m:[0m [store] Loaded 1 venues from PostgreSQL
[2m2026-03-29T03:32:27.092163Z[0m [32m INFO[0m [2msingularity_world::store[0m[2m:[0m [store] Loaded 10 items from PostgreSQL
[2m2026-03-29T03:32:27.092272Z[0m [32m INFO[0m [2msingularity_world::store[0m[2m:[0m [store] Loaded 27 npc_threads from PostgreSQL
[2m2026-03-29T03:32:27.092366Z[0m [32m INFO[0m [2msingularity_world::store[0m[2m:[0m [store] 資料從 PostgreSQL 載入（主資料源）
[2m2026-03-29T03:32:27.094536Z[0m [32m INFO[0m [2msingularity_world::store[0m[2m:[0m [store] 載入完成: 842 rooms, 384 entity_room, 1 venues, 4 assignments, 3 schedules, 699 entities, 10 items, 27 threads, 0 dyads, 2245 rumors
[2m2026-03-29T03:32:27.259250Z[0m [32m INFO[0m [2msingularity_world::store[0m[2m:[0m [store] 842 個房間已同步至 PostgreSQL
[2m2026-03-29T03:32:27.259464Z[0m [32m INFO[0m [2mnpc_behavior[0m[2m:[0m loaded 18 roles from /home/tanger/Projects/singularity_world/data/npc_behaviors.json
[2m2026-03-29T03:32:27.260076Z[0m [32m INFO[0m [2mpathfind[0m[2m:[0m graph synced from store: 842 rooms, 1820 directed edges
[2m2026-03-29T03:32:27.260304Z[0m [32m INFO[0m [2msingularity_world::server::run[0m[2m:[0m Rust server listening on http://0.0.0.0:1721 (WebSocket /ws)
[2m2026-03-29T03:32:27.337201Z[0m [32m INFO[0m [2msingularity_world::server::simulation_loop[0m[2m:[0m 注入事件種子: 有採集隊從城外回來說，霜林靠近城側的那片最近長得特別快
[2m2026-03-29T03:35:27.557060Z[0m [32m INFO[0m [2msingularity_world::store[0m[2m:[0m [city] burg_id=32 載入: 98 路口, 50 可進建築
[2m2026-03-29T03:35:27.565473Z[0m [32m INFO[0m [2mpostgres::connection[0m[2m:[0m NOTICE: extension "vector" already exists, skipping
[2m2026-03-29T03:35:27.565608Z[0m [32m INFO[0m [2mpostgres::connection[0m[2m:[0m NOTICE: relation "auth" already exists, skipping
[2m2026-03-29T03:35:27.565666Z[0m [32m INFO[0m [2mpostgres::connection[0m[2m:[0m NOTICE: relation "event_log" already exists, skipping
[2m2026-03-29T03:35:27.565833Z[0m [32m INFO[0m [2mpostgres::connection[0m[2m:[0m NOTICE: relation "idx_event_log_entity_id" already exists, skipping
[2m2026-03-29T03:35:27.565895Z[0m [32m INFO[0m [2mpostgres::connection[0m[2m:[0m NOTICE: relation "archival" already exists, skipping
[2m2026-03-29T03:35:27.565961Z[0m [32m INFO[0m [2mpostgres::connection[0m[2m:[0m NOTICE: relation "idx_archival_entity_id" already exists, skipping
[2m2026-03-29T03:35:27.566015Z[0m [32m INFO[0m [2mpostgres::connection[0m[2m:[0m NOTICE: relation "npc_memories" already exists, skipping
[2m2026-03-29T03:35:27.566059Z[0m [32m INFO[0m [2mpostgres::connection[0m[2m:[0m NOTICE: relation "npc_summaries" already exists, skipping
[2m2026-03-29T03:35:27.566109Z[0m [32m INFO[0m [2mpostgres::connection[0m[2m:[0m NOTICE: relation "npc_npc_summaries" already exists, skipping
[2m2026-03-29T03:35:27.566161Z[0m [32m INFO[0m [2mpostgres::connection[0m[2m:[0m NOTICE: relation "npc_threads" already exists, skipping
[2m2026-03-29T03:35:27.566211Z[0m [32m INFO[0m [2mpostgres::connection[0m[2m:[0m NOTICE: relation "npc_dyads" already exists, skipping
[2m2026-03-29T03:35:27.566270Z[0m [32m INFO[0m [2mpostgres::connection[0m[2m:[0m NOTICE: relation "npc_rumors" already exists, skipping
[2m2026-03-29T03:35:27.566326Z[0m [32m INFO[0m [2mpostgres::connection[0m[2m:[0m NOTICE: relation "rooms" already exists, skipping
[2m2026-03-29T03:35:27.566372Z[0m [32m INFO[0m [2mpostgres::connection[0m[2m:[0m NOTICE: relation "exits" already exists, skipping
[2m2026-03-29T03:35:27.566447Z[0m [32m INFO[0m [2mpostgres::connection[0m[2m:[0m NOTICE: relation "entities" already exists, skipping
[2m2026-03-29T03:35:27.566549Z[0m [32m INFO[0m [2mpostgres::connection[0m[2m:[0m NOTICE: column "current_activity" of relation "entities" already exists, skipping
[2m2026-03-29T03:35:27.567010Z[0m [32m INFO[0m [2mpostgres::connection[0m[2m:[0m NOTICE: relation "entity_rooms" already exists, skipping
[2m2026-03-29T03:35:27.567063Z[0m [32m INFO[0m [2mpostgres::connection[0m[2m:[0m NOTICE: relation "venues" already exists, skipping
[2m2026-03-29T03:35:27.567115Z[0m [32m INFO[0m [2mpostgres::connection[0m[2m:[0m NOTICE: relation "assignments" already exists, skipping
[2m2026-03-29T03:35:27.567187Z[0m [32m INFO[0m [2mpostgres::connection[0m[2m:[0m NOTICE: relation "idx_assignments_venue" already exists, skipping
[2m2026-03-29T03:35:27.567238Z[0m [32m INFO[0m [2mpostgres::connection[0m[2m:[0m NOTICE: relation "schedules" already exists, skipping
[2m2026-03-29T03:35:27.567292Z[0m [32m INFO[0m [2mpostgres::connection[0m[2m:[0m NOTICE: relation "items" already exists, skipping
[2m2026-03-29T03:35:27.567364Z[0m [32m INFO[0m [2mpostgres::connection[0m[2m:[0m NOTICE: column "vit_bonus" of relation "items" already exists, skipping
[2m2026-03-29T03:35:27.567767Z[0m [32m INFO[0m [2mpostgres::connection[0m[2m:[0m NOTICE: column "dex_bonus" of relation "items" already exists, skipping
[2m2026-03-29T03:35:27.568139Z[0m [32m INFO[0m [2mpostgres::connection[0m[2m:[0m NOTICE: column "atk_bonus" of relation "items" already exists, skipping
[2m2026-03-29T03:35:27.568515Z[0m [32m INFO[0m [2mpostgres::connection[0m[2m:[0m NOTICE: relation "world_lexicon" already exists, skipping
[2m2026-03-29T03:35:27.568565Z[0m [32m INFO[0m [2mpostgres::connection[0m[2m:[0m NOTICE: relation "word_element_embeddings" already exists, skipping
[2m2026-03-29T03:35:27.568574Z[0m [32m INFO[0m [2msingularity_world::store[0m[2m:[0m [store] PostgreSQL 連線池已初始化: postgres://postgres:singularity@localhost:5432/singularity
[2m2026-03-29T03:35:27.570074Z[0m [32m INFO[0m [2msingularity_world::store[0m[2m:[0m [store] Loaded 716 entities from PostgreSQL
[2m2026-03-29T03:35:27.570339Z[0m [32m INFO[0m [2msingularity_world::store[0m[2m:[0m [store] Loaded 401 entity_rooms from PostgreSQL
[2m2026-03-29T03:35:27.570460Z[0m [32m INFO[0m [2msingularity_world::store[0m[2m:[0m [store] Loaded 4 assignments from PostgreSQL
[2m2026-03-29T03:35:27.570547Z[0m [32m INFO[0m [2msingularity_world::store[0m[2m:[0m [store] Loaded 3 schedules from PostgreSQL
[2m2026-03-29T03:35:27.570639Z[0m [32m INFO[0m [2msingularity_world::store[0m[2m:[0m [store] Loaded 1 venues from PostgreSQL
[2m2026-03-29T03:35:27.570751Z[0m [32m INFO[0m [2msingularity_world::store[0m[2m:[0m [store] Loaded 10 items from PostgreSQL
[2m2026-03-29T03:35:27.570863Z[0m [32m INFO[0m [2msingularity_world::store[0m[2m:[0m [store] Loaded 27 npc_threads from PostgreSQL
[2m2026-03-29T03:35:27.570960Z[0m [32m INFO[0m [2msingularity_world::store[0m[2m:[0m [store] 資料從 PostgreSQL 載入（主資料源）
[2m2026-03-29T03:35:27.573316Z[0m [32m INFO[0m [2msingularity_world::store[0m[2m:[0m [store] 載入完成: 797 rooms, 401 entity_room, 1 venues, 4 assignments, 3 schedules, 716 entities, 10 items, 27 threads, 0 dyads, 2263 rumors
[2m2026-03-29T03:35:27.727072Z[0m [32m INFO[0m [2msingularity_world::store[0m[2m:[0m [store] 797 個房間已同步至 PostgreSQL
[2m2026-03-29T03:35:27.727297Z[0m [32m INFO[0m [2mnpc_behavior[0m[2m:[0m loaded 18 roles from /home/tanger/Projects/singularity_world/data/npc_behaviors.json
[2m2026-03-29T03:35:27.727860Z[0m [32m INFO[0m [2mpathfind[0m[2m:[0m graph synced from store: 797 rooms, 1730 directed edges
[2m2026-03-29T03:35:27.728093Z[0m [32m INFO[0m [2msingularity_world::server::run[0m[2m:[0m Rust server listening on http://0.0.0.0:1721 (WebSocket /ws)
[2m2026-03-29T03:35:27.816862Z[0m [32m INFO[0m [2msingularity_world::server::simulation_loop[0m[2m:[0m 注入事件種子: 樓頂的蓄水設施今天開始例行清洗，水量可能會少一會兒
[2m2026-03-29T03:45:28.270017Z[0m [32m INFO[0m [2msingularity_world::server::simulation_loop[0m[2m:[0m 注入事件種子: 加了福的肉質蔬果到貨了，今天特別新鮮
[2m2026-03-29T03:55:28.766131Z[0m [32m INFO[0m [2msingularity_world::server::simulation_loop[0m[2m:[0m 注入事件種子: 藥材價格穩著，但品種比上個月少了幾樣
[2m2026-03-29T04:05:28.776091Z[0m [32m INFO[0m [2msingularity_world::server::simulation_loop[0m[2m:[0m 注入事件種子: 凌晨在窗邊能看到遠處地脈的微光隱約在脈動，像心跳一樣
[2m2026-03-29T04:15:28.768943Z[0m [32m INFO[0m [2msingularity_world::server::simulation_loop[0m[2m:[0m 注入事件種子: 走廊的老長凳被根鬚纏得更穩了，坐起來比以前舒服
[2m2026-03-29T04:25:28.812970Z[0m [32m INFO[0m [2msingularity_world::server::simulation_loop[0m[2m:[0m 注入事件種子: 今天的游離輻射塵好像比平常多一些，空氣裡有淡淡的粉光
[2m2026-03-29T04:35:29.246735Z[0m [32m INFO[0m [2msingularity_world::server::simulation_loop[0m[2m:[0m 注入事件種子: 聽回來的人講，城外的肉質籐蔓又往路邊多蔓了一些
[2m2026-03-29T04:45:29.246857Z[0m [32m INFO[0m [2msingularity_world::server::simulation_loop[0m[2m:[0m 注入事件種子: 有人在樓下收購琉璃化的礦石碎片，出手很闊綽
[2m2026-03-29T04:55:29.745330Z[0m [32m INFO[0m [2msingularity_world::server::simulation_loop[0m[2m:[0m 注入事件種子: 打鐵巷最近接了不少單，聽說是採集隊的工具要換新
[2m2026-03-29T04:59:40.856534Z[0m [32m INFO[0m [2msingularity_world::store[0m[2m:[0m [city] burg_id=32 載入: 18 語意節點（城門+區坊）, 9 可進建築
[2m2026-03-29T04:59:40.866339Z[0m [32m INFO[0m [2mpostgres::connection[0m[2m:[0m NOTICE: extension "vector" already exists, skipping
[2m2026-03-29T04:59:40.866568Z[0m [32m INFO[0m [2mpostgres::connection[0m[2m:[0m NOTICE: relation "auth" already exists, skipping
[2m2026-03-29T04:59:40.866658Z[0m [32m INFO[0m [2mpostgres::connection[0m[2m:[0m NOTICE: relation "event_log" already exists, skipping
[2m2026-03-29T04:59:40.866861Z[0m [32m INFO[0m [2mpostgres::connection[0m[2m:[0m NOTICE: relation "idx_event_log_entity_id" already exists, skipping
[2m2026-03-29T04:59:40.866929Z[0m [32m INFO[0m [2mpostgres::connection[0m[2m:[0m NOTICE: relation "archival" already exists, skipping
[2m2026-03-29T04:59:40.867004Z[0m [32m INFO[0m [2mpostgres::connection[0m[2m:[0m NOTICE: relation "idx_archival_entity_id" already exists, skipping
[2m2026-03-29T04:59:40.867066Z[0m [32m INFO[0m [2mpostgres::connection[0m[2m:[0m NOTICE: relation "npc_memories" already exists, skipping
[2m2026-03-29T04:59:40.867145Z[0m [32m INFO[0m [2mpostgres::connection[0m[2m:[0m NOTICE: relation "npc_summaries" already exists, skipping
[2m2026-03-29T04:59:40.867241Z[0m [32m INFO[0m [2mpostgres::connection[0m[2m:[0m NOTICE: relation "npc_npc_summaries" already exists, skipping
[2m2026-03-29T04:59:40.867301Z[0m [32m INFO[0m [2mpostgres::connection[0m[2m:[0m NOTICE: relation "npc_threads" already exists, skipping
[2m2026-03-29T04:59:40.867359Z[0m [32m INFO[0m [2mpostgres::connection[0m[2m:[0m NOTICE: relation "npc_dyads" already exists, skipping
[2m2026-03-29T04:59:40.867428Z[0m [32m INFO[0m [2mpostgres::connection[0m[2m:[0m NOTICE: relation "npc_rumors" already exists, skipping
[2m2026-03-29T04:59:40.867493Z[0m [32m INFO[0m [2mpostgres::connection[0m[2m:[0m NOTICE: relation "rooms" already exists, skipping
[2m2026-03-29T04:59:40.867545Z[0m [32m INFO[0m [2mpostgres::connection[0m[2m:[0m NOTICE: relation "exits" already exists, skipping
[2m2026-03-29T04:59:40.867635Z[0m [32m INFO[0m [2mpostgres::connection[0m[2m:[0m NOTICE: relation "entities" already exists, skipping
[2m2026-03-29T04:59:40.867757Z[0m [32m INFO[0m [2mpostgres::connection[0m[2m:[0m NOTICE: column "current_activity" of relation "entities" already exists, skipping
[2m2026-03-29T04:59:40.868212Z[0m [32m INFO[0m [2mpostgres::connection[0m[2m:[0m NOTICE: relation "entity_rooms" already exists, skipping
[2m2026-03-29T04:59:40.868297Z[0m [32m INFO[0m [2mpostgres::connection[0m[2m:[0m NOTICE: relation "venues" already exists, skipping
[2m2026-03-29T04:59:40.868400Z[0m [32m INFO[0m [2mpostgres::connection[0m[2m:[0m NOTICE: relation "assignments" already exists, skipping
[2m2026-03-29T04:59:40.868499Z[0m [32m INFO[0m [2mpostgres::connection[0m[2m:[0m NOTICE: relation "idx_assignments_venue" already exists, skipping
[2m2026-03-29T04:59:40.868561Z[0m [32m INFO[0m [2mpostgres::connection[0m[2m:[0m NOTICE: relation "schedules" already exists, skipping
[2m2026-03-29T04:59:40.868636Z[0m [32m INFO[0m [2mpostgres::connection[0m[2m:[0m NOTICE: relation "items" already exists, skipping
[2m2026-03-29T04:59:40.868762Z[0m [32m INFO[0m [2mpostgres::connection[0m[2m:[0m NOTICE: column "vit_bonus" of relation "items" already exists, skipping
[2m2026-03-29T04:59:40.869238Z[0m [32m INFO[0m [2mpostgres::connection[0m[2m:[0m NOTICE: column "dex_bonus" of relation "items" already exists, skipping
[2m2026-03-29T04:59:40.869692Z[0m [32m INFO[0m [2mpostgres::connection[0m[2m:[0m NOTICE: column "atk_bonus" of relation "items" already exists, skipping
[2m2026-03-29T04:59:40.870134Z[0m [32m INFO[0m [2mpostgres::connection[0m[2m:[0m NOTICE: relation "world_lexicon" already exists, skipping
[2m2026-03-29T04:59:40.870213Z[0m [32m INFO[0m [2mpostgres::connection[0m[2m:[0m NOTICE: relation "word_element_embeddings" already exists, skipping
[2m2026-03-29T04:59:40.870236Z[0m [32m INFO[0m [2msingularity_world::store[0m[2m:[0m [store] PostgreSQL 連線池已初始化: postgres://postgres:singularity@localhost:5432/singularity
[2m2026-03-29T04:59:40.871943Z[0m [32m INFO[0m [2msingularity_world::store[0m[2m:[0m [store] Loaded 716 entities from PostgreSQL
[2m2026-03-29T04:59:40.872276Z[0m [32m INFO[0m [2msingularity_world::store[0m[2m:[0m [store] Loaded 401 entity_rooms from PostgreSQL
[2m2026-03-29T04:59:40.872401Z[0m [32m INFO[0m [2msingularity_world::store[0m[2m:[0m [store] Loaded 4 assignments from PostgreSQL
[2m2026-03-29T04:59:40.872493Z[0m [32m INFO[0m [2msingularity_world::store[0m[2m:[0m [store] Loaded 3 schedules from PostgreSQL
[2m2026-03-29T04:59:40.872578Z[0m [32m INFO[0m [2msingularity_world::store[0m[2m:[0m [store] Loaded 1 venues from PostgreSQL
[2m2026-03-29T04:59:40.872674Z[0m [32m INFO[0m [2msingularity_world::store[0m[2m:[0m [store] Loaded 10 items from PostgreSQL
[2m2026-03-29T04:59:40.872780Z[0m [32m INFO[0m [2msingularity_world::store[0m[2m:[0m [store] Loaded 27 npc_threads from PostgreSQL
[2m2026-03-29T04:59:40.872889Z[0m [32m INFO[0m [2msingularity_world::store[0m[2m:[0m [store] 資料從 PostgreSQL 載入（主資料源）
[2m2026-03-29T04:59:40.875308Z[0m [32m INFO[0m [2msingularity_world::store[0m[2m:[0m [store] 載入完成: 721 rooms, 401 entity_room, 1 venues, 4 assignments, 3 schedules, 716 entities, 10 items, 27 threads, 0 dyads, 2276 rumors
[2m2026-03-29T04:59:41.052990Z[0m [32m INFO[0m [2msingularity_world::store[0m[2m:[0m [store] 721 個房間已同步至 PostgreSQL
[2m2026-03-29T04:59:41.053206Z[0m [32m INFO[0m [2mnpc_behavior[0m[2m:[0m loaded 18 roles from /home/tanger/Projects/singularity_world/data/npc_behaviors.json
[2m2026-03-29T04:59:41.053756Z[0m [32m INFO[0m [2mpathfind[0m[2m:[0m graph synced from store: 721 rooms, 1681 directed edges
[2m2026-03-29T04:59:41.054032Z[0m [32m INFO[0m [2msingularity_world::server::run[0m[2m:[0m Rust server listening on http://0.0.0.0:1721 (WebSocket /ws)
[2m2026-03-29T04:59:41.080163Z[0m [32m INFO[0m [2msingularity_world::server::simulation_loop[0m[2m:[0m 注入事件種子: 有人說聽見了低樓層的結構在微微嗡鳴，像建築在呼吸
[2m2026-03-29T05:09:41.575205Z[0m [32m INFO[0m [2msingularity_world::server::simulation_loop[0m[2m:[0m 注入事件種子: 打鐵巷最近接了不少單，聽說是採集隊的工具要換新
[2m2026-03-29T05:11:54.432576Z[0m [32m INFO[0m [2msingularity_world::store[0m[2m:[0m [city] burg_id=32 載入: 23 語意節點（城門+區坊）, 9 可進建築
[2m2026-03-29T05:11:54.442117Z[0m [32m INFO[0m [2mpostgres::connection[0m[2m:[0m NOTICE: extension "vector" already exists, skipping
[2m2026-03-29T05:11:54.442278Z[0m [32m INFO[0m [2mpostgres::connection[0m[2m:[0m NOTICE: relation "auth" already exists, skipping
[2m2026-03-29T05:11:54.442345Z[0m [32m INFO[0m [2mpostgres::connection[0m[2m:[0m NOTICE: relation "event_log" already exists, skipping
[2m2026-03-29T05:11:54.442592Z[0m [32m INFO[0m [2mpostgres::connection[0m[2m:[0m NOTICE: relation "idx_event_log_entity_id" already exists, skipping
[2m2026-03-29T05:11:54.442703Z[0m [32m INFO[0m [2mpostgres::connection[0m[2m:[0m NOTICE: relation "archival" already exists, skipping
[2m2026-03-29T05:11:54.442829Z[0m [32m INFO[0m [2mpostgres::connection[0m[2m:[0m NOTICE: relation "idx_archival_entity_id" already exists, skipping
[2m2026-03-29T05:11:54.442898Z[0m [32m INFO[0m [2mpostgres::connection[0m[2m:[0m NOTICE: relation "npc_memories" already exists, skipping
[2m2026-03-29T05:11:54.442954Z[0m [32m INFO[0m [2mpostgres::connection[0m[2m:[0m NOTICE: relation "npc_summaries" already exists, skipping
[2m2026-03-29T05:11:54.443005Z[0m [32m INFO[0m [2mpostgres::connection[0m[2m:[0m NOTICE: relation "npc_npc_summaries" already exists, skipping
[2m2026-03-29T05:11:54.443060Z[0m [32m INFO[0m [2mpostgres::connection[0m[2m:[0m NOTICE: relation "npc_threads" already exists, skipping
[2m2026-03-29T05:11:54.443125Z[0m [32m INFO[0m [2mpostgres::connection[0m[2m:[0m NOTICE: relation "npc_dyads" already exists, skipping
[2m2026-03-29T05:11:54.443204Z[0m [32m INFO[0m [2mpostgres::connection[0m[2m:[0m NOTICE: relation "npc_rumors" already exists, skipping
[2m2026-03-29T05:11:54.443268Z[0m [32m INFO[0m [2mpostgres::connection[0m[2m:[0m NOTICE: relation "rooms" already exists, skipping
[2m2026-03-29T05:11:54.443323Z[0m [32m INFO[0m [2mpostgres::connection[0m[2m:[0m NOTICE: relation "exits" already exists, skipping
[2m2026-03-29T05:11:54.443417Z[0m [32m INFO[0m [2mpostgres::connection[0m[2m:[0m NOTICE: relation "entities" already exists, skipping
[2m2026-03-29T05:11:54.443556Z[0m [32m INFO[0m [2mpostgres::connection[0m[2m:[0m NOTICE: column "current_activity" of relation "entities" already exists, skipping
[2m2026-03-29T05:11:54.444049Z[0m [32m INFO[0m [2mpostgres::connection[0m[2m:[0m NOTICE: relation "entity_rooms" already exists, skipping
[2m2026-03-29T05:11:54.444166Z[0m [32m INFO[0m [2mpostgres::connection[0m[2m:[0m NOTICE: relation "venues" already exists, skipping
[2m2026-03-29T05:11:54.444256Z[0m [32m INFO[0m [2mpostgres::connection[0m[2m:[0m NOTICE: relation "assignments" already exists, skipping
[2m2026-03-29T05:11:54.444386Z[0m [32m INFO[0m [2mpostgres::connection[0m[2m:[0m NOTICE: relation "idx_assignments_venue" already exists, skipping
[2m2026-03-29T05:11:54.444452Z[0m [32m INFO[0m [2mpostgres::connection[0m[2m:[0m NOTICE: relation "schedules" already exists, skipping
[2m2026-03-29T05:11:54.444624Z[0m [32m INFO[0m [2mpostgres::connection[0m[2m:[0m NOTICE: relation "items" already exists, skipping
[2m2026-03-29T05:11:54.444710Z[0m [32m INFO[0m [2mpostgres::connection[0m[2m:[0m NOTICE: column "vit_bonus" of relation "items" already exists, skipping
[2m2026-03-29T05:11:54.445151Z[0m [32m INFO[0m [2mpostgres::connection[0m[2m:[0m NOTICE: column "dex_bonus" of relation "items" already exists, skipping
[2m2026-03-29T05:11:54.445535Z[0m [32m INFO[0m [2mpostgres::connection[0m[2m:[0m NOTICE: column "atk_bonus" of relation "items" already exists, skipping
[2m2026-03-29T05:11:54.445925Z[0m [32m INFO[0m [2mpostgres::connection[0m[2m:[0m NOTICE: relation "world_lexicon" already exists, skipping
[2m2026-03-29T05:11:54.445989Z[0m [32m INFO[0m [2mpostgres::connection[0m[2m:[0m NOTICE: relation "word_element_embeddings" already exists, skipping
[2m2026-03-29T05:11:54.446003Z[0m [32m INFO[0m [2msingularity_world::store[0m[2m:[0m [store] PostgreSQL 連線池已初始化: postgres://postgres:singularity@localhost:5432/singularity
[2m2026-03-29T05:11:54.447769Z[0m [32m INFO[0m [2msingularity_world::store[0m[2m:[0m [store] Loaded 716 entities from PostgreSQL
[2m2026-03-29T05:11:54.448093Z[0m [32m INFO[0m [2msingularity_world::store[0m[2m:[0m [store] Loaded 401 entity_rooms from PostgreSQL
[2m2026-03-29T05:11:54.448211Z[0m [32m INFO[0m [2msingularity_world::store[0m[2m:[0m [store] Loaded 4 assignments from PostgreSQL
[2m2026-03-29T05:11:54.448308Z[0m [32m INFO[0m [2msingularity_world::store[0m[2m:[0m [store] Loaded 3 schedules from PostgreSQL
[2m2026-03-29T05:11:54.448405Z[0m [32m INFO[0m [2msingularity_world::store[0m[2m:[0m [store] Loaded 1 venues from PostgreSQL
[2m2026-03-29T05:11:54.448528Z[0m [32m INFO[0m [2msingularity_world::store[0m[2m:[0m [store] Loaded 10 items from PostgreSQL
[2m2026-03-29T05:11:54.448656Z[0m [32m INFO[0m [2msingularity_world::store[0m[2m:[0m [store] Loaded 27 npc_threads from PostgreSQL
[2m2026-03-29T05:11:54.448768Z[0m [32m INFO[0m [2msingularity_world::store[0m[2m:[0m [store] 資料從 PostgreSQL 載入（主資料源）
[2m2026-03-29T05:11:54.451162Z[0m [32m INFO[0m [2msingularity_world::store[0m[2m:[0m [store] 載入完成: 726 rooms, 401 entity_room, 1 venues, 4 assignments, 3 schedules, 716 entities, 10 items, 27 threads, 0 dyads, 2279 rumors
[2m2026-03-29T05:11:54.643718Z[0m [32m INFO[0m [2msingularity_world::store[0m[2m:[0m [store] 726 個房間已同步至 PostgreSQL
[2m2026-03-29T05:11:54.643973Z[0m [32m INFO[0m [2mnpc_behavior[0m[2m:[0m loaded 18 roles from /home/tanger/Projects/singularity_world/data/npc_behaviors.json
[2m2026-03-29T05:11:54.644563Z[0m [32m INFO[0m [2mpathfind[0m[2m:[0m graph synced from store: 726 rooms, 1691 directed edges
[2m2026-03-29T05:11:54.644829Z[0m [32m INFO[0m [2msingularity_world::server::run[0m[2m:[0m Rust server listening on http://0.0.0.0:1721 (WebSocket /ws)
[2m2026-03-29T05:11:54.684949Z[0m [32m INFO[0m [2msingularity_world::server::simulation_loop[0m[2m:[0m 注入事件種子: 十六樓的某面牆突然長出了一小片琉璃化的結晶，很漂亮
[2m2026-03-29T05:21:55.179615Z[0m [32m INFO[0m [2msingularity_world::server::simulation_loop[0m[2m:[0m 注入事件種子: 十一樓健身區新添了幾件器材，是用富態化木材做的
[2m2026-03-29T05:31:55.164948Z[0m [32m INFO[0m [2msingularity_world::server::simulation_loop[0m[2m:[0m 注入事件種子: 有住戶搬家了，留下的房間牆上全是根鬚攀痕，挺有意思的
[2m2026-03-29T05:36:49.618348Z[0m [32m INFO[0m [2msingularity_world::store[0m[2m:[0m [city] burg_id=32 載入: 23 語意節點（城門+區坊）, 9 可進建築
[2m2026-03-29T05:36:49.628467Z[0m [32m INFO[0m [2mpostgres::connection[0m[2m:[0m NOTICE: extension "vector" already exists, skipping
[2m2026-03-29T05:36:49.628650Z[0m [32m INFO[0m [2mpostgres::connection[0m[2m:[0m NOTICE: relation "auth" already exists, skipping
[2m2026-03-29T05:36:49.628714Z[0m [32m INFO[0m [2mpostgres::connection[0m[2m:[0m NOTICE: relation "event_log" already exists, skipping
[2m2026-03-29T05:36:49.628908Z[0m [32m INFO[0m [2mpostgres::connection[0m[2m:[0m NOTICE: relation "idx_event_log_entity_id" already exists, skipping
[2m2026-03-29T05:36:49.628978Z[0m [32m INFO[0m [2mpostgres::connection[0m[2m:[0m NOTICE: relation "archival" already exists, skipping
[2m2026-03-29T05:36:49.629052Z[0m [32m INFO[0m [2mpostgres::connection[0m[2m:[0m NOTICE: relation "idx_archival_entity_id" already exists, skipping
[2m2026-03-29T05:36:49.629119Z[0m [32m INFO[0m [2mpostgres::connection[0m[2m:[0m NOTICE: relation "npc_memories" already exists, skipping
[2m2026-03-29T05:36:49.629171Z[0m [32m INFO[0m [2mpostgres::connection[0m[2m:[0m NOTICE: relation "npc_summaries" already exists, skipping
[2m2026-03-29T05:36:49.629221Z[0m [32m INFO[0m [2mpostgres::connection[0m[2m:[0m NOTICE: relation "npc_npc_summaries" already exists, skipping
[2m2026-03-29T05:36:49.629280Z[0m [32m INFO[0m [2mpostgres::connection[0m[2m:[0m NOTICE: relation "npc_threads" already exists, skipping
[2m2026-03-29T05:36:49.629407Z[0m [32m INFO[0m [2mpostgres::connection[0m[2m:[0m NOTICE: relation "npc_dyads" already exists, skipping
[2m2026-03-29T05:36:49.629548Z[0m [32m INFO[0m [2mpostgres::connection[0m[2m:[0m NOTICE: relation "npc_rumors" already exists, skipping
[2m2026-03-29T05:36:49.629640Z[0m [32m INFO[0m [2mpostgres::connection[0m[2m:[0m NOTICE: relation "rooms" already exists, skipping
[2m2026-03-29T05:36:49.629737Z[0m [32m INFO[0m [2mpostgres::connection[0m[2m:[0m NOTICE: relation "exits" already exists, skipping
[2m2026-03-29T05:36:49.629869Z[0m [32m INFO[0m [2mpostgres::connection[0m[2m:[0m NOTICE: relation "entities" already exists, skipping
[2m2026-03-29T05:36:49.630024Z[0m [32m INFO[0m [2mpostgres::connection[0m[2m:[0m NOTICE: column "current_activity" of relation "entities" already exists, skipping
[2m2026-03-29T05:36:49.630522Z[0m [32m INFO[0m [2mpostgres::connection[0m[2m:[0m NOTICE: relation "entity_rooms" already exists, skipping
[2m2026-03-29T05:36:49.630616Z[0m [32m INFO[0m [2mpostgres::connection[0m[2m:[0m NOTICE: relation "venues" already exists, skipping
[2m2026-03-29T05:36:49.630682Z[0m [32m INFO[0m [2mpostgres::connection[0m[2m:[0m NOTICE: relation "assignments" already exists, skipping
[2m2026-03-29T05:36:49.630763Z[0m [32m INFO[0m [2mpostgres::connection[0m[2m:[0m NOTICE: relation "idx_assignments_venue" already exists, skipping
[2m2026-03-29T05:36:49.630818Z[0m [32m INFO[0m [2mpostgres::connection[0m[2m:[0m NOTICE: relation "schedules" already exists, skipping
[2m2026-03-29T05:36:49.630880Z[0m [32m INFO[0m [2mpostgres::connection[0m[2m:[0m NOTICE: relation "items" already exists, skipping
[2m2026-03-29T05:36:49.630955Z[0m [32m INFO[0m [2mpostgres::connection[0m[2m:[0m NOTICE: column "vit_bonus" of relation "items" already exists, skipping
[2m2026-03-29T05:36:49.631386Z[0m [32m INFO[0m [2mpostgres::connection[0m[2m:[0m NOTICE: column "dex_bonus" of relation "items" already exists, skipping
[2m2026-03-29T05:36:49.631790Z[0m [32m INFO[0m [2mpostgres::connection[0m[2m:[0m NOTICE: column "atk_bonus" of relation "items" already exists, skipping
[2m2026-03-29T05:36:49.632214Z[0m [32m INFO[0m [2mpostgres::connection[0m[2m:[0m NOTICE: relation "world_lexicon" already exists, skipping
[2m2026-03-29T05:36:49.632285Z[0m [32m INFO[0m [2mpostgres::connection[0m[2m:[0m NOTICE: relation "word_element_embeddings" already exists, skipping
[2m2026-03-29T05:36:49.632300Z[0m [32m INFO[0m [2msingularity_world::store[0m[2m:[0m [store] PostgreSQL 連線池已初始化: postgres://postgres:singularity@localhost:5432/singularity
[2m2026-03-29T05:36:49.633924Z[0m [32m INFO[0m [2msingularity_world::store[0m[2m:[0m [store] Loaded 716 entities from PostgreSQL
[2m2026-03-29T05:36:49.634286Z[0m [32m INFO[0m [2msingularity_world::store[0m[2m:[0m [store] Loaded 401 entity_rooms from PostgreSQL
[2m2026-03-29T05:36:49.634426Z[0m [32m INFO[0m [2msingularity_world::store[0m[2m:[0m [store] Loaded 4 assignments from PostgreSQL
[2m2026-03-29T05:36:49.634522Z[0m [32m INFO[0m [2msingularity_world::store[0m[2m:[0m [store] Loaded 3 schedules from PostgreSQL
[2m2026-03-29T05:36:49.634638Z[0m [32m INFO[0m [2msingularity_world::store[0m[2m:[0m [store] Loaded 1 venues from PostgreSQL
[2m2026-03-29T05:36:49.634884Z[0m [32m INFO[0m [2msingularity_world::store[0m[2m:[0m [store] Loaded 10 items from PostgreSQL
[2m2026-03-29T05:36:49.635057Z[0m [32m INFO[0m [2msingularity_world::store[0m[2m:[0m [store] Loaded 27 npc_threads from PostgreSQL
[2m2026-03-29T05:36:49.635220Z[0m [32m INFO[0m [2msingularity_world::store[0m[2m:[0m [store] 資料從 PostgreSQL 載入（主資料源）
[2m2026-03-29T05:36:49.638478Z[0m [32m INFO[0m [2msingularity_world::store[0m[2m:[0m [store] 載入完成: 726 rooms, 401 entity_room, 1 venues, 4 assignments, 3 schedules, 716 entities, 10 items, 27 threads, 0 dyads, 2282 rumors
[2m2026-03-29T05:36:49.818425Z[0m [32m INFO[0m [2msingularity_world::store[0m[2m:[0m [store] 726 個房間已同步至 PostgreSQL
[2m2026-03-29T05:36:49.818667Z[0m [32m INFO[0m [2mnpc_behavior[0m[2m:[0m loaded 18 roles from /home/tanger/Projects/singularity_world/data/npc_behaviors.json
[2m2026-03-29T05:36:49.819502Z[0m [32m INFO[0m [2mpathfind[0m[2m:[0m graph synced from store: 726 rooms, 1691 directed edges
[2m2026-03-29T05:36:49.819853Z[0m [32m INFO[0m [2msingularity_world::server::run[0m[2m:[0m Rust server listening on http://0.0.0.0:1721 (WebSocket /ws)
[2m2026-03-29T05:36:49.858273Z[0m [32m INFO[0m [2msingularity_world::server::simulation_loop[0m[2m:[0m 注入事件種子: 十六樓商區的地面接縫處冒出了細細的礦脈紋路
[2m2026-03-29T05:46:50.339674Z[0m [32m INFO[0m [2msingularity_world::server::simulation_loop[0m[2m:[0m 注入事件種子: 今天的游離輻射塵好像比平常多一些，空氣裡有淡淡的粉光
[2m2026-03-29T05:56:50.833370Z[0m [32m INFO[0m [2msingularity_world::server::simulation_loop[0m[2m:[0m 注入事件種子: 聽說好事多的批發價又調了，最近物流好像不太順
[2m2026-03-29T06:06:50.846197Z[0m [32m INFO[0m [2msingularity_world::server::simulation_loop[0m[2m:[0m 注入事件種子: 電梯間排了好長的隊，聽說中間幾層在做維護
[2m2026-03-29T06:16:51.339571Z[0m [32m INFO[0m [2msingularity_world::server::simulation_loop[0m[2m:[0m 注入事件種子: 有人說聽見了低樓層的結構在微微嗡鳴，像建築在呼吸
[2m2026-03-29T06:26:51.341476Z[0m [32m INFO[0m [2msingularity_world::server::simulation_loop[0m[2m:[0m 注入事件種子: 五樓那戶陽台的根鬚盤得更緊了，看著倒是挺穩的
[2m2026-03-29T06:36:51.839203Z[0m [32m INFO[0m [2msingularity_world::server::simulation_loop[0m[2m:[0m 注入事件種子: 有人在樓下收購琉璃化的礦石碎片，出手很闊綽
[2m2026-03-29T06:42:15.716972Z[0m [32m INFO[0m [2msingularity_world::store[0m[2m:[0m [city] burg_id=32 載入: 23 語意節點（城門+區坊）, 9 可進建築
[2m2026-03-29T06:42:15.726024Z[0m [32m INFO[0m [2mpostgres::connection[0m[2m:[0m NOTICE: extension "vector" already exists, skipping
[2m2026-03-29T06:42:15.726214Z[0m [32m INFO[0m [2mpostgres::connection[0m[2m:[0m NOTICE: relation "auth" already exists, skipping
[2m2026-03-29T06:42:15.726292Z[0m [32m INFO[0m [2mpostgres::connection[0m[2m:[0m NOTICE: relation "event_log" already exists, skipping
[2m2026-03-29T06:42:15.726478Z[0m [32m INFO[0m [2mpostgres::connection[0m[2m:[0m NOTICE: relation "idx_event_log_entity_id" already exists, skipping
[2m2026-03-29T06:42:15.726540Z[0m [32m INFO[0m [2mpostgres::connection[0m[2m:[0m NOTICE: relation "archival" already exists, skipping
[2m2026-03-29T06:42:15.726612Z[0m [32m INFO[0m [2mpostgres::connection[0m[2m:[0m NOTICE: relation "idx_archival_entity_id" already exists, skipping
[2m2026-03-29T06:42:15.726692Z[0m [32m INFO[0m [2mpostgres::connection[0m[2m:[0m NOTICE: relation "npc_memories" already exists, skipping
[2m2026-03-29T06:42:15.726752Z[0m [32m INFO[0m [2mpostgres::connection[0m[2m:[0m NOTICE: relation "npc_summaries" already exists, skipping
[2m2026-03-29T06:42:15.726798Z[0m [32m INFO[0m [2mpostgres::connection[0m[2m:[0m NOTICE: relation "npc_npc_summaries" already exists, skipping
[2m2026-03-29T06:42:15.726848Z[0m [32m INFO[0m [2mpostgres::connection[0m[2m:[0m NOTICE: relation "npc_threads" already exists, skipping
[2m2026-03-29T06:42:15.726900Z[0m [32m INFO[0m [2mpostgres::connection[0m[2m:[0m NOTICE: relation "npc_dyads" already exists, skipping
[2m2026-03-29T06:42:15.726959Z[0m [32m INFO[0m [2mpostgres::connection[0m[2m:[0m NOTICE: relation "npc_rumors" already exists, skipping
[2m2026-03-29T06:42:15.727017Z[0m [32m INFO[0m [2mpostgres::connection[0m[2m:[0m NOTICE: relation "rooms" already exists, skipping
[2m2026-03-29T06:42:15.727063Z[0m [32m INFO[0m [2mpostgres::connection[0m[2m:[0m NOTICE: relation "exits" already exists, skipping
[2m2026-03-29T06:42:15.727151Z[0m [32m INFO[0m [2mpostgres::connection[0m[2m:[0m NOTICE: relation "entities" already exists, skipping
[2m2026-03-29T06:42:15.727255Z[0m [32m INFO[0m [2mpostgres::connection[0m[2m:[0m NOTICE: column "current_activity" of relation "entities" already exists, skipping
[2m2026-03-29T06:42:15.727697Z[0m [32m INFO[0m [2mpostgres::connection[0m[2m:[0m NOTICE: relation "entity_rooms" already exists, skipping
[2m2026-03-29T06:42:15.727753Z[0m [32m INFO[0m [2mpostgres::connection[0m[2m:[0m NOTICE: relation "venues" already exists, skipping
[2m2026-03-29T06:42:15.727805Z[0m [32m INFO[0m [2mpostgres::connection[0m[2m:[0m NOTICE: relation "assignments" already exists, skipping
[2m2026-03-29T06:42:15.727880Z[0m [32m INFO[0m [2mpostgres::connection[0m[2m:[0m NOTICE: relation "idx_assignments_venue" already exists, skipping
[2m2026-03-29T06:42:15.727927Z[0m [32m INFO[0m [2mpostgres::connection[0m[2m:[0m NOTICE: relation "schedules" already exists, skipping
[2m2026-03-29T06:42:15.727984Z[0m [32m INFO[0m [2mpostgres::connection[0m[2m:[0m NOTICE: relation "items" already exists, skipping
[2m2026-03-29T06:42:15.728048Z[0m [32m INFO[0m [2mpostgres::connection[0m[2m:[0m NOTICE: column "vit_bonus" of relation "items" already exists, skipping
[2m2026-03-29T06:42:15.728444Z[0m [32m INFO[0m [2mpostgres::connection[0m[2m:[0m NOTICE: column "dex_bonus" of relation "items" already exists, skipping
[2m2026-03-29T06:42:15.728822Z[0m [32m INFO[0m [2mpostgres::connection[0m[2m:[0m NOTICE: column "atk_bonus" of relation "items" already exists, skipping
[2m2026-03-29T06:42:15.729205Z[0m [32m INFO[0m [2mpostgres::connection[0m[2m:[0m NOTICE: relation "world_lexicon" already exists, skipping
[2m2026-03-29T06:42:15.729259Z[0m [32m INFO[0m [2mpostgres::connection[0m[2m:[0m NOTICE: relation "word_element_embeddings" already exists, skipping
[2m2026-03-29T06:42:15.729271Z[0m [32m INFO[0m [2msingularity_world::store[0m[2m:[0m [store] PostgreSQL 連線池已初始化: postgres://postgres:singularity@localhost:5432/singularity
[2m2026-03-29T06:42:15.730671Z[0m [32m INFO[0m [2msingularity_world::store[0m[2m:[0m [store] Loaded 716 entities from PostgreSQL
[2m2026-03-29T06:42:15.730956Z[0m [32m INFO[0m [2msingularity_world::store[0m[2m:[0m [store] Loaded 401 entity_rooms from PostgreSQL
[2m2026-03-29T06:42:15.731098Z[0m [32m INFO[0m [2msingularity_world::store[0m[2m:[0m [store] Loaded 4 assignments from PostgreSQL
[2m2026-03-29T06:42:15.731202Z[0m [32m INFO[0m [2msingularity_world::store[0m[2m:[0m [store] Loaded 3 schedules from PostgreSQL
[2m2026-03-29T06:42:15.731286Z[0m [32m INFO[0m [2msingularity_world::store[0m[2m:[0m [store] Loaded 1 venues from PostgreSQL
[2m2026-03-29T06:42:15.731376Z[0m [32m INFO[0m [2msingularity_world::store[0m[2m:[0m [store] Loaded 10 items from PostgreSQL
[2m2026-03-29T06:42:15.731477Z[0m [32m INFO[0m [2msingularity_world::store[0m[2m:[0m [store] Loaded 27 npc_threads from PostgreSQL
[2m2026-03-29T06:42:15.731574Z[0m [32m INFO[0m [2msingularity_world::store[0m[2m:[0m [store] 資料從 PostgreSQL 載入（主資料源）
[2m2026-03-29T06:42:15.733840Z[0m [32m INFO[0m [2msingularity_world::store[0m[2m:[0m [store] 載入完成: 726 rooms, 401 entity_room, 1 venues, 4 assignments, 3 schedules, 716 entities, 10 items, 27 threads, 0 dyads, 2291 rumors
[2m2026-03-29T06:42:15.903349Z[0m [32m INFO[0m [2msingularity_world::store[0m[2m:[0m [store] 726 個房間已同步至 PostgreSQL
[2m2026-03-29T06:42:15.903560Z[0m [32m INFO[0m [2mnpc_behavior[0m[2m:[0m loaded 18 roles from /home/tanger/Projects/singularity_world/data/npc_behaviors.json
[2m2026-03-29T06:42:15.904127Z[0m [32m INFO[0m [2mpathfind[0m[2m:[0m graph synced from store: 726 rooms, 1691 directed edges
[2m2026-03-29T06:42:15.904396Z[0m [32m INFO[0m [2msingularity_world::server::run[0m[2m:[0m Rust server listening on http://0.0.0.0:1721 (WebSocket /ws)
[2m2026-03-29T06:42:15.951316Z[0m [32m INFO[0m [2msingularity_world::server::simulation_loop[0m[2m:[0m 注入事件種子: 有住戶搬家了，留下的房間牆上全是根鬚攀痕，挺有意思的
[2m2026-03-29T06:52:16.422764Z[0m [32m INFO[0m [2msingularity_world::server::simulation_loop[0m[2m:[0m 注入事件種子: 走廊的老長凳被根鬚纏得更穩了，坐起來比以前舒服
[2m2026-03-29T07:02:16.917633Z[0m [32m INFO[0m [2msingularity_world::server::simulation_loop[0m[2m:[0m 注入事件種子: 今天空氣裡的膠質味比平常濃，像要變天了
[2m2026-03-29T07:12:17.421666Z[0m [32m INFO[0m [2msingularity_world::server::simulation_loop[0m[2m:[0m 注入事件種子: 凌晨在窗邊能看到遠處地脈的微光隱約在脈動，像心跳一樣
[2m2026-03-29T07:22:17.926312Z[0m [32m INFO[0m [2msingularity_world::server::simulation_loop[0m[2m:[0m 注入事件種子: 市集今天來了一批品相很好的玉質木材，攤販搶著進貨
[2m2026-03-29T07:32:18.424363Z[0m [32m INFO[0m [2msingularity_world::server::simulation_loop[0m[2m:[0m 注入事件種子: 採集隊說城外淺層礦脈的礦石開始出現新的玉化紋理
[2m2026-03-29T07:42:18.422448Z[0m [32m INFO[0m [2msingularity_world::server::simulation_loop[0m[2m:[0m 注入事件種子: 十一樓健身區新添了幾件器材，是用富態化木材做的
[2m2026-03-29T07:52:18.419409Z[0m [32m INFO[0m [2msingularity_world::server::simulation_loop[0m[2m:[0m 注入事件種子: 樓梯間的菌絲光昨晚特別亮，是琥珀色的
[2m2026-03-29T08:02:18.925351Z[0m [32m INFO[0m [2msingularity_world::server::simulation_loop[0m[2m:[0m 注入事件種子: 打鐵巷最近接了不少單，聽說是採集隊的工具要換新
[2m2026-03-29T08:12:18.918298Z[0m [32m INFO[0m [2msingularity_world::server::simulation_loop[0m[2m:[0m 注入事件種子: 聽回來的人講，城外的肉質籐蔓又往路邊多蔓了一些
[2m2026-03-29T08:22:19.421996Z[0m [32m INFO[0m [2msingularity_world::server::simulation_loop[0m[2m:[0m 注入事件種子: 有人在樓下收購琉璃化的礦石碎片，出手很闊綽
[2m2026-03-29T08:32:19.420899Z[0m [32m INFO[0m [2msingularity_world::server::simulation_loop[0m[2m:[0m 注入事件種子: 十六樓的某面牆突然長出了一小片琉璃化的結晶，很漂亮
[2m2026-03-29T08:42:19.931361Z[0m [32m INFO[0m [2msingularity_world::server::simulation_loop[0m[2m:[0m 注入事件種子: 最近幾天金屬器具的表面都浮了一層淡淡的礦脈紋路
[2m2026-03-29T08:52:19.919449Z[0m [32m INFO[0m [2msingularity_world::server::simulation_loop[0m[2m:[0m 注入事件種子: 加了福的肉質蔬果到貨了，今天特別新鮮
[2m2026-03-29T09:02:20.415028Z[0m [32m INFO[0m [2msingularity_world::server::simulation_loop[0m[2m:[0m 注入事件種子: 五樓那戶陽台的根鬚盤得更緊了，看著倒是挺穩的
[2m2026-03-29T09:03:38.252808Z[0m [32m INFO[0m [2msingularity_world::store[0m[2m:[0m [city] burg_id=32 載入: 23 語意節點（城門+區坊）, 9 可進建築
[2m2026-03-29T09:03:38.261542Z[0m [32m INFO[0m [2mpostgres::connection[0m[2m:[0m NOTICE: extension "vector" already exists, skipping
[2m2026-03-29T09:03:38.261703Z[0m [32m INFO[0m [2mpostgres::connection[0m[2m:[0m NOTICE: relation "auth" already exists, skipping
[2m2026-03-29T09:03:38.261768Z[0m [32m INFO[0m [2mpostgres::connection[0m[2m:[0m NOTICE: relation "event_log" already exists, skipping
[2m2026-03-29T09:03:38.261953Z[0m [32m INFO[0m [2mpostgres::connection[0m[2m:[0m NOTICE: relation "idx_event_log_entity_id" already exists, skipping
[2m2026-03-29T09:03:38.262034Z[0m [32m INFO[0m [2mpostgres::connection[0m[2m:[0m NOTICE: relation "archival" already exists, skipping
[2m2026-03-29T09:03:38.262136Z[0m [32m INFO[0m [2mpostgres::connection[0m[2m:[0m NOTICE: relation "idx_archival_entity_id" already exists, skipping
[2m2026-03-29T09:03:38.262197Z[0m [32m INFO[0m [2mpostgres::connection[0m[2m:[0m NOTICE: relation "npc_memories" already exists, skipping
[2m2026-03-29T09:03:38.262257Z[0m [32m INFO[0m [2mpostgres::connection[0m[2m:[0m NOTICE: relation "npc_summaries" already exists, skipping
[2m2026-03-29T09:03:38.262347Z[0m [32m INFO[0m [2mpostgres::connection[0m[2m:[0m NOTICE: relation "npc_npc_summaries" already exists, skipping
[2m2026-03-29T09:03:38.262432Z[0m [32m INFO[0m [2mpostgres::connection[0m[2m:[0m NOTICE: relation "npc_threads" already exists, skipping
[2m2026-03-29T09:03:38.262506Z[0m [32m INFO[0m [2mpostgres::connection[0m[2m:[0m NOTICE: relation "npc_dyads" already exists, skipping
[2m2026-03-29T09:03:38.262582Z[0m [32m INFO[0m [2mpostgres::connection[0m[2m:[0m NOTICE: relation "npc_rumors" already exists, skipping
[2m2026-03-29T09:03:38.262654Z[0m [32m INFO[0m [2mpostgres::connection[0m[2m:[0m NOTICE: relation "rooms" already exists, skipping
[2m2026-03-29T09:03:38.262755Z[0m [32m INFO[0m [2mpostgres::connection[0m[2m:[0m NOTICE: relation "exits" already exists, skipping
[2m2026-03-29T09:03:38.262903Z[0m [32m INFO[0m [2mpostgres::connection[0m[2m:[0m NOTICE: relation "entities" already exists, skipping
[2m2026-03-29T09:03:38.263124Z[0m [32m INFO[0m [2mpostgres::connection[0m[2m:[0m NOTICE: column "current_activity" of relation "entities" already exists, skipping
[2m2026-03-29T09:03:38.263666Z[0m [32m INFO[0m [2mpostgres::connection[0m[2m:[0m NOTICE: relation "entity_rooms" already exists, skipping
[2m2026-03-29T09:03:38.263795Z[0m [32m INFO[0m [2mpostgres::connection[0m[2m:[0m NOTICE: relation "venues" already exists, skipping
[2m2026-03-29T09:03:38.263876Z[0m [32m INFO[0m [2mpostgres::connection[0m[2m:[0m NOTICE: relation "assignments" already exists, skipping
[2m2026-03-29T09:03:38.263974Z[0m [32m INFO[0m [2mpostgres::connection[0m[2m:[0m NOTICE: relation "idx_assignments_venue" already exists, skipping
[2m2026-03-29T09:03:38.264033Z[0m [32m INFO[0m [2mpostgres::connection[0m[2m:[0m NOTICE: relation "schedules" already exists, skipping
[2m2026-03-29T09:03:38.264108Z[0m [32m INFO[0m [2mpostgres::connection[0m[2m:[0m NOTICE: relation "items" already exists, skipping
[2m2026-03-29T09:03:38.264189Z[0m [32m INFO[0m [2mpostgres::connection[0m[2m:[0m NOTICE: column "vit_bonus" of relation "items" already exists, skipping
[2m2026-03-29T09:03:38.264619Z[0m [32m INFO[0m [2mpostgres::connection[0m[2m:[0m NOTICE: column "dex_bonus" of relation "items" already exists, skipping
[2m2026-03-29T09:03:38.265001Z[0m [32m INFO[0m [2mpostgres::connection[0m[2m:[0m NOTICE: column "atk_bonus" of relation "items" already exists, skipping
[2m2026-03-29T09:03:38.265395Z[0m [32m INFO[0m [2mpostgres::connection[0m[2m:[0m NOTICE: relation "world_lexicon" already exists, skipping
[2m2026-03-29T09:03:38.265455Z[0m [32m INFO[0m [2mpostgres::connection[0m[2m:[0m NOTICE: relation "word_element_embeddings" already exists, skipping
[2m2026-03-29T09:03:38.265463Z[0m [32m INFO[0m [2msingularity_world::store[0m[2m:[0m [store] PostgreSQL 連線池已初始化: postgres://postgres:singularity@localhost:5432/singularity
[2m2026-03-29T09:03:38.267108Z[0m [32m INFO[0m [2msingularity_world::store[0m[2m:[0m [store] Loaded 716 entities from PostgreSQL
[2m2026-03-29T09:03:38.267511Z[0m [32m INFO[0m [2msingularity_world::store[0m[2m:[0m [store] Loaded 401 entity_rooms from PostgreSQL
[2m2026-03-29T09:03:38.267661Z[0m [32m INFO[0m [2msingularity_world::store[0m[2m:[0m [store] Loaded 4 assignments from PostgreSQL
[2m2026-03-29T09:03:38.267801Z[0m [32m INFO[0m [2msingularity_world::store[0m[2m:[0m [store] Loaded 3 schedules from PostgreSQL
[2m2026-03-29T09:03:38.267921Z[0m [32m INFO[0m [2msingularity_world::store[0m[2m:[0m [store] Loaded 1 venues from PostgreSQL
[2m2026-03-29T09:03:38.268043Z[0m [32m INFO[0m [2msingularity_world::store[0m[2m:[0m [store] Loaded 10 items from PostgreSQL
[2m2026-03-29T09:03:38.268185Z[0m [32m INFO[0m [2msingularity_world::store[0m[2m:[0m [store] Loaded 27 npc_threads from PostgreSQL
[2m2026-03-29T09:03:38.268371Z[0m [32m INFO[0m [2msingularity_world::store[0m[2m:[0m [store] 資料從 PostgreSQL 載入（主資料源）
[2m2026-03-29T09:03:38.270885Z[0m [32m INFO[0m [2msingularity_world::store[0m[2m:[0m [store] 載入完成: 726 rooms, 401 entity_room, 1 venues, 4 assignments, 3 schedules, 716 entities, 10 items, 27 threads, 0 dyads, 2307 rumors
[2m2026-03-29T09:03:38.430372Z[0m [32m INFO[0m [2msingularity_world::store[0m[2m:[0m [store] 726 個房間已同步至 PostgreSQL
[2m2026-03-29T09:03:38.430575Z[0m [32m INFO[0m [2mnpc_behavior[0m[2m:[0m loaded 18 roles from /home/tanger/Projects/singularity_world/data/npc_behaviors.json
[2m2026-03-29T09:03:38.431205Z[0m [32m INFO[0m [2mpathfind[0m[2m:[0m graph synced from store: 726 rooms, 1691 directed edges
[2m2026-03-29T09:03:38.431475Z[0m [32m INFO[0m [2msingularity_world::server::run[0m[2m:[0m Rust server listening on http://0.0.0.0:1721 (WebSocket /ws)
[2m2026-03-29T09:03:38.452404Z[0m [32m INFO[0m [2msingularity_world::server::simulation_loop[0m[2m:[0m 注入事件種子: 加了福的肉質蔬果到貨了，今天特別新鮮
[2m2026-03-29T09:13:38.947291Z[0m [32m INFO[0m [2msingularity_world::server::simulation_loop[0m[2m:[0m 注入事件種子: 凌晨在窗邊能看到遠處地脈的微光隱約在脈動，像心跳一樣
[2m2026-03-29T09:23:38.958393Z[0m [32m INFO[0m [2msingularity_world::server::simulation_loop[0m[2m:[0m 注入事件種子: 有人從低樓層看到遠處林冠線在晃動，可能是大型生物經過
[2m2026-03-29T09:33:39.450385Z[0m [32m INFO[0m [2msingularity_world::server::simulation_loop[0m[2m:[0m 注入事件種子: 聽回來的人講，城外的肉質籐蔓又往路邊多蔓了一些
[2m2026-03-29T09:43:39.947541Z[0m [32m INFO[0m [2msingularity_world::server::simulation_loop[0m[2m:[0m 注入事件種子: 今天空氣裡的膠質味比平常濃，像要變天了
[2m2026-03-29T09:53:39.946723Z[0m [32m INFO[0m [2msingularity_world::server::simulation_loop[0m[2m:[0m 注入事件種子: 三樓醫療區最近比較忙，好像是採集隊回城的季節
[2m2026-03-29T10:03:40.453295Z[0m [32m INFO[0m [2msingularity_world::server::simulation_loop[0m[2m:[0m 注入事件種子: 走廊的老長凳被根鬚纏得更穩了，坐起來比以前舒服
[2m2026-03-29T10:13:40.448367Z[0m [32m INFO[0m [2msingularity_world::server::simulation_loop[0m[2m:[0m 注入事件種子: 十六樓的某面牆突然長出了一小片琉璃化的結晶，很漂亮
[2m2026-03-29T10:23:40.449240Z[0m [32m INFO[0m [2msingularity_world::server::simulation_loop[0m[2m:[0m 注入事件種子: 有採集隊從城外回來說，霜林靠近城側的那片最近長得特別快
[2m2026-03-29T10:33:40.955895Z[0m [32m INFO[0m [2msingularity_world::server::simulation_loop[0m[2m:[0m 注入事件種子: 採集隊說城外淺層礦脈的礦石開始出現新的玉化紋理
[2m2026-03-29T10:43:40.947330Z[0m [32m INFO[0m [2msingularity_world::server::simulation_loop[0m[2m:[0m 注入事件種子: 有人在樓下收購琉璃化的礦石碎片，出手很闊綽
[2m2026-03-29T10:53:41.446206Z[0m [32m INFO[0m [2msingularity_world::server::simulation_loop[0m[2m:[0m 注入事件種子: 十六樓商區的地面接縫處冒出了細細的礦脈紋路
[2m2026-03-29T11:03:41.441666Z[0m [32m INFO[0m [2msingularity_world::server::simulation_loop[0m[2m:[0m 注入事件種子: 有住戶搬家了，留下的房間牆上全是根鬚攀痕，挺有意思的
[2m2026-03-29T11:13:41.946494Z[0m [32m INFO[0m [2msingularity_world::server::simulation_loop[0m[2m:[0m 注入事件種子: 打鐵巷最近接了不少單，聽說是採集隊的工具要換新
[2m2026-03-29T11:23:41.948559Z[0m [32m INFO[0m [2msingularity_world::server::simulation_loop[0m[2m:[0m 注入事件種子: 五樓那戶陽台的根鬚盤得更緊了，看著倒是挺穩的
[2m2026-03-29T11:33:42.444901Z[0m [32m INFO[0m [2msingularity_world::server::simulation_loop[0m[2m:[0m 注入事件種子: 今天的游離輻射塵好像比平常多一些，空氣裡有淡淡的粉光
[2m2026-03-29T11:43:42.447036Z[0m [32m INFO[0m [2msingularity_world::server::simulation_loop[0m[2m:[0m 注入事件種子: 藥材價格穩著，但品種比上個月少了幾樣
[2m2026-03-29T11:53:42.454235Z[0m [32m INFO[0m [2msingularity_world::server::simulation_loop[0m[2m:[0m 注入事件種子: 昨晚牆面的玉質脈絡突然閃了一下暗紫色的光，只持續了幾秒
[2m2026-03-29T12:03:42.942330Z[0m [32m INFO[0m [2msingularity_world::server::simulation_loop[0m[2m:[0m 注入事件種子: 市集今天來了一批品相很好的玉質木材，攤販搶著進貨
[2m2026-03-29T12:13:42.944771Z[0m [32m INFO[0m [2msingularity_world::server::simulation_loop[0m[2m:[0m 注入事件種子: 遠處的地脈微光今晚比平常亮一些，淡綠色的
[2m2026-03-29T12:23:43.446957Z[0m [32m INFO[0m [2msingularity_world::server::simulation_loop[0m[2m:[0m 注入事件種子: 樓頂的蓄水設施今天開始例行清洗，水量可能會少一會兒
[2m2026-03-29T12:33:43.946063Z[0m [32m INFO[0m [2msingularity_world::server::simulation_loop[0m[2m:[0m 注入事件種子: 有住戶說家裡石板縫長出了新的發光菌絲，紫綠色的
[2m2026-03-29T12:43:44.449962Z[0m [32m INFO[0m [2msingularity_world::server::simulation_loop[0m[2m:[0m 注入事件種子: 城外商路上的指引石被增生物覆蓋了一半，有隊伍去清理了
[2m2026-03-29T12:53:44.446603Z[0m [32m INFO[0m [2msingularity_world::server::simulation_loop[0m[2m:[0m 注入事件種子: 聽說好事多的批發價又調了，最近物流好像不太順
[2m2026-03-29T13:03:44.443216Z[0m [32m INFO[0m [2msingularity_world::server::simulation_loop[0m[2m:[0m 注入事件種子: 樓梯間的菌絲光昨晚特別亮，是琥珀色的
[2m2026-03-29T13:13:44.947435Z[0m [32m INFO[0m [2msingularity_world::server::simulation_loop[0m[2m:[0m 注入事件種子: 有人說聽見了低樓層的結構在微微嗡鳴，像建築在呼吸
[2m2026-03-29T13:23:45.456771Z[0m [32m INFO[0m [2msingularity_world::server::simulation_loop[0m[2m:[0m 注入事件種子: 十一樓健身區新添了幾件器材，是用富態化木材做的
[2m2026-03-29T13:33:45.944689Z[0m [32m INFO[0m [2msingularity_world::server::simulation_loop[0m[2m:[0m 注入事件種子: 最近幾天金屬器具的表面都浮了一層淡淡的礦脈紋路
[2m2026-03-29T13:43:45.945925Z[0m [32m INFO[0m [2msingularity_world::server::simulation_loop[0m[2m:[0m 注入事件種子: 電梯間排了好長的隊，聽說中間幾層在做維護
[2m2026-03-29T13:53:46.444374Z[0m [32m INFO[0m [2msingularity_world::server::simulation_loop[0m[2m:[0m 注入事件種子: 今早走廊牆縫裡的玉質脈絡又長了一截，紋路很好看
[2m2026-03-29T15:00:28.732221Z[0m [32m INFO[0m [2msingularity_world::store[0m[2m:[0m [city] burg_id=32 載入: 23 語意節點（城門+區坊）, 9 可進建築
[2m2026-03-29T15:00:28.742583Z[0m [32m INFO[0m [2mpostgres::connection[0m[2m:[0m NOTICE: extension "vector" already exists, skipping
[2m2026-03-29T15:00:28.742756Z[0m [32m INFO[0m [2mpostgres::connection[0m[2m:[0m NOTICE: relation "auth" already exists, skipping
[2m2026-03-29T15:00:28.742857Z[0m [32m INFO[0m [2mpostgres::connection[0m[2m:[0m NOTICE: relation "event_log" already exists, skipping
[2m2026-03-29T15:00:28.743132Z[0m [32m INFO[0m [2mpostgres::connection[0m[2m:[0m NOTICE: relation "idx_event_log_entity_id" already exists, skipping
[2m2026-03-29T15:00:28.743212Z[0m [32m INFO[0m [2mpostgres::connection[0m[2m:[0m NOTICE: relation "archival" already exists, skipping
[2m2026-03-29T15:00:28.743304Z[0m [32m INFO[0m [2mpostgres::connection[0m[2m:[0m NOTICE: relation "idx_archival_entity_id" already exists, skipping
[2m2026-03-29T15:00:28.743373Z[0m [32m INFO[0m [2mpostgres::connection[0m[2m:[0m NOTICE: relation "npc_memories" already exists, skipping
[2m2026-03-29T15:00:28.743429Z[0m [32m INFO[0m [2mpostgres::connection[0m[2m:[0m NOTICE: relation "npc_summaries" already exists, skipping
[2m2026-03-29T15:00:28.743483Z[0m [32m INFO[0m [2mpostgres::connection[0m[2m:[0m NOTICE: relation "npc_npc_summaries" already exists, skipping
[2m2026-03-29T15:00:28.743560Z[0m [32m INFO[0m [2mpostgres::connection[0m[2m:[0m NOTICE: relation "npc_threads" already exists, skipping
[2m2026-03-29T15:00:28.743625Z[0m [32m INFO[0m [2mpostgres::connection[0m[2m:[0m NOTICE: relation "npc_dyads" already exists, skipping
[2m2026-03-29T15:00:28.743708Z[0m [32m INFO[0m [2mpostgres::connection[0m[2m:[0m NOTICE: relation "npc_rumors" already exists, skipping
[2m2026-03-29T15:00:28.743777Z[0m [32m INFO[0m [2mpostgres::connection[0m[2m:[0m NOTICE: relation "rooms" already exists, skipping
[2m2026-03-29T15:00:28.743834Z[0m [32m INFO[0m [2mpostgres::connection[0m[2m:[0m NOTICE: relation "exits" already exists, skipping
[2m2026-03-29T15:00:28.743946Z[0m [32m INFO[0m [2mpostgres::connection[0m[2m:[0m NOTICE: relation "entities" already exists, skipping
[2m2026-03-29T15:00:28.744094Z[0m [32m INFO[0m [2mpostgres::connection[0m[2m:[0m NOTICE: column "current_activity" of relation "entities" already exists, skipping
[2m2026-03-29T15:00:28.744509Z[0m [32m INFO[0m [2mpostgres::connection[0m[2m:[0m NOTICE: relation "entity_rooms" already exists, skipping
[2m2026-03-29T15:00:28.744570Z[0m [32m INFO[0m [2mpostgres::connection[0m[2m:[0m NOTICE: relation "venues" already exists, skipping
[2m2026-03-29T15:00:28.744629Z[0m [32m INFO[0m [2mpostgres::connection[0m[2m:[0m NOTICE: relation "assignments" already exists, skipping
[2m2026-03-29T15:00:28.744717Z[0m [32m INFO[0m [2mpostgres::connection[0m[2m:[0m NOTICE: relation "idx_assignments_venue" already exists, skipping
[2m2026-03-29T15:00:28.744779Z[0m [32m INFO[0m [2mpostgres::connection[0m[2m:[0m NOTICE: relation "schedules" already exists, skipping
[2m2026-03-29T15:00:28.744850Z[0m [32m INFO[0m [2mpostgres::connection[0m[2m:[0m NOTICE: relation "items" already exists, skipping
[2m2026-03-29T15:00:28.744937Z[0m [32m INFO[0m [2mpostgres::connection[0m[2m:[0m NOTICE: column "vit_bonus" of relation "items" already exists, skipping
[2m2026-03-29T15:00:28.745382Z[0m [32m INFO[0m [2mpostgres::connection[0m[2m:[0m NOTICE: column "dex_bonus" of relation "items" already exists, skipping
[2m2026-03-29T15:00:28.745786Z[0m [32m INFO[0m [2mpostgres::connection[0m[2m:[0m NOTICE: column "atk_bonus" of relation "items" already exists, skipping
[2m2026-03-29T15:00:28.746197Z[0m [32m INFO[0m [2mpostgres::connection[0m[2m:[0m NOTICE: relation "world_lexicon" already exists, skipping
[2m2026-03-29T15:00:28.746260Z[0m [32m INFO[0m [2mpostgres::connection[0m[2m:[0m NOTICE: relation "word_element_embeddings" already exists, skipping
[2m2026-03-29T15:00:28.746269Z[0m [32m INFO[0m [2msingularity_world::store[0m[2m:[0m [store] PostgreSQL 連線池已初始化: postgres://postgres:singularity@localhost:5432/singularity
[2m2026-03-29T15:00:28.747307Z[0m [32m INFO[0m [2msingularity_world::store[0m[2m:[0m [store] Loaded 207 entities from PostgreSQL
[2m2026-03-29T15:00:28.747569Z[0m [32m INFO[0m [2msingularity_world::store[0m[2m:[0m [store] Loaded 176 entity_rooms from PostgreSQL
[2m2026-03-29T15:00:28.747894Z[0m [32m INFO[0m [2msingularity_world::store[0m[2m:[0m [store] Loaded 1 venues from PostgreSQL
[2m2026-03-29T15:00:28.748020Z[0m [32m INFO[0m [2msingularity_world::store[0m[2m:[0m [store] Loaded 10 items from PostgreSQL
[2m2026-03-29T15:00:28.748261Z[0m [32m INFO[0m [2msingularity_world::store[0m[2m:[0m [store] 資料從 PostgreSQL 載入（主資料源）
[2m2026-03-29T15:00:28.748513Z[0m [32m INFO[0m [2msingularity_world::store[0m[2m:[0m [store] 載入完成: 726 rooms, 176 entity_room, 1 venues, 0 assignments, 0 schedules, 207 entities, 10 items, 0 threads, 0 dyads, 23 rumors
[2m2026-03-29T15:00:28.929395Z[0m [32m INFO[0m [2msingularity_world::store[0m[2m:[0m [store] 726 個房間已同步至 PostgreSQL
[2m2026-03-29T15:00:28.929554Z[0m [32m INFO[0m [2mnpc_behavior[0m[2m:[0m loaded 18 roles from /home/tanger/Projects/singularity_world/data/npc_behaviors.json
[2m2026-03-29T15:00:28.930144Z[0m [32m INFO[0m [2mpathfind[0m[2m:[0m graph synced from store: 726 rooms, 1691 directed edges
[2m2026-03-29T15:00:28.930308Z[0m [32m INFO[0m [2msingularity_world::server::run[0m[2m:[0m Rust server listening on http://0.0.0.0:1721 (WebSocket /ws)
[2m2026-03-29T15:00:28.942013Z[0m [32m INFO[0m [2msingularity_world::server::simulation_loop[0m[2m:[0m 注入事件種子: 十一樓健身區新添了幾件器材，是用富態化木材做的
[2m2026-03-29T15:00:52.431286Z[0m [31mERROR[0m [2mr2d2[0m[2m:[0m connection closed
[2m2026-03-29T15:00:52.431377Z[0m [31mERROR[0m [2mr2d2[0m[2m:[0m db error: FATAL: terminating connection due to administrator command
[2m2026-03-29T15:00:52.431420Z[0m [31mERROR[0m [2mr2d2[0m[2m:[0m db error: FATAL: terminating connection due to administrator command
[2m2026-03-29T15:00:52.431450Z[0m [31mERROR[0m [2mr2d2[0m[2m:[0m db error: FATAL: terminating connection due to administrator command
[2m2026-03-29T15:00:52.431476Z[0m [31mERROR[0m [2mr2d2[0m[2m:[0m db error: FATAL: terminating connection due to administrator command
[2m2026-03-29T15:00:52.431499Z[0m [31mERROR[0m [2mr2d2[0m[2m:[0m db error: FATAL: terminating connection due to administrator command
[2m2026-03-29T15:00:52.431523Z[0m [31mERROR[0m [2mr2d2[0m[2m:[0m db error: FATAL: terminating connection due to administrator command
[2m2026-03-29T15:00:52.431545Z[0m [31mERROR[0m [2mr2d2[0m[2m:[0m db error: FATAL: terminating connection due to administrator command
[2m2026-03-29T15:00:52.431569Z[0m [31mERROR[0m [2mr2d2[0m[2m:[0m db error: FATAL: terminating connection due to administrator command
[2m2026-03-29T15:00:52.431598Z[0m [31mERROR[0m [2mr2d2[0m[2m:[0m db error: FATAL: terminating connection due to administrator command
[2m2026-03-29T15:03:31.648187Z[0m [32m INFO[0m [2msingularity_world::store[0m[2m:[0m [city] burg_id=32 載入: 23 語意節點（城門+區坊）, 9 可進建築
[2m2026-03-29T15:03:31.658511Z[0m [32m INFO[0m [2mpostgres::connection[0m[2m:[0m NOTICE: extension "vector" already exists, skipping
[2m2026-03-29T15:03:31.658794Z[0m [32m INFO[0m [2mpostgres::connection[0m[2m:[0m NOTICE: relation "auth" already exists, skipping
[2m2026-03-29T15:03:31.658903Z[0m [32m INFO[0m [2mpostgres::connection[0m[2m:[0m NOTICE: relation "event_log" already exists, skipping
[2m2026-03-29T15:03:31.659630Z[0m [32m INFO[0m [2mpostgres::connection[0m[2m:[0m NOTICE: relation "idx_event_log_entity_id" already exists, skipping
[2m2026-03-29T15:03:31.659732Z[0m [32m INFO[0m [2mpostgres::connection[0m[2m:[0m NOTICE: relation "archival" already exists, skipping
[2m2026-03-29T15:03:31.659818Z[0m [32m INFO[0m [2mpostgres::connection[0m[2m:[0m NOTICE: relation "idx_archival_entity_id" already exists, skipping
[2m2026-03-29T15:03:31.659939Z[0m [32m INFO[0m [2mpostgres::connection[0m[2m:[0m NOTICE: relation "npc_memories" already exists, skipping
[2m2026-03-29T15:03:31.660007Z[0m [32m INFO[0m [2mpostgres::connection[0m[2m:[0m NOTICE: relation "npc_summaries" already exists, skipping
[2m2026-03-29T15:03:31.660066Z[0m [32m INFO[0m [2mpostgres::connection[0m[2m:[0m NOTICE: relation "npc_npc_summaries" already exists, skipping
[2m2026-03-29T15:03:31.660150Z[0m [32m INFO[0m [2mpostgres::connection[0m[2m:[0m NOTICE: relation "npc_threads" already exists, skipping
[2m2026-03-29T15:03:31.660221Z[0m [32m INFO[0m [2mpostgres::connection[0m[2m:[0m NOTICE: relation "npc_dyads" already exists, skipping
[2m2026-03-29T15:03:31.660297Z[0m [32m INFO[0m [2mpostgres::connection[0m[2m:[0m NOTICE: relation "npc_rumors" already exists, skipping
[2m2026-03-29T15:03:31.660378Z[0m [32m INFO[0m [2mpostgres::connection[0m[2m:[0m NOTICE: relation "rooms" already exists, skipping
[2m2026-03-29T15:03:31.660435Z[0m [32m INFO[0m [2mpostgres::connection[0m[2m:[0m NOTICE: relation "exits" already exists, skipping
[2m2026-03-29T15:03:31.660528Z[0m [32m INFO[0m [2mpostgres::connection[0m[2m:[0m NOTICE: relation "entities" already exists, skipping
[2m2026-03-29T15:03:31.660733Z[0m [32m INFO[0m [2mpostgres::connection[0m[2m:[0m NOTICE: column "current_activity" of relation "entities" already exists, skipping
[2m2026-03-29T15:03:31.661176Z[0m [32m INFO[0m [2mpostgres::connection[0m[2m:[0m NOTICE: relation "entity_rooms" already exists, skipping
[2m2026-03-29T15:03:31.661237Z[0m [32m INFO[0m [2mpostgres::connection[0m[2m:[0m NOTICE: relation "venues" already exists, skipping
[2m2026-03-29T15:03:31.661294Z[0m [32m INFO[0m [2mpostgres::connection[0m[2m:[0m NOTICE: relation "assignments" already exists, skipping
[2m2026-03-29T15:03:31.661378Z[0m [32m INFO[0m [2mpostgres::connection[0m[2m:[0m NOTICE: relation "idx_assignments_venue" already exists, skipping
[2m2026-03-29T15:03:31.661434Z[0m [32m INFO[0m [2mpostgres::connection[0m[2m:[0m NOTICE: relation "schedules" already exists, skipping
[2m2026-03-29T15:03:31.661498Z[0m [32m INFO[0m [2mpostgres::connection[0m[2m:[0m NOTICE: relation "items" already exists, skipping
[2m2026-03-29T15:03:31.661569Z[0m [32m INFO[0m [2mpostgres::connection[0m[2m:[0m NOTICE: column "vit_bonus" of relation "items" already exists, skipping
[2m2026-03-29T15:03:31.661972Z[0m [32m INFO[0m [2mpostgres::connection[0m[2m:[0m NOTICE: column "dex_bonus" of relation "items" already exists, skipping
[2m2026-03-29T15:03:31.662347Z[0m [32m INFO[0m [2mpostgres::connection[0m[2m:[0m NOTICE: column "atk_bonus" of relation "items" already exists, skipping
[2m2026-03-29T15:03:31.662739Z[0m [32m INFO[0m [2mpostgres::connection[0m[2m:[0m NOTICE: relation "world_lexicon" already exists, skipping
[2m2026-03-29T15:03:31.662796Z[0m [32m INFO[0m [2mpostgres::connection[0m[2m:[0m NOTICE: relation "word_element_embeddings" already exists, skipping
[2m2026-03-29T15:03:31.662806Z[0m [32m INFO[0m [2msingularity_world::store[0m[2m:[0m [store] PostgreSQL 連線池已初始化: postgres://postgres:singularity@localhost:5432/singularity
[2m2026-03-29T15:03:31.663721Z[0m [32m INFO[0m [2msingularity_world::store[0m[2m:[0m [store] Loaded 207 entities from PostgreSQL
[2m2026-03-29T15:03:31.663940Z[0m [32m INFO[0m [2msingularity_world::store[0m[2m:[0m [store] Loaded 176 entity_rooms from PostgreSQL
[2m2026-03-29T15:03:31.664285Z[0m [32m INFO[0m [2msingularity_world::store[0m[2m:[0m [store] Loaded 2 assignments from PostgreSQL
[2m2026-03-29T15:03:31.664937Z[0m [32m INFO[0m [2msingularity_world::store[0m[2m:[0m [store] Loaded 1 venues from PostgreSQL
[2m2026-03-29T15:03:31.665299Z[0m [32m INFO[0m [2msingularity_world::store[0m[2m:[0m [store] Loaded 10 items from PostgreSQL
[2m2026-03-29T15:03:31.665871Z[0m [32m INFO[0m [2msingularity_world::store[0m[2m:[0m [store] 資料從 PostgreSQL 載入（主資料源）
[2m2026-03-29T15:03:31.666110Z[0m [32m INFO[0m [2msingularity_world::store[0m[2m:[0m [store] 載入完成: 726 rooms, 176 entity_room, 1 venues, 2 assignments, 0 schedules, 207 entities, 10 items, 0 threads, 0 dyads, 24 rumors
[2m2026-03-29T15:03:31.853131Z[0m [32m INFO[0m [2msingularity_world::store[0m[2m:[0m [store] 726 個房間已同步至 PostgreSQL
[2m2026-03-29T15:03:31.853301Z[0m [32m INFO[0m [2mnpc_behavior[0m[2m:[0m loaded 18 roles from /home/tanger/Projects/singularity_world/data/npc_behaviors.json
[2m2026-03-29T15:03:31.854097Z[0m [32m INFO[0m [2mpathfind[0m[2m:[0m graph synced from store: 726 rooms, 1691 directed edges
[2m2026-03-29T15:03:31.854250Z[0m [32m INFO[0m [2msingularity_world::server::run[0m[2m:[0m Rust server listening on http://0.0.0.0:1721 (WebSocket /ws)
[2m2026-03-29T15:03:31.869104Z[0m [32m INFO[0m [2msingularity_world::server::simulation_loop[0m[2m:[0m 注入事件種子: 十六樓商區的地面接縫處冒出了細細的礦脈紋路
[2m2026-03-29T15:09:09.506833Z[0m [32m INFO[0m [2msingularity_world::store[0m[2m:[0m [city] burg_id=32 載入: 23 語意節點（城門+區坊）, 9 可進建築
[2m2026-03-29T15:09:09.516846Z[0m [32m INFO[0m [2mpostgres::connection[0m[2m:[0m NOTICE: extension "vector" already exists, skipping
[2m2026-03-29T15:09:09.517015Z[0m [32m INFO[0m [2mpostgres::connection[0m[2m:[0m NOTICE: relation "auth" already exists, skipping
[2m2026-03-29T15:09:09.517095Z[0m [32m INFO[0m [2mpostgres::connection[0m[2m:[0m NOTICE: relation "event_log" already exists, skipping
[2m2026-03-29T15:09:09.517289Z[0m [32m INFO[0m [2mpostgres::connection[0m[2m:[0m NOTICE: relation "idx_event_log_entity_id" already exists, skipping
[2m2026-03-29T15:09:09.517365Z[0m [32m INFO[0m [2mpostgres::connection[0m[2m:[0m NOTICE: relation "archival" already exists, skipping
[2m2026-03-29T15:09:09.517438Z[0m [32m INFO[0m [2mpostgres::connection[0m[2m:[0m NOTICE: relation "idx_archival_entity_id" already exists, skipping
[2m2026-03-29T15:09:09.517501Z[0m [32m INFO[0m [2mpostgres::connection[0m[2m:[0m NOTICE: relation "npc_memories" already exists, skipping
[2m2026-03-29T15:09:09.517554Z[0m [32m INFO[0m [2mpostgres::connection[0m[2m:[0m NOTICE: relation "npc_summaries" already exists, skipping
[2m2026-03-29T15:09:09.517603Z[0m [32m INFO[0m [2mpostgres::connection[0m[2m:[0m NOTICE: relation "npc_npc_summaries" already exists, skipping
[2m2026-03-29T15:09:09.517662Z[0m [32m INFO[0m [2mpostgres::connection[0m[2m:[0m NOTICE: relation "npc_threads" already exists, skipping
[2m2026-03-29T15:09:09.517719Z[0m [32m INFO[0m [2mpostgres::connection[0m[2m:[0m NOTICE: relation "npc_dyads" already exists, skipping
[2m2026-03-29T15:09:09.517789Z[0m [32m INFO[0m [2mpostgres::connection[0m[2m:[0m NOTICE: relation "npc_rumors" already exists, skipping
[2m2026-03-29T15:09:09.517848Z[0m [32m INFO[0m [2mpostgres::connection[0m[2m:[0m NOTICE: relation "rooms" already exists, skipping
[2m2026-03-29T15:09:09.517900Z[0m [32m INFO[0m [2mpostgres::connection[0m[2m:[0m NOTICE: relation "exits" already exists, skipping
[2m2026-03-29T15:09:09.517987Z[0m [32m INFO[0m [2mpostgres::connection[0m[2m:[0m NOTICE: relation "entities" already exists, skipping
[2m2026-03-29T15:09:09.518097Z[0m [32m INFO[0m [2mpostgres::connection[0m[2m:[0m NOTICE: column "current_activity" of relation "entities" already exists, skipping
[2m2026-03-29T15:09:09.518426Z[0m [32m INFO[0m [2mpostgres::connection[0m[2m:[0m NOTICE: relation "entity_rooms" already exists, skipping
[2m2026-03-29T15:09:09.518484Z[0m [32m INFO[0m [2mpostgres::connection[0m[2m:[0m NOTICE: relation "venues" already exists, skipping
[2m2026-03-29T15:09:09.518538Z[0m [32m INFO[0m [2mpostgres::connection[0m[2m:[0m NOTICE: relation "assignments" already exists, skipping
[2m2026-03-29T15:09:09.518615Z[0m [32m INFO[0m [2mpostgres::connection[0m[2m:[0m NOTICE: relation "idx_assignments_venue" already exists, skipping
[2m2026-03-29T15:09:09.518671Z[0m [32m INFO[0m [2mpostgres::connection[0m[2m:[0m NOTICE: relation "schedules" already exists, skipping
[2m2026-03-29T15:09:09.518733Z[0m [32m INFO[0m [2mpostgres::connection[0m[2m:[0m NOTICE: relation "items" already exists, skipping
[2m2026-03-29T15:09:09.518805Z[0m [32m INFO[0m [2mpostgres::connection[0m[2m:[0m NOTICE: column "vit_bonus" of relation "items" already exists, skipping
[2m2026-03-29T15:09:09.519227Z[0m [32m INFO[0m [2mpostgres::connection[0m[2m:[0m NOTICE: column "dex_bonus" of relation "items" already exists, skipping
[2m2026-03-29T15:09:09.519617Z[0m [32m INFO[0m [2mpostgres::connection[0m[2m:[0m NOTICE: column "atk_bonus" of relation "items" already exists, skipping
[2m2026-03-29T15:09:09.520000Z[0m [32m INFO[0m [2mpostgres::connection[0m[2m:[0m NOTICE: relation "world_lexicon" already exists, skipping
[2m2026-03-29T15:09:09.520056Z[0m [32m INFO[0m [2mpostgres::connection[0m[2m:[0m NOTICE: relation "word_element_embeddings" already exists, skipping
[2m2026-03-29T15:09:09.520064Z[0m [32m INFO[0m [2msingularity_world::store[0m[2m:[0m [store] PostgreSQL 連線池已初始化: postgres://postgres:singularity@localhost:5432/singularity
[2m2026-03-29T15:09:09.520546Z[0m [32m INFO[0m [2msingularity_world::store[0m[2m:[0m [store] Loaded 1 entities from PostgreSQL
[2m2026-03-29T15:09:09.520645Z[0m [32m INFO[0m [2msingularity_world::store[0m[2m:[0m [store] Loaded 1 entity_rooms from PostgreSQL
[2m2026-03-29T15:09:09.520882Z[0m [32m INFO[0m [2msingularity_world::store[0m[2m:[0m [store] Loaded 1 venues from PostgreSQL
[2m2026-03-29T15:09:09.520995Z[0m [32m INFO[0m [2msingularity_world::store[0m[2m:[0m [store] Loaded 10 items from PostgreSQL
[2m2026-03-29T15:09:09.521184Z[0m [32m INFO[0m [2msingularity_world::store[0m[2m:[0m [store] 資料從 PostgreSQL 載入（主資料源）
[2m2026-03-29T15:09:09.521327Z[0m [32m INFO[0m [2msingularity_world::store[0m[2m:[0m [store] 載入完成: 726 rooms, 1 entity_room, 1 venues, 0 assignments, 0 schedules, 1 entities, 10 items, 0 threads, 0 dyads, 0 rumors
[2m2026-03-29T15:09:09.696373Z[0m [32m INFO[0m [2msingularity_world::store[0m[2m:[0m [store] 726 個房間已同步至 PostgreSQL
[2m2026-03-29T15:09:09.696505Z[0m [32m INFO[0m [2mnpc_behavior[0m[2m:[0m loaded 18 roles from /home/tanger/Projects/singularity_world/data/npc_behaviors.json
[2m2026-03-29T15:09:09.697081Z[0m [32m INFO[0m [2mpathfind[0m[2m:[0m graph synced from store: 726 rooms, 1691 directed edges
[2m2026-03-29T15:09:09.697195Z[0m [32m INFO[0m [2msingularity_world::server::run[0m[2m:[0m Rust server listening on http://0.0.0.0:1721 (WebSocket /ws)
[2m2026-03-29T15:09:09.699093Z[0m [32m INFO[0m [2msingularity_world::server::simulation_loop[0m[2m:[0m 注入事件種子: 樓梯間的菌絲光昨晚特別亮，是琥珀色的
[2m2026-03-29T15:19:10.199404Z[0m [32m INFO[0m [2msingularity_world::server::simulation_loop[0m[2m:[0m 注入事件種子: 三樓醫療區最近比較忙，好像是採集隊回城的季節
[2m2026-03-29T15:29:10.200577Z[0m [32m INFO[0m [2msingularity_world::server::simulation_loop[0m[2m:[0m 注入事件種子: 有人說聽見了低樓層的結構在微微嗡鳴，像建築在呼吸
[2m2026-03-29T15:39:10.201251Z[0m [32m INFO[0m [2msingularity_world::server::simulation_loop[0m[2m:[0m 注入事件種子: 十六樓的某面牆突然長出了一小片琉璃化的結晶，很漂亮
[2m2026-03-29T15:49:10.701906Z[0m [32m INFO[0m [2msingularity_world::server::simulation_loop[0m[2m:[0m 注入事件種子: 聽回來的人講，城外的肉質籐蔓又往路邊多蔓了一些
[2m2026-03-29T15:59:11.201866Z[0m [32m INFO[0m [2msingularity_world::server::simulation_loop[0m[2m:[0m 注入事件種子: 凌晨在窗邊能看到遠處地脈的微光隱約在脈動，像心跳一樣
[2m2026-03-29T16:09:11.702910Z[0m [32m INFO[0m [2msingularity_world::server::simulation_loop[0m[2m:[0m 注入事件種子: 今天的游離輻射塵好像比平常多一些，空氣裡有淡淡的粉光
[2m2026-03-29T16:19:12.201355Z[0m [32m INFO[0m [2msingularity_world::server::simulation_loop[0m[2m:[0m 注入事件種子: 電梯間排了好長的隊，聽說中間幾層在做維護
[2m2026-03-29T16:29:12.202180Z[0m [32m INFO[0m [2msingularity_world::server::simulation_loop[0m[2m:[0m 注入事件種子: 遠處的地脈微光今晚比平常亮一些，淡綠色的
[2m2026-03-29T16:39:12.202395Z[0m [32m INFO[0m [2msingularity_world::server::simulation_loop[0m[2m:[0m 注入事件種子: 十一樓健身區新添了幾件器材，是用富態化木材做的
[2m2026-03-29T16:49:12.703295Z[0m [32m INFO[0m [2msingularity_world::server::simulation_loop[0m[2m:[0m 注入事件種子: 五樓那戶陽台的根鬚盤得更緊了，看著倒是挺穩的
[2m2026-03-29T16:59:13.201908Z[0m [32m INFO[0m [2msingularity_world::server::simulation_loop[0m[2m:[0m 注入事件種子: 藥材價格穩著，但品種比上個月少了幾樣
[2m2026-03-29T17:09:13.702138Z[0m [32m INFO[0m [2msingularity_world::server::simulation_loop[0m[2m:[0m 注入事件種子: 樓頂的蓄水設施今天開始例行清洗，水量可能會少一會兒
[2m2026-03-29T17:19:14.202148Z[0m [32m INFO[0m [2msingularity_world::server::simulation_loop[0m[2m:[0m 注入事件種子: 城外商路上的指引石被增生物覆蓋了一半，有隊伍去清理了
[2m2026-03-29T17:29:14.202125Z[0m [32m INFO[0m [2msingularity_world::server::simulation_loop[0m[2m:[0m 注入事件種子: 今天空氣裡的膠質味比平常濃，像要變天了
[2m2026-03-29T17:39:14.701663Z[0m [32m INFO[0m [2msingularity_world::server::simulation_loop[0m[2m:[0m 注入事件種子: 走廊的老長凳被根鬚纏得更穩了，坐起來比以前舒服
[2m2026-03-29T17:49:15.201774Z[0m [32m INFO[0m [2msingularity_world::server::simulation_loop[0m[2m:[0m 注入事件種子: 有住戶搬家了，留下的房間牆上全是根鬚攀痕，挺有意思的
[2m2026-03-29T17:59:15.202414Z[0m [32m INFO[0m [2msingularity_world::server::simulation_loop[0m[2m:[0m 注入事件種子: 聽說好事多的批發價又調了，最近物流好像不太順
[2m2026-03-29T18:09:15.701962Z[0m [32m INFO[0m [2msingularity_world::server::simulation_loop[0m[2m:[0m 注入事件種子: 今早走廊牆縫裡的玉質脈絡又長了一截，紋路很好看
[2m2026-03-29T18:19:15.703058Z[0m [32m INFO[0m [2msingularity_world::server::simulation_loop[0m[2m:[0m 注入事件種子: 採集隊說城外淺層礦脈的礦石開始出現新的玉化紋理
[2m2026-03-29T18:29:16.202356Z[0m [32m INFO[0m [2msingularity_world::server::simulation_loop[0m[2m:[0m 注入事件種子: 昨晚牆面的玉質脈絡突然閃了一下暗紫色的光，只持續了幾秒
[2m2026-03-29T18:39:16.201569Z[0m [32m INFO[0m [2msingularity_world::server::simulation_loop[0m[2m:[0m 注入事件種子: 最近幾天金屬器具的表面都浮了一層淡淡的礦脈紋路
[2m2026-03-29T18:49:16.202820Z[0m [32m INFO[0m [2msingularity_world::server::simulation_loop[0m[2m:[0m 注入事件種子: 有人在樓下收購琉璃化的礦石碎片，出手很闊綽
[2m2026-03-29T18:59:16.202955Z[0m [32m INFO[0m [2msingularity_world::server::simulation_loop[0m[2m:[0m 注入事件種子: 有住戶說家裡石板縫長出了新的發光菌絲，紫綠色的
[2m2026-03-29T19:09:16.702806Z[0m [32m INFO[0m [2msingularity_world::server::simulation_loop[0m[2m:[0m 注入事件種子: 加了福的肉質蔬果到貨了，今天特別新鮮
[2m2026-03-29T19:19:16.702191Z[0m [32m INFO[0m [2msingularity_world::server::simulation_loop[0m[2m:[0m 注入事件種子: 打鐵巷最近接了不少單，聽說是採集隊的工具要換新
[2m2026-03-29T19:29:16.702721Z[0m [32m INFO[0m [2msingularity_world::server::simulation_loop[0m[2m:[0m 注入事件種子: 市集今天來了一批品相很好的玉質木材，攤販搶著進貨
[2m2026-03-29T19:39:17.202316Z[0m [32m INFO[0m [2msingularity_world::server::simulation_loop[0m[2m:[0m 注入事件種子: 有採集隊從城外回來說，霜林靠近城側的那片最近長得特別快
[2m2026-03-29T19:49:17.701671Z[0m [32m INFO[0m [2msingularity_world::server::simulation_loop[0m[2m:[0m 注入事件種子: 有人從低樓層看到遠處林冠線在晃動，可能是大型生物經過
[2m2026-03-29T19:59:17.701395Z[0m [32m INFO[0m [2msingularity_world::server::simulation_loop[0m[2m:[0m 注入事件種子: 十六樓商區的地面接縫處冒出了細細的礦脈紋路
[2m2026-03-29T22:24:21.953894Z[0m [32m INFO[0m [2msingularity_world::store[0m[2m:[0m [city] burg_id=32 載入: 23 語意節點（城門+區坊）, 9 可進建築
[2m2026-03-29T22:24:21.964582Z[0m [32m INFO[0m [2mpostgres::connection[0m[2m:[0m NOTICE: extension "vector" already exists, skipping
[2m2026-03-29T22:24:21.964782Z[0m [32m INFO[0m [2mpostgres::connection[0m[2m:[0m NOTICE: relation "auth" already exists, skipping
[2m2026-03-29T22:24:21.964894Z[0m [32m INFO[0m [2mpostgres::connection[0m[2m:[0m NOTICE: relation "event_log" already exists, skipping
[2m2026-03-29T22:24:21.965225Z[0m [32m INFO[0m [2mpostgres::connection[0m[2m:[0m NOTICE: relation "idx_event_log_entity_id" already exists, skipping
[2m2026-03-29T22:24:21.965379Z[0m [32m INFO[0m [2mpostgres::connection[0m[2m:[0m NOTICE: relation "archival" already exists, skipping
[2m2026-03-29T22:24:21.965496Z[0m [32m INFO[0m [2mpostgres::connection[0m[2m:[0m NOTICE: relation "idx_archival_entity_id" already exists, skipping
[2m2026-03-29T22:24:21.965588Z[0m [32m INFO[0m [2mpostgres::connection[0m[2m:[0m NOTICE: relation "npc_memories" already exists, skipping
[2m2026-03-29T22:24:21.965662Z[0m [32m INFO[0m [2mpostgres::connection[0m[2m:[0m NOTICE: relation "npc_summaries" already exists, skipping
[2m2026-03-29T22:24:21.965731Z[0m [32m INFO[0m [2mpostgres::connection[0m[2m:[0m NOTICE: relation "npc_npc_summaries" already exists, skipping
[2m2026-03-29T22:24:21.965809Z[0m [32m INFO[0m [2mpostgres::connection[0m[2m:[0m NOTICE: relation "npc_threads" already exists, skipping
[2m2026-03-29T22:24:21.965887Z[0m [32m INFO[0m [2mpostgres::connection[0m[2m:[0m NOTICE: relation "npc_dyads" already exists, skipping
[2m2026-03-29T22:24:21.966003Z[0m [32m INFO[0m [2mpostgres::connection[0m[2m:[0m NOTICE: relation "npc_rumors" already exists, skipping
[2m2026-03-29T22:24:21.966119Z[0m [32m INFO[0m [2mpostgres::connection[0m[2m:[0m NOTICE: relation "rooms" already exists, skipping
[2m2026-03-29T22:24:21.966206Z[0m [32m INFO[0m [2mpostgres::connection[0m[2m:[0m NOTICE: relation "exits" already exists, skipping
[2m2026-03-29T22:24:21.966326Z[0m [32m INFO[0m [2mpostgres::connection[0m[2m:[0m NOTICE: relation "entities" already exists, skipping
[2m2026-03-29T22:24:21.966463Z[0m [32m INFO[0m [2mpostgres::connection[0m[2m:[0m NOTICE: column "current_activity" of relation "entities" already exists, skipping
[2m2026-03-29T22:24:21.966928Z[0m [32m INFO[0m [2mpostgres::connection[0m[2m:[0m NOTICE: relation "entity_rooms" already exists, skipping
[2m2026-03-29T22:24:21.967010Z[0m [32m INFO[0m [2mpostgres::connection[0m[2m:[0m NOTICE: relation "venues" already exists, skipping
[2m2026-03-29T22:24:21.967092Z[0m [32m INFO[0m [2mpostgres::connection[0m[2m:[0m NOTICE: relation "assignments" already exists, skipping
[2m2026-03-29T22:24:21.967196Z[0m [32m INFO[0m [2mpostgres::connection[0m[2m:[0m NOTICE: relation "idx_assignments_venue" already exists, skipping
[2m2026-03-29T22:24:21.967292Z[0m [32m INFO[0m [2mpostgres::connection[0m[2m:[0m NOTICE: relation "schedules" already exists, skipping
[2m2026-03-29T22:24:21.967381Z[0m [32m INFO[0m [2mpostgres::connection[0m[2m:[0m NOTICE: relation "items" already exists, skipping
[2m2026-03-29T22:24:21.967479Z[0m [32m INFO[0m [2mpostgres::connection[0m[2m:[0m NOTICE: column "vit_bonus" of relation "items" already exists, skipping
[2m2026-03-29T22:24:21.967887Z[0m [32m INFO[0m [2mpostgres::connection[0m[2m:[0m NOTICE: column "dex_bonus" of relation "items" already exists, skipping
[2m2026-03-29T22:24:21.968280Z[0m [32m INFO[0m [2mpostgres::connection[0m[2m:[0m NOTICE: column "atk_bonus" of relation "items" already exists, skipping
[2m2026-03-29T22:24:21.968671Z[0m [32m INFO[0m [2mpostgres::connection[0m[2m:[0m NOTICE: relation "world_lexicon" already exists, skipping
[2m2026-03-29T22:24:21.968753Z[0m [32m INFO[0m [2mpostgres::connection[0m[2m:[0m NOTICE: relation "word_element_embeddings" already exists, skipping
[2m2026-03-29T22:24:21.968780Z[0m [32m INFO[0m [2msingularity_world::store[0m[2m:[0m [store] PostgreSQL 連線池已初始化: postgres://postgres:singularity@localhost:5432/singularity
[2m2026-03-29T22:24:21.969283Z[0m [32m INFO[0m [2msingularity_world::store[0m[2m:[0m [store] Loaded 1 entities from PostgreSQL
[2m2026-03-29T22:24:21.969400Z[0m [32m INFO[0m [2msingularity_world::store[0m[2m:[0m [store] Loaded 1 entity_rooms from PostgreSQL
[2m2026-03-29T22:24:21.969731Z[0m [32m INFO[0m [2msingularity_world::store[0m[2m:[0m [store] Loaded 1 venues from PostgreSQL
[2m2026-03-29T22:24:21.969878Z[0m [32m INFO[0m [2msingularity_world::store[0m[2m:[0m [store] Loaded 10 items from PostgreSQL
[2m2026-03-29T22:24:21.970145Z[0m [32m INFO[0m [2msingularity_world::store[0m[2m:[0m [store] 資料從 PostgreSQL 載入（主資料源）
[2m2026-03-29T22:24:21.970411Z[0m [32m INFO[0m [2msingularity_world::store[0m[2m:[0m [store] 載入完成: 726 rooms, 1 entity_room, 1 venues, 0 assignments, 0 schedules, 1 entities, 10 items, 0 threads, 0 dyads, 33 rumors
[2m2026-03-29T22:24:22.183631Z[0m [32m INFO[0m [2msingularity_world::store[0m[2m:[0m [store] 726 個房間已同步至 PostgreSQL
[2m2026-03-29T22:24:22.183790Z[0m [32m INFO[0m [2mnpc_behavior[0m[2m:[0m loaded 18 roles from /home/tanger/Projects/singularity_world/data/npc_behaviors.json
[2m2026-03-29T22:24:22.184371Z[0m [32m INFO[0m [2mpathfind[0m[2m:[0m graph synced from store: 726 rooms, 1691 directed edges
[2m2026-03-29T22:24:22.184483Z[0m [32m INFO[0m [2msingularity_world::server::run[0m[2m:[0m Rust server listening on http://0.0.0.0:1721 (WebSocket /ws)
[2m2026-03-29T22:24:22.186531Z[0m [32m INFO[0m [2msingularity_world::server::simulation_loop[0m[2m:[0m 注入事件種子: 今早走廊牆縫裡的玉質脈絡又長了一截，紋路很好看
[2m2026-03-29T22:34:22.188268Z[0m [32m INFO[0m [2msingularity_world::server::simulation_loop[0m[2m:[0m 注入事件種子: 有採集隊從城外回來說，霜林靠近城側的那片最近長得特別快
[2m2026-03-29T22:44:22.688503Z[0m [32m INFO[0m [2msingularity_world::server::simulation_loop[0m[2m:[0m 注入事件種子: 走廊的老長凳被根鬚纏得更穩了，坐起來比以前舒服
[2m2026-03-29T22:54:23.189078Z[0m [32m INFO[0m [2msingularity_world::server::simulation_loop[0m[2m:[0m 注入事件種子: 遠處的地脈微光今晚比平常亮一些，淡綠色的
[2m2026-03-29T23:04:23.198513Z[0m [32m INFO[0m [2msingularity_world::server::simulation_loop[0m[2m:[0m 注入事件種子: 十六樓的某面牆突然長出了一小片琉璃化的結晶，很漂亮
[2m2026-03-29T23:14:23.690340Z[0m [32m INFO[0m [2msingularity_world::server::simulation_loop[0m[2m:[0m 注入事件種子: 樓梯間的菌絲光昨晚特別亮，是琥珀色的
[2m2026-03-29T23:24:24.190401Z[0m [32m INFO[0m [2msingularity_world::server::simulation_loop[0m[2m:[0m 注入事件種子: 藥材價格穩著，但品種比上個月少了幾樣
[2m2026-03-29T23:34:24.690607Z[0m [32m INFO[0m [2msingularity_world::server::simulation_loop[0m[2m:[0m 注入事件種子: 有人從低樓層看到遠處林冠線在晃動，可能是大型生物經過
[2m2026-03-29T23:44:25.190257Z[0m [32m INFO[0m [2msingularity_world::server::simulation_loop[0m[2m:[0m 注入事件種子: 五樓那戶陽台的根鬚盤得更緊了，看著倒是挺穩的
[2m2026-03-29T23:54:25.191010Z[0m [32m INFO[0m [2msingularity_world::server::simulation_loop[0m[2m:[0m 注入事件種子: 聽說好事多的批發價又調了，最近物流好像不太順
[2m2026-03-30T00:04:25.191403Z[0m [32m INFO[0m [2msingularity_world::server::simulation_loop[0m[2m:[0m 注入事件種子: 今天空氣裡的膠質味比平常濃，像要變天了
[2m2026-03-30T00:14:25.690527Z[0m [32m INFO[0m [2msingularity_world::server::simulation_loop[0m[2m:[0m 注入事件種子: 有住戶說家裡石板縫長出了新的發光菌絲，紫綠色的
[2m2026-03-30T00:24:25.692314Z[0m [32m INFO[0m [2msingularity_world::server::simulation_loop[0m[2m:[0m 注入事件種子: 今天的游離輻射塵好像比平常多一些，空氣裡有淡淡的粉光
[2m2026-03-30T00:34:26.191935Z[0m [32m INFO[0m [2msingularity_world::server::simulation_loop[0m[2m:[0m 注入事件種子: 昨晚牆面的玉質脈絡突然閃了一下暗紫色的光，只持續了幾秒
[2m2026-03-30T00:44:26.691414Z[0m [32m INFO[0m [2msingularity_world::server::simulation_loop[0m[2m:[0m 注入事件種子: 三樓醫療區最近比較忙，好像是採集隊回城的季節
[2m2026-03-30T00:54:27.190631Z[0m [32m INFO[0m [2msingularity_world::server::simulation_loop[0m[2m:[0m 注入事件種子: 採集隊說城外淺層礦脈的礦石開始出現新的玉化紋理
[2m2026-03-30T01:04:27.691333Z[0m [32m INFO[0m [2msingularity_world::server::simulation_loop[0m[2m:[0m 注入事件種子: 十一樓健身區新添了幾件器材，是用富態化木材做的
[2m2026-03-30T01:14:28.191350Z[0m [32m INFO[0m [2msingularity_world::server::simulation_loop[0m[2m:[0m 注入事件種子: 有人在樓下收購琉璃化的礦石碎片，出手很闊綽
[2m2026-03-30T01:24:28.690476Z[0m [32m INFO[0m [2msingularity_world::server::simulation_loop[0m[2m:[0m 注入事件種子: 市集今天來了一批品相很好的玉質木材，攤販搶著進貨
[2m2026-03-30T01:34:28.691224Z[0m [32m INFO[0m [2msingularity_world::server::simulation_loop[0m[2m:[0m 注入事件種子: 最近幾天金屬器具的表面都浮了一層淡淡的礦脈紋路
[2m2026-03-30T01:44:28.690835Z[0m [32m INFO[0m [2msingularity_world::server::simulation_loop[0m[2m:[0m 注入事件種子: 樓頂的蓄水設施今天開始例行清洗，水量可能會少一會兒
[2m2026-03-30T01:54:29.190528Z[0m [32m INFO[0m [2msingularity_world::server::simulation_loop[0m[2m:[0m 注入事件種子: 有住戶搬家了，留下的房間牆上全是根鬚攀痕，挺有意思的
[2m2026-03-30T02:04:29.192251Z[0m [32m INFO[0m [2msingularity_world::server::simulation_loop[0m[2m:[0m 注入事件種子: 電梯間排了好長的隊，聽說中間幾層在做維護
[2m2026-03-30T02:14:29.690950Z[0m [32m INFO[0m [2msingularity_world::server::simulation_loop[0m[2m:[0m 注入事件種子: 有人說聽見了低樓層的結構在微微嗡鳴，像建築在呼吸
[2m2026-03-30T02:24:30.190483Z[0m [32m INFO[0m [2msingularity_world::server::simulation_loop[0m[2m:[0m 注入事件種子: 聽回來的人講，城外的肉質籐蔓又往路邊多蔓了一些
[2m2026-03-30T02:34:30.690266Z[0m [32m INFO[0m [2msingularity_world::server::simulation_loop[0m[2m:[0m 注入事件種子: 凌晨在窗邊能看到遠處地脈的微光隱約在脈動，像心跳一樣
[2m2026-03-30T02:44:30.690280Z[0m [32m INFO[0m [2msingularity_world::server::simulation_loop[0m[2m:[0m 注入事件種子: 城外商路上的指引石被增生物覆蓋了一半，有隊伍去清理了
[2m2026-03-30T02:54:31.190296Z[0m [32m INFO[0m [2msingularity_world::server::simulation_loop[0m[2m:[0m 注入事件種子: 加了福的肉質蔬果到貨了，今天特別新鮮
[2m2026-03-30T03:04:31.191029Z[0m [32m INFO[0m [2msingularity_world::server::simulation_loop[0m[2m:[0m 注入事件種子: 十六樓商區的地面接縫處冒出了細細的礦脈紋路
[2m2026-03-30T03:14:31.190925Z[0m [32m INFO[0m [2msingularity_world::server::simulation_loop[0m[2m:[0m 注入事件種子: 打鐵巷最近接了不少單，聽說是採集隊的工具要換新
[2m2026-03-31T22:25:54.687181Z[0m [32m INFO[0m [2msingularity_world::server::simulation_loop[0m[2m:[0m 注入事件種子: 今早走廊牆縫裡的玉質脈絡又長了一截，紋路很好看
[2m2026-03-31T22:35:54.687799Z[0m [32m INFO[0m [2msingularity_world::server::simulation_loop[0m[2m:[0m 注入事件種子: 有採集隊從城外回來說，霜林靠近城側的那片最近長得特別快
[2m2026-03-31T22:45:55.188727Z[0m [32m INFO[0m [2msingularity_world::server::simulation_loop[0m[2m:[0m 注入事件種子: 走廊的老長凳被根鬚纏得更穩了，坐起來比以前舒服
[2m2026-03-31T22:55:55.688539Z[0m [32m INFO[0m [2msingularity_world::server::simulation_loop[0m[2m:[0m 注入事件種子: 遠處的地脈微光今晚比平常亮一些，淡綠色的
[2m2026-03-31T23:05:55.689625Z[0m [32m INFO[0m [2msingularity_world::server::simulation_loop[0m[2m:[0m 注入事件種子: 十六樓的某面牆突然長出了一小片琉璃化的結晶，很漂亮
[2m2026-03-31T23:15:56.189590Z[0m [32m INFO[0m [2msingularity_world::server::simulation_loop[0m[2m:[0m 注入事件種子: 樓梯間的菌絲光昨晚特別亮，是琥珀色的
[2m2026-03-31T23:25:56.199269Z[0m [32m INFO[0m [2msingularity_world::server::simulation_loop[0m[2m:[0m 注入事件種子: 藥材價格穩著，但品種比上個月少了幾樣
[2m2026-03-31T23:35:56.190256Z[0m [32m INFO[0m [2msingularity_world::server::simulation_loop[0m[2m:[0m 注入事件種子: 有人從低樓層看到遠處林冠線在晃動，可能是大型生物經過
[2m2026-03-31T23:45:56.690603Z[0m [32m INFO[0m [2msingularity_world::server::simulation_loop[0m[2m:[0m 注入事件種子: 五樓那戶陽台的根鬚盤得更緊了，看著倒是挺穩的
[2m2026-03-31T23:55:57.190867Z[0m [32m INFO[0m [2msingularity_world::server::simulation_loop[0m[2m:[0m 注入事件種子: 聽說好事多的批發價又調了，最近物流好像不太順
[2m2026-04-01T00:05:57.690888Z[0m [32m INFO[0m [2msingularity_world::server::simulation_loop[0m[2m:[0m 注入事件種子: 今天空氣裡的膠質味比平常濃，像要變天了
[2m2026-04-01T00:15:57.690775Z[0m [32m INFO[0m [2msingularity_world::server::simulation_loop[0m[2m:[0m 注入事件種子: 有住戶說家裡石板縫長出了新的發光菌絲，紫綠色的
[2m2026-04-01T00:25:57.691080Z[0m [32m INFO[0m [2msingularity_world::server::simulation_loop[0m[2m:[0m 注入事件種子: 今天的游離輻射塵好像比平常多一些，空氣裡有淡淡的粉光
[2m2026-04-01T00:35:58.190342Z[0m [32m INFO[0m [2msingularity_world::server::simulation_loop[0m[2m:[0m 注入事件種子: 昨晚牆面的玉質脈絡突然閃了一下暗紫色的光，只持續了幾秒
[2m2026-04-01T00:45:58.690661Z[0m [32m INFO[0m [2msingularity_world::server::simulation_loop[0m[2m:[0m 注入事件種子: 三樓醫療區最近比較忙，好像是採集隊回城的季節
[2m2026-04-01T00:55:59.190925Z[0m [32m INFO[0m [2msingularity_world::server::simulation_loop[0m[2m:[0m 注入事件種子: 採集隊說城外淺層礦脈的礦石開始出現新的玉化紋理
[2m2026-04-01T01:05:59.190336Z[0m [32m INFO[0m [2msingularity_world::server::simulation_loop[0m[2m:[0m 注入事件種子: 十一樓健身區新添了幾件器材，是用富態化木材做的
[2m2026-04-01T01:15:59.693841Z[0m [32m INFO[0m [2msingularity_world::server::simulation_loop[0m[2m:[0m 注入事件種子: 有人在樓下收購琉璃化的礦石碎片，出手很闊綽
[2m2026-04-01T01:26:00.190225Z[0m [32m INFO[0m [2msingularity_world::server::simulation_loop[0m[2m:[0m 注入事件種子: 市集今天來了一批品相很好的玉質木材，攤販搶著進貨
[2m2026-04-01T01:36:00.190947Z[0m [32m INFO[0m [2msingularity_world::server::simulation_loop[0m[2m:[0m 注入事件種子: 最近幾天金屬器具的表面都浮了一層淡淡的礦脈紋路
[2m2026-04-01T01:46:00.190767Z[0m [32m INFO[0m [2msingularity_world::server::simulation_loop[0m[2m:[0m 注入事件種子: 樓頂的蓄水設施今天開始例行清洗，水量可能會少一會兒
[2m2026-04-01T01:56:00.690378Z[0m [32m INFO[0m [2msingularity_world::server::simulation_loop[0m[2m:[0m 注入事件種子: 有住戶搬家了，留下的房間牆上全是根鬚攀痕，挺有意思的
[2m2026-04-01T02:06:01.190338Z[0m [32m INFO[0m [2msingularity_world::server::simulation_loop[0m[2m:[0m 注入事件種子: 電梯間排了好長的隊，聽說中間幾層在做維護
[2m2026-04-01T02:16:01.690091Z[0m [32m INFO[0m [2msingularity_world::server::simulation_loop[0m[2m:[0m 注入事件種子: 有人說聽見了低樓層的結構在微微嗡鳴，像建築在呼吸
[2m2026-04-01T02:26:01.690950Z[0m [32m INFO[0m [2msingularity_world::server::simulation_loop[0m[2m:[0m 注入事件種子: 聽回來的人講，城外的肉質籐蔓又往路邊多蔓了一些
[2m2026-04-01T02:36:01.690898Z[0m [32m INFO[0m [2msingularity_world::server::simulation_loop[0m[2m:[0m 注入事件種子: 凌晨在窗邊能看到遠處地脈的微光隱約在脈動，像心跳一樣
[2m2026-04-01T02:46:02.190528Z[0m [32m INFO[0m [2msingularity_world::server::simulation_loop[0m[2m:[0m 注入事件種子: 城外商路上的指引石被增生物覆蓋了一半，有隊伍去清理了
[2m2026-04-01T02:56:02.190994Z[0m [32m INFO[0m [2msingularity_world::server::simulation_loop[0m[2m:[0m 注入事件種子: 加了福的肉質蔬果到貨了，今天特別新鮮
[2m2026-04-01T03:06:02.691076Z[0m [32m INFO[0m [2msingularity_world::server::simulation_loop[0m[2m:[0m 注入事件種子: 十六樓商區的地面接縫處冒出了細細的礦脈紋路
[2m2026-04-01T03:16:03.192346Z[0m [32m INFO[0m [2msingularity_world::server::simulation_loop[0m[2m:[0m 注入事件種子: 打鐵巷最近接了不少單，聽說是採集隊的工具要換新
[2m2026-04-01T03:26:43.056855Z[0m [32m INFO[0m [2msingularity_world::store[0m[2m:[0m [city] burg_id=32 載入: 23 語意節點（城門+區坊）, 9 可進建築
[2m2026-04-01T03:26:43.066900Z[0m [32m INFO[0m [2mpostgres::connection[0m[2m:[0m NOTICE: extension "vector" already exists, skipping
[2m2026-04-01T03:26:43.067088Z[0m [32m INFO[0m [2mpostgres::connection[0m[2m:[0m NOTICE: relation "auth" already exists, skipping
[2m2026-04-01T03:26:43.067207Z[0m [32m INFO[0m [2mpostgres::connection[0m[2m:[0m NOTICE: relation "event_log" already exists, skipping
[2m2026-04-01T03:26:43.067419Z[0m [32m INFO[0m [2mpostgres::connection[0m[2m:[0m NOTICE: relation "idx_event_log_entity_id" already exists, skipping
[2m2026-04-01T03:26:43.067492Z[0m [32m INFO[0m [2mpostgres::connection[0m[2m:[0m NOTICE: relation "archival" already exists, skipping
[2m2026-04-01T03:26:43.067574Z[0m [32m INFO[0m [2mpostgres::connection[0m[2m:[0m NOTICE: relation "idx_archival_entity_id" already exists, skipping
[2m2026-04-01T03:26:43.067637Z[0m [32m INFO[0m [2mpostgres::connection[0m[2m:[0m NOTICE: relation "npc_memories" already exists, skipping
[2m2026-04-01T03:26:43.067691Z[0m [32m INFO[0m [2mpostgres::connection[0m[2m:[0m NOTICE: relation "npc_summaries" already exists, skipping
[2m2026-04-01T03:26:43.067742Z[0m [32m INFO[0m [2mpostgres::connection[0m[2m:[0m NOTICE: relation "npc_npc_summaries" already exists, skipping
[2m2026-04-01T03:26:43.067800Z[0m [32m INFO[0m [2mpostgres::connection[0m[2m:[0m NOTICE: relation "npc_threads" already exists, skipping
[2m2026-04-01T03:26:43.067917Z[0m [32m INFO[0m [2mpostgres::connection[0m[2m:[0m NOTICE: relation "npc_dyads" already exists, skipping
[2m2026-04-01T03:26:43.067998Z[0m [32m INFO[0m [2mpostgres::connection[0m[2m:[0m NOTICE: relation "npc_rumors" already exists, skipping
[2m2026-04-01T03:26:43.068060Z[0m [32m INFO[0m [2mpostgres::connection[0m[2m:[0m NOTICE: relation "rooms" already exists, skipping
[2m2026-04-01T03:26:43.068119Z[0m [32m INFO[0m [2mpostgres::connection[0m[2m:[0m NOTICE: relation "exits" already exists, skipping
[2m2026-04-01T03:26:43.068208Z[0m [32m INFO[0m [2mpostgres::connection[0m[2m:[0m NOTICE: relation "entities" already exists, skipping
[2m2026-04-01T03:26:43.068315Z[0m [32m INFO[0m [2mpostgres::connection[0m[2m:[0m NOTICE: column "current_activity" of relation "entities" already exists, skipping
[2m2026-04-01T03:26:43.068781Z[0m [32m INFO[0m [2mpostgres::connection[0m[2m:[0m NOTICE: relation "entity_rooms" already exists, skipping
[2m2026-04-01T03:26:43.068840Z[0m [32m INFO[0m [2mpostgres::connection[0m[2m:[0m NOTICE: relation "venues" already exists, skipping
[2m2026-04-01T03:26:43.068896Z[0m [32m INFO[0m [2mpostgres::connection[0m[2m:[0m NOTICE: relation "assignments" already exists, skipping
[2m2026-04-01T03:26:43.069047Z[0m [32m INFO[0m [2mpostgres::connection[0m[2m:[0m NOTICE: relation "idx_assignments_venue" already exists, skipping
[2m2026-04-01T03:26:43.069205Z[0m [32m INFO[0m [2mpostgres::connection[0m[2m:[0m NOTICE: relation "schedules" already exists, skipping
[2m2026-04-01T03:26:43.069320Z[0m [32m INFO[0m [2mpostgres::connection[0m[2m:[0m NOTICE: relation "items" already exists, skipping
[2m2026-04-01T03:26:43.069410Z[0m [32m INFO[0m [2mpostgres::connection[0m[2m:[0m NOTICE: column "vit_bonus" of relation "items" already exists, skipping
[2m2026-04-01T03:26:43.069847Z[0m [32m INFO[0m [2mpostgres::connection[0m[2m:[0m NOTICE: column "dex_bonus" of relation "items" already exists, skipping
[2m2026-04-01T03:26:43.070272Z[0m [32m INFO[0m [2mpostgres::connection[0m[2m:[0m NOTICE: column "atk_bonus" of relation "items" already exists, skipping
[2m2026-04-01T03:26:43.070681Z[0m [32m INFO[0m [2mpostgres::connection[0m[2m:[0m NOTICE: relation "world_lexicon" already exists, skipping
[2m2026-04-01T03:26:43.070766Z[0m [32m INFO[0m [2mpostgres::connection[0m[2m:[0m NOTICE: relation "word_element_embeddings" already exists, skipping
[2m2026-04-01T03:26:43.070775Z[0m [32m INFO[0m [2msingularity_world::store[0m[2m:[0m [store] PostgreSQL 連線池已初始化: postgres://postgres:singularity@localhost:5432/singularity
[2m2026-04-01T03:26:43.071400Z[0m [32m INFO[0m [2msingularity_world::store[0m[2m:[0m [store] Loaded 1 entities from PostgreSQL
[2m2026-04-01T03:26:43.071537Z[0m [32m INFO[0m [2msingularity_world::store[0m[2m:[0m [store] Loaded 1 entity_rooms from PostgreSQL
[2m2026-04-01T03:26:43.071919Z[0m [32m INFO[0m [2msingularity_world::store[0m[2m:[0m [store] Loaded 1 venues from PostgreSQL
[2m2026-04-01T03:26:43.072166Z[0m [32m INFO[0m [2msingularity_world::store[0m[2m:[0m [store] Loaded 10 items from PostgreSQL
[2m2026-04-01T03:26:43.072397Z[0m [32m INFO[0m [2msingularity_world::store[0m[2m:[0m [store] 資料從 PostgreSQL 載入（主資料源）
[2m2026-04-01T03:26:43.072783Z[0m [32m INFO[0m [2msingularity_world::store[0m[2m:[0m [store] 載入完成: 726 rooms, 1 entity_room, 1 venues, 0 assignments, 0 schedules, 1 entities, 10 items, 0 threads, 0 dyads, 111 rumors
[2m2026-04-01T03:26:43.261220Z[0m [32m INFO[0m [2msingularity_world::store[0m[2m:[0m [store] 726 個房間已同步至 PostgreSQL
[2m2026-04-01T03:26:43.261357Z[0m [32m INFO[0m [2mnpc_behavior[0m[2m:[0m loaded 18 roles from /home/tanger/Projects/singularity_world/data/npc_behaviors.json
[2m2026-04-01T03:26:43.261974Z[0m [32m INFO[0m [2mpathfind[0m[2m:[0m graph synced from store: 726 rooms, 1691 directed edges
[2m2026-04-01T03:26:43.262129Z[0m [32m INFO[0m [2msingularity_world::server::run[0m[2m:[0m Rust server listening on http://0.0.0.0:1721 (WebSocket /ws)
[2m2026-04-01T03:26:43.270158Z[0m [32m INFO[0m [2msingularity_world::server::simulation_loop[0m[2m:[0m 注入事件種子: 今天的游離輻射塵好像比平常多一些，空氣裡有淡淡的粉光
[2m2026-04-01T03:36:43.768726Z[0m [32m INFO[0m [2msingularity_world::server::simulation_loop[0m[2m:[0m 注入事件種子: 最近幾天金屬器具的表面都浮了一層淡淡的礦脈紋路
[2m2026-04-01T03:46:44.268761Z[0m [32m INFO[0m [2msingularity_world::server::simulation_loop[0m[2m:[0m 注入事件種子: 打鐵巷最近接了不少單，聽說是採集隊的工具要換新
[2m2026-04-01T03:53:50.862138Z[0m [32m INFO[0m [2mpathfind[0m[2m:[0m graph synced from store: 726 rooms, 1690 directed edges
[2m2026-04-01T03:53:52.017708Z[0m [32m INFO[0m [2mpathfind[0m[2m:[0m graph synced from store: 726 rooms, 1689 directed edges
[2m2026-04-01T03:53:52.065016Z[0m [32m INFO[0m [2mpathfind[0m[2m:[0m graph synced from store: 726 rooms, 1688 directed edges
[2m2026-04-01T03:53:52.333121Z[0m [32m INFO[0m [2mpathfind[0m[2m:[0m graph synced from store: 725 rooms, 1685 directed edges
[2m2026-04-01T03:53:52.866728Z[0m [32m INFO[0m [2mpathfind[0m[2m:[0m graph synced from store: 725 rooms, 1684 directed edges
[2m2026-04-01T03:53:54.196507Z[0m [32m INFO[0m [2mpathfind[0m[2m:[0m graph synced from store: 724 rooms, 1683 directed edges
[2m2026-04-01T03:53:55.729127Z[0m [32m INFO[0m [2mpathfind[0m[2m:[0m graph synced from store: 724 rooms, 1682 directed edges
[2m2026-04-01T03:53:56.058802Z[0m [32m INFO[0m [2mpathfind[0m[2m:[0m graph synced from store: 723 rooms, 1681 directed edges
[2m2026-04-01T03:53:56.624069Z[0m [32m INFO[0m [2mpathfind[0m[2m:[0m graph synced from store: 723 rooms, 1680 directed edges
[2m2026-04-01T03:53:57.911633Z[0m [32m INFO[0m [2mpathfind[0m[2m:[0m graph synced from store: 722 rooms, 1679 directed edges
[2m2026-04-01T03:53:58.712436Z[0m [32m INFO[0m [2mpathfind[0m[2m:[0m graph synced from store: 722 rooms, 1678 directed edges
[2m2026-04-01T03:53:59.604549Z[0m [32m INFO[0m [2mpathfind[0m[2m:[0m graph synced from store: 722 rooms, 1677 directed edges
[2m2026-04-01T03:53:59.843935Z[0m [32m INFO[0m [2mpathfind[0m[2m:[0m graph synced from store: 721 rooms, 1675 directed edges
[2m2026-04-01T03:54:01.213649Z[0m [32m INFO[0m [2mpathfind[0m[2m:[0m graph synced from store: 721 rooms, 1674 directed edges
[2m2026-04-01T03:54:01.543650Z[0m [32m INFO[0m [2mpathfind[0m[2m:[0m graph synced from store: 721 rooms, 1673 directed edges
[2m2026-04-01T03:54:01.875582Z[0m [32m INFO[0m [2mpathfind[0m[2m:[0m graph synced from store: 720 rooms, 1671 directed edges
[2m2026-04-01T03:54:02.339728Z[0m [32m INFO[0m [2mpathfind[0m[2m:[0m graph synced from store: 720 rooms, 1670 directed edges
[2m2026-04-01T03:54:02.597379Z[0m [32m INFO[0m [2mpathfind[0m[2m:[0m graph synced from store: 720 rooms, 1669 directed edges
[2m2026-04-01T03:54:03.088192Z[0m [32m INFO[0m [2mpathfind[0m[2m:[0m graph synced from store: 720 rooms, 1668 directed edges
[2m2026-04-01T03:54:03.606676Z[0m [32m INFO[0m [2mpathfind[0m[2m:[0m graph synced from store: 720 rooms, 1667 directed edges
[2m2026-04-01T03:54:03.771248Z[0m [32m INFO[0m [2mpathfind[0m[2m:[0m graph synced from store: 719 rooms, 1663 directed edges
[2m2026-04-01T03:54:04.006592Z[0m [32m INFO[0m [2mpathfind[0m[2m:[0m graph synced from store: 719 rooms, 1662 directed edges
[2m2026-04-01T03:54:04.873648Z[0m [32m INFO[0m [2mpathfind[0m[2m:[0m graph synced from store: 719 rooms, 1661 directed edges
[2m2026-04-01T03:54:05.640189Z[0m [32m INFO[0m [2mpathfind[0m[2m:[0m graph synced from store: 718 rooms, 1659 directed edges
[2m2026-04-01T03:54:06.372853Z[0m [32m INFO[0m [2mpathfind[0m[2m:[0m graph synced from store: 718 rooms, 1658 directed edges
[2m2026-04-01T03:54:06.834609Z[0m [32m INFO[0m [2mpathfind[0m[2m:[0m graph synced from store: 718 rooms, 1657 directed edges
[2m2026-04-01T03:54:07.479365Z[0m [32m INFO[0m [2mpathfind[0m[2m:[0m graph synced from store: 717 rooms, 1655 directed edges
[2m2026-04-01T03:54:09.235076Z[0m [32m INFO[0m [2mpathfind[0m[2m:[0m graph synced from store: 717 rooms, 1654 directed edges
[2m2026-04-01T03:54:09.365616Z[0m [32m INFO[0m [2mpathfind[0m[2m:[0m graph synced from store: 716 rooms, 1653 directed edges
[2m2026-04-01T03:54:09.562584Z[0m [32m INFO[0m [2mpathfind[0m[2m:[0m graph synced from store: 716 rooms, 1652 directed edges
[2m2026-04-01T03:54:10.495582Z[0m [32m INFO[0m [2mpathfind[0m[2m:[0m graph synced from store: 716 rooms, 1651 directed edges
[2m2026-04-01T03:54:11.163362Z[0m [32m INFO[0m [2mpathfind[0m[2m:[0m graph synced from store: 716 rooms, 1650 directed edges
[2m2026-04-01T03:54:11.179679Z[0m [32m INFO[0m [2mpathfind[0m[2m:[0m graph synced from store: 715 rooms, 1647 directed edges
[2m2026-04-01T03:54:13.003915Z[0m [32m INFO[0m [2mpathfind[0m[2m:[0m graph synced from store: 714 rooms, 1647 directed edges
[2m2026-04-01T03:54:15.900576Z[0m [32m INFO[0m [2mpathfind[0m[2m:[0m graph synced from store: 714 rooms, 1646 directed edges
[2m2026-04-01T03:54:16.561759Z[0m [32m INFO[0m [2mpathfind[0m[2m:[0m graph synced from store: 713 rooms, 1645 directed edges
[2m2026-04-01T03:54:17.555599Z[0m [32m INFO[0m [2mpathfind[0m[2m:[0m graph synced from store: 713 rooms, 1644 directed edges
[2m2026-04-01T03:54:18.357333Z[0m [32m INFO[0m [2mpathfind[0m[2m:[0m graph synced from store: 712 rooms, 1643 directed edges
[2m2026-04-01T03:54:20.146635Z[0m [32m INFO[0m [2mpathfind[0m[2m:[0m graph synced from store: 711 rooms, 1643 directed edges
[2m2026-04-01T03:54:21.077699Z[0m [32m INFO[0m [2mpathfind[0m[2m:[0m graph synced from store: 711 rooms, 1642 directed edges
[2m2026-04-01T03:54:21.566381Z[0m [32m INFO[0m [2mpathfind[0m[2m:[0m graph synced from store: 711 rooms, 1641 directed edges
[2m2026-04-01T03:54:22.024675Z[0m [32m INFO[0m [2mpathfind[0m[2m:[0m graph synced from store: 711 rooms, 1640 directed edges
[2m2026-04-01T03:54:22.168789Z[0m [32m INFO[0m [2mpathfind[0m[2m:[0m graph synced from store: 710 rooms, 1637 directed edges
[2m2026-04-01T03:54:23.458620Z[0m [32m INFO[0m [2mpathfind[0m[2m:[0m graph synced from store: 710 rooms, 1636 directed edges
[2m2026-04-01T03:54:23.997825Z[0m [32m INFO[0m [2mpathfind[0m[2m:[0m graph synced from store: 709 rooms, 1635 directed edges
[2m2026-04-01T03:54:25.606580Z[0m [32m INFO[0m [2mpathfind[0m[2m:[0m graph synced from store: 709 rooms, 1634 directed edges
[2m2026-04-01T03:54:25.776978Z[0m [32m INFO[0m [2mpathfind[0m[2m:[0m graph synced from store: 708 rooms, 1633 directed edges
[2m2026-04-01T03:54:26.241670Z[0m [32m INFO[0m [2mpathfind[0m[2m:[0m graph synced from store: 708 rooms, 1632 directed edges
[2m2026-04-01T03:54:27.039662Z[0m [32m INFO[0m [2mpathfind[0m[2m:[0m graph synced from store: 708 rooms, 1631 directed edges
[2m2026-04-01T03:54:27.596025Z[0m [32m INFO[0m [2mpathfind[0m[2m:[0m graph synced from store: 707 rooms, 1629 directed edges
[2m2026-04-01T03:54:27.782485Z[0m [32m INFO[0m [2mpathfind[0m[2m:[0m graph synced from store: 707 rooms, 1628 directed edges
[2m2026-04-01T03:54:27.975695Z[0m [32m INFO[0m [2mpathfind[0m[2m:[0m graph synced from store: 707 rooms, 1627 directed edges
[2m2026-04-01T03:54:29.224274Z[0m [32m INFO[0m [2mpathfind[0m[2m:[0m graph synced from store: 707 rooms, 1626 directed edges
[2m2026-04-01T03:54:29.345536Z[0m [32m INFO[0m [2mpathfind[0m[2m:[0m graph synced from store: 706 rooms, 1623 directed edges
[2m2026-04-01T03:54:30.072517Z[0m [32m INFO[0m [2mpathfind[0m[2m:[0m graph synced from store: 706 rooms, 1622 directed edges
[2m2026-04-01T03:54:30.149121Z[0m [32m INFO[0m [2mpathfind[0m[2m:[0m graph synced from store: 706 rooms, 1621 directed edges
[2m2026-04-01T03:54:30.820675Z[0m [32m INFO[0m [2mpathfind[0m[2m:[0m graph synced from store: 706 rooms, 1620 directed edges
[2m2026-04-01T03:54:31.258735Z[0m [32m INFO[0m [2mpathfind[0m[2m:[0m graph synced from store: 705 rooms, 1618 directed edges
[2m2026-04-01T03:54:31.352155Z[0m [32m INFO[0m [2mpathfind[0m[2m:[0m graph synced from store: 704 rooms, 1617 directed edges
[2m2026-04-01T03:54:32.425317Z[0m [32m INFO[0m [2mpathfind[0m[2m:[0m graph synced from store: 704 rooms, 1616 directed edges
[2m2026-04-01T03:54:33.053720Z[0m [32m INFO[0m [2mpathfind[0m[2m:[0m graph synced from store: 704 rooms, 1615 directed edges
[2m2026-04-01T03:54:33.103469Z[0m [32m INFO[0m [2mpathfind[0m[2m:[0m graph synced from store: 703 rooms, 1613 directed edges
[2m2026-04-01T03:54:33.832540Z[0m [32m INFO[0m [2mpathfind[0m[2m:[0m graph synced from store: 703 rooms, 1612 directed edges
[2m2026-04-01T03:54:33.929388Z[0m [32m INFO[0m [2mpathfind[0m[2m:[0m graph synced from store: 703 rooms, 1611 directed edges
[2m2026-04-01T03:54:34.812223Z[0m [32m INFO[0m [2mpathfind[0m[2m:[0m graph synced from store: 703 rooms, 1610 directed edges
[2m2026-04-01T03:54:34.942792Z[0m [32m INFO[0m [2mpathfind[0m[2m:[0m graph synced from store: 702 rooms, 1606 directed edges
[2m2026-04-01T03:54:35.116976Z[0m [32m INFO[0m [2mpathfind[0m[2m:[0m graph synced from store: 701 rooms, 1605 directed edges
[2m2026-04-01T03:54:35.692908Z[0m [32m INFO[0m [2mpathfind[0m[2m:[0m graph synced from store: 701 rooms, 1604 directed edges
[2m2026-04-01T03:54:36.798741Z[0m [32m INFO[0m [2mpathfind[0m[2m:[0m graph synced from store: 700 rooms, 1603 directed edges
[2m2026-04-01T03:54:37.287644Z[0m [32m INFO[0m [2mpathfind[0m[2m:[0m graph synced from store: 700 rooms, 1602 directed edges
[2m2026-04-01T03:54:37.688759Z[0m [32m INFO[0m [2mpathfind[0m[2m:[0m graph synced from store: 700 rooms, 1601 directed edges
[2m2026-04-01T03:54:37.726137Z[0m [32m INFO[0m [2mpathfind[0m[2m:[0m graph synced from store: 700 rooms, 1600 directed edges
[2m2026-04-01T03:54:38.548231Z[0m [32m INFO[0m [2mpathfind[0m[2m:[0m graph synced from store: 699 rooms, 1597 directed edges
[2m2026-04-01T03:54:39.425141Z[0m [32m INFO[0m [2mpathfind[0m[2m:[0m graph synced from store: 699 rooms, 1596 directed edges
[2m2026-04-01T03:54:40.136389Z[0m [32m INFO[0m [2mpathfind[0m[2m:[0m graph synced from store: 699 rooms, 1595 directed edges
[2m2026-04-01T03:54:40.285806Z[0m [32m INFO[0m [2mpathfind[0m[2m:[0m graph synced from store: 698 rooms, 1593 directed edges
[2m2026-04-01T03:54:40.897219Z[0m [32m INFO[0m [2mpathfind[0m[2m:[0m graph synced from store: 698 rooms, 1592 directed edges
[2m2026-04-01T03:54:41.223219Z[0m [32m INFO[0m [2mpathfind[0m[2m:[0m graph synced from store: 698 rooms, 1591 directed edges
[2m2026-04-01T03:54:41.476335Z[0m [32m INFO[0m [2mpathfind[0m[2m:[0m graph synced from store: 698 rooms, 1590 directed edges
[2m2026-04-01T03:54:41.771935Z[0m [32m INFO[0m [2mpathfind[0m[2m:[0m graph synced from store: 698 rooms, 1589 directed edges
[2m2026-04-01T03:54:42.112403Z[0m [32m INFO[0m [2mpathfind[0m[2m:[0m graph synced from store: 697 rooms, 1588 directed edges
[2m2026-04-01T03:54:42.255608Z[0m [32m INFO[0m [2mpathfind[0m[2m:[0m graph synced from store: 696 rooms, 1585 directed edges
[2m2026-04-01T03:54:42.498849Z[0m [32m INFO[0m [2mpathfind[0m[2m:[0m graph synced from store: 696 rooms, 1584 directed edges
[2m2026-04-01T03:54:43.249498Z[0m [32m INFO[0m [2mpathfind[0m[2m:[0m graph synced from store: 696 rooms, 1583 directed edges
[2m2026-04-01T03:54:43.948796Z[0m [32m INFO[0m [2mpathfind[0m[2m:[0m graph synced from store: 695 rooms, 1581 directed edges
[2m2026-04-01T03:54:45.126622Z[0m [32m INFO[0m [2mpathfind[0m[2m:[0m graph synced from store: 695 rooms, 1580 directed edges
[2m2026-04-01T03:54:45.652075Z[0m [32m INFO[0m [2mpathfind[0m[2m:[0m graph synced from store: 694 rooms, 1579 directed edges
[2m2026-04-01T03:54:45.994216Z[0m [32m INFO[0m [2mpathfind[0m[2m:[0m graph synced from store: 694 rooms, 1578 directed edges
[2m2026-04-01T03:54:46.398314Z[0m [32m INFO[0m [2mpathfind[0m[2m:[0m graph synced from store: 694 rooms, 1577 directed edges
[2m2026-04-01T03:54:46.792470Z[0m [32m INFO[0m [2mpathfind[0m[2m:[0m graph synced from store: 694 rooms, 1576 directed edges
[2m2026-04-01T03:54:46.930160Z[0m [32m INFO[0m [2mpathfind[0m[2m:[0m graph synced from store: 694 rooms, 1575 directed edges
[2m2026-04-01T03:54:47.383684Z[0m [32m INFO[0m [2mpathfind[0m[2m:[0m graph synced from store: 693 rooms, 1571 directed edges
[2m2026-04-01T03:54:47.598014Z[0m [32m INFO[0m [2mpathfind[0m[2m:[0m graph synced from store: 693 rooms, 1570 directed edges
[2m2026-04-01T03:54:47.846259Z[0m [32m INFO[0m [2mpathfind[0m[2m:[0m graph synced from store: 693 rooms, 1569 directed edges
[2m2026-04-01T03:54:49.056729Z[0m [32m INFO[0m [2mpathfind[0m[2m:[0m graph synced from store: 692 rooms, 1567 directed edges
[2m2026-04-01T03:54:50.548113Z[0m [32m INFO[0m [2mpathfind[0m[2m:[0m graph synced from store: 692 rooms, 1566 directed edges
[2m2026-04-01T03:54:50.695577Z[0m [32m INFO[0m [2mpathfind[0m[2m:[0m graph synced from store: 692 rooms, 1565 directed edges
[2m2026-04-01T03:54:50.916371Z[0m [32m INFO[0m [2mpathfind[0m[2m:[0m graph synced from store: 691 rooms, 1564 directed edges
[2m2026-04-01T03:54:51.042611Z[0m [32m INFO[0m [2mpathfind[0m[2m:[0m graph synced from store: 690 rooms, 1563 directed edges
[2m2026-04-01T03:54:51.338145Z[0m [32m INFO[0m [2mpathfind[0m[2m:[0m graph synced from store: 690 rooms, 1562 directed edges
[2m2026-04-01T03:54:52.620818Z[0m [32m INFO[0m [2mpathfind[0m[2m:[0m graph synced from store: 690 rooms, 1561 directed edges
[2m2026-04-01T03:54:52.745588Z[0m [32m INFO[0m [2mpathfind[0m[2m:[0m graph synced from store: 689 rooms, 1559 directed edges
[2m2026-04-01T03:54:53.127589Z[0m [32m INFO[0m [2mpathfind[0m[2m:[0m graph synced from store: 689 rooms, 1558 directed edges
[2m2026-04-01T03:54:53.354733Z[0m [32m INFO[0m [2mpathfind[0m[2m:[0m graph synced from store: 689 rooms, 1557 directed edges
[2m2026-04-01T03:54:53.506439Z[0m [32m INFO[0m [2mpathfind[0m[2m:[0m graph synced from store: 689 rooms, 1556 directed edges
[2m2026-04-01T03:54:53.632730Z[0m [32m INFO[0m [2mpathfind[0m[2m:[0m graph synced from store: 689 rooms, 1555 directed edges
[2m2026-04-01T03:54:54.166356Z[0m [32m INFO[0m [2mpathfind[0m[2m:[0m graph synced from store: 689 rooms, 1554 directed edges
[2m2026-04-01T03:54:54.438081Z[0m [32m INFO[0m [2mpathfind[0m[2m:[0m graph synced from store: 688 rooms, 1549 directed edges
[2m2026-04-01T03:54:56.100868Z[0m [32m INFO[0m [2mpathfind[0m[2m:[0m graph synced from store: 687 rooms, 1549 directed edges
[2m2026-04-01T03:54:57.597623Z[0m [32m INFO[0m [2mpathfind[0m[2m:[0m graph synced from store: 687 rooms, 1548 directed edges
[2m2026-04-01T03:54:57.753882Z[0m [32m INFO[0m [2mpathfind[0m[2m:[0m graph synced from store: 687 rooms, 1547 directed edges
[2m2026-04-01T03:54:58.527491Z[0m [32m INFO[0m [2mpathfind[0m[2m:[0m graph synced from store: 687 rooms, 1546 directed edges
[2m2026-04-01T03:54:58.760762Z[0m [32m INFO[0m [2mpathfind[0m[2m:[0m graph synced from store: 687 rooms, 1545 directed edges
[2m2026-04-01T03:54:58.867729Z[0m [32m INFO[0m [2mpathfind[0m[2m:[0m graph synced from store: 686 rooms, 1541 directed edges
[2m2026-04-01T03:54:59.809036Z[0m [32m INFO[0m [2mpathfind[0m[2m:[0m graph synced from store: 686 rooms, 1540 directed edges
[2m2026-04-01T03:55:00.168737Z[0m [32m INFO[0m [2mpathfind[0m[2m:[0m graph synced from store: 686 rooms, 1539 directed edges
[2m2026-04-01T03:55:00.234101Z[0m [32m INFO[0m [2mpathfind[0m[2m:[0m graph synced from store: 686 rooms, 1538 directed edges
[2m2026-04-01T03:55:00.432753Z[0m [32m INFO[0m [2mpathfind[0m[2m:[0m graph synced from store: 686 rooms, 1537 directed edges
[2m2026-04-01T03:55:00.538778Z[0m [32m INFO[0m [2mpathfind[0m[2m:[0m graph synced from store: 686 rooms, 1536 directed edges
[2m2026-04-01T03:55:00.631568Z[0m [32m INFO[0m [2mpathfind[0m[2m:[0m graph synced from store: 685 rooms, 1532 directed edges
[2m2026-04-01T03:55:00.769095Z[0m [32m INFO[0m [2mpathfind[0m[2m:[0m graph synced from store: 684 rooms, 1532 directed edges
[2m2026-04-01T03:55:00.917955Z[0m [32m INFO[0m [2mpathfind[0m[2m:[0m graph synced from store: 684 rooms, 1531 directed edges
[2m2026-04-01T03:55:01.068386Z[0m [32m INFO[0m [2mpathfind[0m[2m:[0m graph synced from store: 684 rooms, 1530 directed edges
[2m2026-04-01T03:55:01.366361Z[0m [32m INFO[0m [2mpathfind[0m[2m:[0m graph synced from store: 683 rooms, 1525 directed edges
[2m2026-04-01T03:56:44.767185Z[0m [32m INFO[0m [2msingularity_world::server::simulation_loop[0m[2m:[0m 注入事件種子: 十六樓的某面牆突然長出了一小片琉璃化的結晶，很漂亮
[2m2026-04-01T04:02:14.914758Z[0m [32m INFO[0m [2mpathfind[0m[2m:[0m graph synced from store: 682 rooms, 1525 directed edges
[2m2026-04-01T04:02:15.859741Z[0m [32m INFO[0m [2mpathfind[0m[2m:[0m graph synced from store: 682 rooms, 1524 directed edges
[2m2026-04-01T04:02:16.572763Z[0m [32m INFO[0m [2mpathfind[0m[2m:[0m graph synced from store: 681 rooms, 1523 directed edges
[2m2026-04-01T04:02:17.639029Z[0m [32m INFO[0m [2mpathfind[0m[2m:[0m graph synced from store: 681 rooms, 1522 directed edges
[2m2026-04-01T04:02:17.729619Z[0m [32m INFO[0m [2mpathfind[0m[2m:[0m graph synced from store: 681 rooms, 1521 directed edges
[2m2026-04-01T04:02:17.931018Z[0m [32m INFO[0m [2mpathfind[0m[2m:[0m graph synced from store: 681 rooms, 1520 directed edges
[2m2026-04-01T04:02:18.152554Z[0m [32m INFO[0m [2mpathfind[0m[2m:[0m graph synced from store: 680 rooms, 1517 directed edges
[2m2026-04-01T04:02:18.378011Z[0m [32m INFO[0m [2mpathfind[0m[2m:[0m graph synced from store: 680 rooms, 1516 directed edges
[2m2026-04-01T04:02:19.197923Z[0m [32m INFO[0m [2mpathfind[0m[2m:[0m graph synced from store: 680 rooms, 1515 directed edges
[2m2026-04-01T04:02:19.734330Z[0m [32m INFO[0m [2mpathfind[0m[2m:[0m graph synced from store: 679 rooms, 1513 directed edges
[2m2026-04-01T04:02:20.319406Z[0m [32m INFO[0m [2mpathfind[0m[2m:[0m graph synced from store: 679 rooms, 1512 directed edges
[2m2026-04-01T04:02:20.551158Z[0m [32m INFO[0m [2mpathfind[0m[2m:[0m graph synced from store: 679 rooms, 1511 directed edges
[2m2026-04-01T04:02:20.672926Z[0m [32m INFO[0m [2mpathfind[0m[2m:[0m graph synced from store: 679 rooms, 1510 directed edges
[2m2026-04-01T04:02:21.283155Z[0m [32m INFO[0m [2mpathfind[0m[2m:[0m graph synced from store: 678 rooms, 1507 directed edges
[2m2026-04-01T04:02:22.423044Z[0m [32m INFO[0m [2mpathfind[0m[2m:[0m graph synced from store: 678 rooms, 1506 directed edges
[2m2026-04-01T04:02:22.574015Z[0m [32m INFO[0m [2mpathfind[0m[2m:[0m graph synced from store: 678 rooms, 1505 directed edges
[2m2026-04-01T04:02:22.804778Z[0m [32m INFO[0m [2mpathfind[0m[2m:[0m graph synced from store: 677 rooms, 1503 directed edges
[2m2026-04-01T04:02:23.361334Z[0m [32m INFO[0m [2mpathfind[0m[2m:[0m graph synced from store: 677 rooms, 1502 directed edges
[2m2026-04-01T04:02:23.491319Z[0m [32m INFO[0m [2mpathfind[0m[2m:[0m graph synced from store: 677 rooms, 1501 directed edges
[2m2026-04-01T04:02:24.061440Z[0m [32m INFO[0m [2mpathfind[0m[2m:[0m graph synced from store: 677 rooms, 1500 directed edges
[2m2026-04-01T04:02:24.327679Z[0m [32m INFO[0m [2mpathfind[0m[2m:[0m graph synced from store: 676 rooms, 1497 directed edges
[2m2026-04-01T04:02:25.727983Z[0m [32m INFO[0m [2mpathfind[0m[2m:[0m graph synced from store: 676 rooms, 1496 directed edges
[2m2026-04-01T04:02:25.855749Z[0m [32m INFO[0m [2mpathfind[0m[2m:[0m graph synced from store: 675 rooms, 1495 directed edges
[2m2026-04-01T04:02:27.139463Z[0m [32m INFO[0m [2mpathfind[0m[2m:[0m graph synced from store: 675 rooms, 1494 directed edges
[2m2026-04-01T04:02:27.347478Z[0m [32m INFO[0m [2mpathfind[0m[2m:[0m graph synced from store: 674 rooms, 1493 directed edges
[2m2026-04-01T04:02:27.800105Z[0m [32m INFO[0m [2mpathfind[0m[2m:[0m graph synced from store: 674 rooms, 1492 directed edges
[2m2026-04-01T04:02:28.836920Z[0m [32m INFO[0m [2mpathfind[0m[2m:[0m graph synced from store: 673 rooms, 1491 directed edges
[2m2026-04-01T04:02:30.108587Z[0m [32m INFO[0m [2mpathfind[0m[2m:[0m graph synced from store: 673 rooms, 1490 directed edges
[2m2026-04-01T04:02:30.356119Z[0m [32m INFO[0m [2mpathfind[0m[2m:[0m graph synced from store: 672 rooms, 1489 directed edges
[2m2026-04-01T04:02:31.091608Z[0m [32m INFO[0m [2mpathfind[0m[2m:[0m graph synced from store: 672 rooms, 1488 directed edges
[2m2026-04-01T04:02:31.898790Z[0m [32m INFO[0m [2mpathfind[0m[2m:[0m graph synced from store: 671 rooms, 1487 directed edges
[2m2026-04-01T04:02:33.380004Z[0m [32m INFO[0m [2mpathfind[0m[2m:[0m graph synced from store: 670 rooms, 1487 directed edges
[2m2026-04-01T04:02:33.909992Z[0m [32m INFO[0m [2mpathfind[0m[2m:[0m graph synced from store: 670 rooms, 1486 directed edges
[2m2026-04-01T04:02:34.062814Z[0m [32m INFO[0m [2mpathfind[0m[2m:[0m graph synced from store: 670 rooms, 1485 directed edges
[2m2026-04-01T04:02:34.871571Z[0m [32m INFO[0m [2mpathfind[0m[2m:[0m graph synced from store: 669 rooms, 1483 directed edges
[2m2026-04-01T04:02:36.360773Z[0m [32m INFO[0m [2mpathfind[0m[2m:[0m graph synced from store: 668 rooms, 1483 directed edges
[2m2026-04-01T04:02:36.868358Z[0m [32m INFO[0m [2mpathfind[0m[2m:[0m graph synced from store: 668 rooms, 1482 directed edges
[2m2026-04-01T04:02:36.942112Z[0m [32m INFO[0m [2mpathfind[0m[2m:[0m graph synced from store: 668 rooms, 1481 directed edges
[2m2026-04-01T04:02:37.813410Z[0m [32m INFO[0m [2mpathfind[0m[2m:[0m graph synced from store: 668 rooms, 1480 directed edges
[2m2026-04-01T04:02:37.847965Z[0m [32m INFO[0m [2mpathfind[0m[2m:[0m graph synced from store: 667 rooms, 1477 directed edges
[2m2026-04-01T04:02:38.926250Z[0m [32m INFO[0m [2mpathfind[0m[2m:[0m graph synced from store: 667 rooms, 1476 directed edges
[2m2026-04-01T04:02:39.276983Z[0m [32m INFO[0m [2mpathfind[0m[2m:[0m graph synced from store: 667 rooms, 1475 directed edges
[2m2026-04-01T04:02:39.309012Z[0m [32m INFO[0m [2mpathfind[0m[2m:[0m graph synced from store: 666 rooms, 1473 directed edges
[2m2026-04-01T04:02:40.464939Z[0m [32m INFO[0m [2mpathfind[0m[2m:[0m graph synced from store: 666 rooms, 1472 directed edges
[2m2026-04-01T04:02:40.553709Z[0m [32m INFO[0m [2mpathfind[0m[2m:[0m graph synced from store: 666 rooms, 1471 directed edges
[2m2026-04-01T04:02:40.773747Z[0m [32m INFO[0m [2mpathfind[0m[2m:[0m graph synced from store: 665 rooms, 1469 directed edges
[2m2026-04-01T04:02:41.046240Z[0m [32m INFO[0m [2mpathfind[0m[2m:[0m graph synced from store: 665 rooms, 1468 directed edges
[2m2026-04-01T04:02:41.953232Z[0m [32m INFO[0m [2mpathfind[0m[2m:[0m graph synced from store: 665 rooms, 1467 directed edges
[2m2026-04-01T04:02:42.246626Z[0m [32m INFO[0m [2mpathfind[0m[2m:[0m graph synced from store: 664 rooms, 1465 directed edges
[2m2026-04-01T04:02:42.719137Z[0m [32m INFO[0m [2mpathfind[0m[2m:[0m graph synced from store: 664 rooms, 1464 directed edges
[2m2026-04-01T04:02:43.114467Z[0m [32m INFO[0m [2mpathfind[0m[2m:[0m graph synced from store: 664 rooms, 1463 directed edges
[2m2026-04-01T04:02:43.702752Z[0m [32m INFO[0m [2mpathfind[0m[2m:[0m graph synced from store: 663 rooms, 1461 directed edges
[2m2026-04-01T04:02:43.923290Z[0m [32m INFO[0m [2mpathfind[0m[2m:[0m graph synced from store: 663 rooms, 1460 directed edges
[2m2026-04-01T04:02:45.174572Z[0m [32m INFO[0m [2mpathfind[0m[2m:[0m graph synced from store: 662 rooms, 1459 directed edges
[2m2026-04-01T04:02:45.344627Z[0m [32m INFO[0m [2mpathfind[0m[2m:[0m graph synced from store: 662 rooms, 1458 directed edges
[2m2026-04-01T04:02:46.625760Z[0m [32m INFO[0m [2mpathfind[0m[2m:[0m graph synced from store: 661 rooms, 1457 directed edges
[2m2026-04-01T04:02:47.457705Z[0m [32m INFO[0m [2mpathfind[0m[2m:[0m graph synced from store: 661 rooms, 1456 directed edges
[2m2026-04-01T04:02:47.855809Z[0m [32m INFO[0m [2mpathfind[0m[2m:[0m graph synced from store: 661 rooms, 1455 directed edges
[2m2026-04-01T04:02:48.078932Z[0m [32m INFO[0m [2mpathfind[0m[2m:[0m graph synced from store: 660 rooms, 1453 directed edges
[2m2026-04-01T04:02:48.958542Z[0m [32m INFO[0m [2mpathfind[0m[2m:[0m graph synced from store: 660 rooms, 1452 directed edges
[2m2026-04-01T04:02:49.490039Z[0m [32m INFO[0m [2mpathfind[0m[2m:[0m graph synced from store: 659 rooms, 1451 directed edges
[2m2026-04-01T04:02:49.860713Z[0m [32m INFO[0m [2mpathfind[0m[2m:[0m graph synced from store: 659 rooms, 1450 directed edges
[2m2026-04-01T04:02:49.874065Z[0m [32m INFO[0m [2mpathfind[0m[2m:[0m graph synced from store: 659 rooms, 1449 directed edges
[2m2026-04-01T04:02:50.964173Z[0m [32m INFO[0m [2mpathfind[0m[2m:[0m graph synced from store: 658 rooms, 1447 directed edges
[2m2026-04-01T04:02:51.081369Z[0m [32m INFO[0m [2mpathfind[0m[2m:[0m graph synced from store: 658 rooms, 1446 directed edges
[2m2026-04-01T04:02:52.246270Z[0m [32m INFO[0m [2mpathfind[0m[2m:[0m graph synced from store: 658 rooms, 1445 directed edges
[2m2026-04-01T04:02:52.401835Z[0m [32m INFO[0m [2mpathfind[0m[2m:[0m graph synced from store: 657 rooms, 1443 directed edges
[2m2026-04-01T04:02:52.441494Z[0m [32m INFO[0m [2mpathfind[0m[2m:[0m graph synced from store: 657 rooms, 1442 directed edges
[2m2026-04-01T04:02:53.634286Z[0m [32m INFO[0m [2mpathfind[0m[2m:[0m graph synced from store: 657 rooms, 1441 directed edges
[2m2026-04-01T04:02:53.807811Z[0m [32m INFO[0m [2mpathfind[0m[2m:[0m graph synced from store: 656 rooms, 1439 directed edges
[2m2026-04-01T04:02:54.089363Z[0m [32m INFO[0m [2mpathfind[0m[2m:[0m graph synced from store: 656 rooms, 1438 directed edges
[2m2026-04-01T04:02:54.694771Z[0m [32m INFO[0m [2mpathfind[0m[2m:[0m graph synced from store: 656 rooms, 1437 directed edges
[2m2026-04-01T04:02:55.237418Z[0m [32m INFO[0m [2mpathfind[0m[2m:[0m graph synced from store: 655 rooms, 1435 directed edges
[2m2026-04-01T04:02:55.927513Z[0m [32m INFO[0m [2mpathfind[0m[2m:[0m graph synced from store: 655 rooms, 1434 directed edges
[2m2026-04-01T04:02:56.673504Z[0m [32m INFO[0m [2mpathfind[0m[2m:[0m graph synced from store: 654 rooms, 1433 directed edges
[2m2026-04-01T04:02:58.087789Z[0m [32m INFO[0m [2mpathfind[0m[2m:[0m graph synced from store: 653 rooms, 1433 directed edges
[2m2026-04-01T04:02:58.385862Z[0m [32m INFO[0m [2mpathfind[0m[2m:[0m graph synced from store: 653 rooms, 1432 directed edges
[2m2026-04-01T04:02:59.016877Z[0m [32m INFO[0m [2mpathfind[0m[2m:[0m graph synced from store: 653 rooms, 1431 directed edges
[2m2026-04-01T04:02:59.466061Z[0m [32m INFO[0m [2mpathfind[0m[2m:[0m graph synced from store: 652 rooms, 1429 directed edges
[2m2026-04-01T04:03:00.018738Z[0m [32m INFO[0m [2mpathfind[0m[2m:[0m graph synced from store: 652 rooms, 1428 directed edges
[2m2026-04-01T04:03:00.914297Z[0m [32m INFO[0m [2mpathfind[0m[2m:[0m graph synced from store: 651 rooms, 1427 directed edges
[2m2026-04-01T04:03:02.278945Z[0m [32m INFO[0m [2mpathfind[0m[2m:[0m graph synced from store: 650 rooms, 1427 directed edges
[2m2026-04-01T04:03:03.095872Z[0m [32m INFO[0m [2mpathfind[0m[2m:[0m graph synced from store: 650 rooms, 1426 directed edges
[2m2026-04-01T04:03:03.657665Z[0m [32m INFO[0m [2mpathfind[0m[2m:[0m graph synced from store: 649 rooms, 1425 directed edges
[2m2026-04-01T04:03:04.227599Z[0m [32m INFO[0m [2mpathfind[0m[2m:[0m graph synced from store: 649 rooms, 1424 directed edges
[2m2026-04-01T04:03:05.059316Z[0m [32m INFO[0m [2mpathfind[0m[2m:[0m graph synced from store: 648 rooms, 1423 directed edges
[2m2026-04-01T04:03:06.074039Z[0m [32m INFO[0m [2mpathfind[0m[2m:[0m graph synced from store: 648 rooms, 1422 directed edges
[2m2026-04-01T04:03:06.436770Z[0m [32m INFO[0m [2mpathfind[0m[2m:[0m graph synced from store: 647 rooms, 1421 directed edges
[2m2026-04-01T04:03:06.530911Z[0m [32m INFO[0m [2mpathfind[0m[2m:[0m graph synced from store: 647 rooms, 1420 directed edges
[2m2026-04-01T04:03:07.796434Z[0m [32m INFO[0m [2mpathfind[0m[2m:[0m graph synced from store: 646 rooms, 1419 directed edges
[2m2026-04-01T04:03:08.179639Z[0m [32m INFO[0m [2mpathfind[0m[2m:[0m graph synced from store: 646 rooms, 1418 directed edges
[2m2026-04-01T04:03:08.376852Z[0m [32m INFO[0m [2mpathfind[0m[2m:[0m graph synced from store: 646 rooms, 1417 directed edges
[2m2026-04-01T04:03:09.137772Z[0m [32m INFO[0m [2mpathfind[0m[2m:[0m graph synced from store: 645 rooms, 1415 directed edges
[2m2026-04-01T04:03:10.483420Z[0m [32m INFO[0m [2mpathfind[0m[2m:[0m graph synced from store: 644 rooms, 1415 directed edges
[2m2026-04-01T04:03:10.584076Z[0m [32m INFO[0m [2mpathfind[0m[2m:[0m graph synced from store: 644 rooms, 1414 directed edges
[2m2026-04-01T04:03:11.281736Z[0m [32m INFO[0m [2mpathfind[0m[2m:[0m graph synced from store: 644 rooms, 1413 directed edges
[2m2026-04-01T04:03:11.747871Z[0m [32m INFO[0m [2mpathfind[0m[2m:[0m graph synced from store: 644 rooms, 1412 directed edges
[2m2026-04-01T04:03:11.833365Z[0m [32m INFO[0m [2mpathfind[0m[2m:[0m graph synced from store: 643 rooms, 1409 directed edges
[2m2026-04-01T04:03:12.930939Z[0m [32m INFO[0m [2mpathfind[0m[2m:[0m graph synced from store: 643 rooms, 1408 directed edges
[2m2026-04-01T04:03:12.990557Z[0m [32m INFO[0m [2mpathfind[0m[2m:[0m graph synced from store: 643 rooms, 1407 directed edges
[2m2026-04-01T04:03:13.199271Z[0m [32m INFO[0m [2mpathfind[0m[2m:[0m graph synced from store: 642 rooms, 1405 directed edges
[2m2026-04-01T04:03:14.527828Z[0m [32m INFO[0m [2mpathfind[0m[2m:[0m graph synced from store: 641 rooms, 1405 directed edges
[2m2026-04-01T04:03:15.660455Z[0m [32m INFO[0m [2mpathfind[0m[2m:[0m graph synced from store: 641 rooms, 1404 directed edges
[2m2026-04-01T04:03:15.896964Z[0m [32m INFO[0m [2mpathfind[0m[2m:[0m graph synced from store: 640 rooms, 1403 directed edges
[2m2026-04-01T04:03:16.802553Z[0m [32m INFO[0m [2mpathfind[0m[2m:[0m graph synced from store: 640 rooms, 1402 directed edges
[2m2026-04-01T04:03:17.255237Z[0m [32m INFO[0m [2mpathfind[0m[2m:[0m graph synced from store: 639 rooms, 1401 directed edges
[2m2026-04-01T04:03:18.012095Z[0m [32m INFO[0m [2mpathfind[0m[2m:[0m graph synced from store: 639 rooms, 1400 directed edges
[2m2026-04-01T04:03:18.546991Z[0m [32m INFO[0m [2mpathfind[0m[2m:[0m graph synced from store: 639 rooms, 1399 directed edges
[2m2026-04-01T04:03:18.581206Z[0m [32m INFO[0m [2mpathfind[0m[2m:[0m graph synced from store: 638 rooms, 1397 directed edges
[2m2026-04-01T04:03:19.383708Z[0m [32m INFO[0m [2mpathfind[0m[2m:[0m graph synced from store: 638 rooms, 1396 directed edges
[2m2026-04-01T04:03:19.935836Z[0m [32m INFO[0m [2mpathfind[0m[2m:[0m graph synced from store: 637 rooms, 1395 directed edges
[2m2026-04-01T04:03:20.384818Z[0m [32m INFO[0m [2mpathfind[0m[2m:[0m graph synced from store: 637 rooms, 1394 directed edges
[2m2026-04-01T04:03:20.398827Z[0m [32m INFO[0m [2mpathfind[0m[2m:[0m graph synced from store: 637 rooms, 1393 directed edges
[2m2026-04-01T04:03:21.088078Z[0m [32m INFO[0m [2mpathfind[0m[2m:[0m graph synced from store: 637 rooms, 1392 directed edges
[2m2026-04-01T04:03:21.275348Z[0m [32m INFO[0m [2mpathfind[0m[2m:[0m graph synced from store: 636 rooms, 1389 directed edges
[2m2026-04-01T04:03:22.042863Z[0m [32m INFO[0m [2mpathfind[0m[2m:[0m graph synced from store: 636 rooms, 1388 directed edges
[2m2026-04-01T04:03:22.617299Z[0m [32m INFO[0m [2mpathfind[0m[2m:[0m graph synced from store: 635 rooms, 1387 directed edges
[2m2026-04-01T04:03:23.939122Z[0m [32m INFO[0m [2mpathfind[0m[2m:[0m graph synced from store: 634 rooms, 1387 directed edges
[2m2026-04-01T04:03:24.314485Z[0m [32m INFO[0m [2mpathfind[0m[2m:[0m graph synced from store: 634 rooms, 1386 directed edges
[2m2026-04-01T04:03:24.721261Z[0m [32m INFO[0m [2mpathfind[0m[2m:[0m graph synced from store: 634 rooms, 1385 directed edges
[2m2026-04-01T04:03:25.299594Z[0m [32m INFO[0m [2mpathfind[0m[2m:[0m graph synced from store: 633 rooms, 1383 directed edges
[2m2026-04-01T04:03:26.500860Z[0m [32m INFO[0m [2mpathfind[0m[2m:[0m graph synced from store: 633 rooms, 1382 directed edges
[2m2026-04-01T04:03:26.609547Z[0m [32m INFO[0m [2mpathfind[0m[2m:[0m graph synced from store: 632 rooms, 1381 directed edges
[2m2026-04-01T04:03:27.121500Z[0m [32m INFO[0m [2mpathfind[0m[2m:[0m graph synced from store: 632 rooms, 1380 directed edges
[2m2026-04-01T04:03:27.528938Z[0m [32m INFO[0m [2mpathfind[0m[2m:[0m graph synced from store: 632 rooms, 1379 directed edges
[2m2026-04-01T04:03:27.673076Z[0m [32m INFO[0m [2mpathfind[0m[2m:[0m graph synced from store: 632 rooms, 1378 directed edges
[2m2026-04-01T04:03:27.928819Z[0m [32m INFO[0m [2mpathfind[0m[2m:[0m graph synced from store: 631 rooms, 1375 directed edges
[2m2026-04-01T04:03:29.137014Z[0m [32m INFO[0m [2mpathfind[0m[2m:[0m graph synced from store: 631 rooms, 1374 directed edges
[2m2026-04-01T04:03:29.207994Z[0m [32m INFO[0m [2mpathfind[0m[2m:[0m graph synced from store: 630 rooms, 1373 directed edges
[2m2026-04-01T04:03:29.236775Z[0m [32m INFO[0m [2mpathfind[0m[2m:[0m graph synced from store: 630 rooms, 1372 directed edges
[2m2026-04-01T04:03:29.592034Z[0m [32m INFO[0m [2mpathfind[0m[2m:[0m graph synced from store: 630 rooms, 1371 directed edges
[2m2026-04-01T04:03:30.508552Z[0m [32m INFO[0m [2mpathfind[0m[2m:[0m graph synced from store: 629 rooms, 1369 directed edges
[2m2026-04-01T04:03:31.035267Z[0m [32m INFO[0m [2mpathfind[0m[2m:[0m graph synced from store: 629 rooms, 1368 directed edges
[2m2026-04-01T04:03:31.118569Z[0m [32m INFO[0m [2mpathfind[0m[2m:[0m graph synced from store: 629 rooms, 1367 directed edges
[2m2026-04-01T04:03:31.795252Z[0m [32m INFO[0m [2mpathfind[0m[2m:[0m graph synced from store: 628 rooms, 1365 directed edges
[2m2026-04-01T04:03:32.859737Z[0m [32m INFO[0m [2mpathfind[0m[2m:[0m graph synced from store: 628 rooms, 1364 directed edges
[2m2026-04-01T04:03:33.071465Z[0m [32m INFO[0m [2mpathfind[0m[2m:[0m graph synced from store: 628 rooms, 1363 directed edges
[2m2026-04-01T04:03:33.093667Z[0m [32m INFO[0m [2mpathfind[0m[2m:[0m graph synced from store: 627 rooms, 1361 directed edges
[2m2026-04-01T04:03:33.856769Z[0m [32m INFO[0m [2mpathfind[0m[2m:[0m graph synced from store: 627 rooms, 1360 directed edges
[2m2026-04-01T04:03:34.376405Z[0m [32m INFO[0m [2mpathfind[0m[2m:[0m graph synced from store: 626 rooms, 1359 directed edges
[2m2026-04-01T04:03:35.647817Z[0m [32m INFO[0m [2mpathfind[0m[2m:[0m graph synced from store: 626 rooms, 1358 directed edges
[2m2026-04-01T04:03:35.706897Z[0m [32m INFO[0m [2mpathfind[0m[2m:[0m graph synced from store: 625 rooms, 1357 directed edges
[2m2026-04-01T04:03:36.676633Z[0m [32m INFO[0m [2mpathfind[0m[2m:[0m graph synced from store: 625 rooms, 1356 directed edges
[2m2026-04-01T04:03:36.990267Z[0m [32m INFO[0m [2mpathfind[0m[2m:[0m graph synced from store: 624 rooms, 1355 directed edges
[2m2026-04-01T04:03:38.156401Z[0m [32m INFO[0m [2mpathfind[0m[2m:[0m graph synced from store: 624 rooms, 1354 directed edges
[2m2026-04-01T04:03:38.248466Z[0m [32m INFO[0m [2mpathfind[0m[2m:[0m graph synced from store: 623 rooms, 1353 directed edges
[2m2026-04-01T04:03:39.498783Z[0m [32m INFO[0m [2mpathfind[0m[2m:[0m graph synced from store: 622 rooms, 1353 directed edges
[2m2026-04-01T04:03:39.913243Z[0m [32m INFO[0m [2mpathfind[0m[2m:[0m graph synced from store: 622 rooms, 1352 directed edges
[2m2026-04-01T04:03:40.762789Z[0m [32m INFO[0m [2mpathfind[0m[2m:[0m graph synced from store: 621 rooms, 1351 directed edges
[2m2026-04-01T04:03:41.982429Z[0m [32m INFO[0m [2mpathfind[0m[2m:[0m graph synced from store: 621 rooms, 1350 directed edges
[2m2026-04-01T04:03:42.032475Z[0m [32m INFO[0m [2mpathfind[0m[2m:[0m graph synced from store: 620 rooms, 1349 directed edges
[2m2026-04-01T04:03:43.257108Z[0m [32m INFO[0m [2mpathfind[0m[2m:[0m graph synced from store: 619 rooms, 1349 directed edges
[2m2026-04-01T04:03:43.349946Z[0m [32m INFO[0m [2mpathfind[0m[2m:[0m graph synced from store: 619 rooms, 1348 directed edges
[2m2026-04-01T04:03:43.631916Z[0m [32m INFO[0m [2mpathfind[0m[2m:[0m graph synced from store: 619 rooms, 1347 directed edges
[2m2026-04-01T04:03:44.361375Z[0m [32m INFO[0m [2mpathfind[0m[2m:[0m graph synced from store: 619 rooms, 1346 directed edges
[2m2026-04-01T04:03:44.564936Z[0m [32m INFO[0m [2mpathfind[0m[2m:[0m graph synced from store: 618 rooms, 1343 directed edges
[2m2026-04-01T04:03:44.941370Z[0m [32m INFO[0m [2mpathfind[0m[2m:[0m graph synced from store: 618 rooms, 1342 directed edges
[2m2026-04-01T04:03:45.799221Z[0m [32m INFO[0m [2mpathfind[0m[2m:[0m graph synced from store: 617 rooms, 1341 directed edges
[2m2026-04-01T04:03:45.837368Z[0m [32m INFO[0m [2mpathfind[0m[2m:[0m graph synced from store: 617 rooms, 1340 directed edges
[2m2026-04-01T04:03:46.144963Z[0m [32m INFO[0m [2mpathfind[0m[2m:[0m graph synced from store: 617 rooms, 1339 directed edges
[2m2026-04-01T04:03:46.213494Z[0m [32m INFO[0m [2mpathfind[0m[2m:[0m graph synced from store: 617 rooms, 1338 directed edges
[2m2026-04-01T04:03:46.971470Z[0m [32m INFO[0m [2mpathfind[0m[2m:[0m graph synced from store: 617 rooms, 1337 directed edges
[2m2026-04-01T04:03:47.054113Z[0m [32m INFO[0m [2mpathfind[0m[2m:[0m graph synced from store: 616 rooms, 1333 directed edges
[2m2026-04-01T04:03:47.547433Z[0m [32m INFO[0m [2mpathfind[0m[2m:[0m graph synced from store: 616 rooms, 1332 directed edges
[2m2026-04-01T04:03:48.184821Z[0m [32m INFO[0m [2mpathfind[0m[2m:[0m graph synced from store: 616 rooms, 1331 directed edges
[2m2026-04-01T04:03:48.297823Z[0m [32m INFO[0m [2mpathfind[0m[2m:[0m graph synced from store: 615 rooms, 1329 directed edges
[2m2026-04-01T04:03:48.731054Z[0m [32m INFO[0m [2mpathfind[0m[2m:[0m graph synced from store: 615 rooms, 1328 directed edges
[2m2026-04-01T04:03:49.115296Z[0m [32m INFO[0m [2mpathfind[0m[2m:[0m graph synced from store: 615 rooms, 1327 directed edges
[2m2026-04-01T04:03:49.528968Z[0m [32m INFO[0m [2mpathfind[0m[2m:[0m graph synced from store: 614 rooms, 1325 directed edges
[2m2026-04-01T04:03:49.694420Z[0m [32m INFO[0m [2mpathfind[0m[2m:[0m graph synced from store: 614 rooms, 1324 directed edges
[2m2026-04-01T04:03:49.886192Z[0m [32m INFO[0m [2mpathfind[0m[2m:[0m graph synced from store: 614 rooms, 1323 directed edges
[2m2026-04-01T04:03:50.500183Z[0m [32m INFO[0m [2mpathfind[0m[2m:[0m graph synced from store: 614 rooms, 1322 directed edges
[2m2026-04-01T04:03:50.784349Z[0m [32m INFO[0m [2mpathfind[0m[2m:[0m graph synced from store: 613 rooms, 1319 directed edges
[2m2026-04-01T04:03:51.212617Z[0m [32m INFO[0m [2mpathfind[0m[2m:[0m graph synced from store: 613 rooms, 1318 directed edges
[2m2026-04-01T04:03:51.748773Z[0m [32m INFO[0m [2mpathfind[0m[2m:[0m graph synced from store: 613 rooms, 1317 directed edges
[2m2026-04-01T04:03:52.009219Z[0m [32m INFO[0m [2mpathfind[0m[2m:[0m graph synced from store: 613 rooms, 1316 directed edges
[2m2026-04-01T04:03:52.016362Z[0m [32m INFO[0m [2mpathfind[0m[2m:[0m graph synced from store: 612 rooms, 1313 directed edges
[2m2026-04-01T04:03:52.075274Z[0m [32m INFO[0m [2mpathfind[0m[2m:[0m graph synced from store: 612 rooms, 1312 directed edges
[2m2026-04-01T04:03:52.313321Z[0m [32m INFO[0m [2mpathfind[0m[2m:[0m graph synced from store: 612 rooms, 1311 directed edges
[2m2026-04-01T04:03:52.344346Z[0m [32m INFO[0m [2mpathfind[0m[2m:[0m graph synced from store: 612 rooms, 1310 directed edges
[2m2026-04-01T04:03:52.685089Z[0m [32m INFO[0m [2mpathfind[0m[2m:[0m graph synced from store: 612 rooms, 1309 directed edges
[2m2026-04-01T04:03:53.282806Z[0m [32m INFO[0m [2mpathfind[0m[2m:[0m graph synced from store: 611 rooms, 1305 directed edges
[2m2026-04-01T04:03:54.490387Z[0m [32m INFO[0m [2mpathfind[0m[2m:[0m graph synced from store: 611 rooms, 1304 directed edges
[2m2026-04-01T04:03:54.574138Z[0m [32m INFO[0m [2mpathfind[0m[2m:[0m graph synced from store: 610 rooms, 1303 directed edges
[2m2026-04-01T04:03:55.485485Z[0m [32m INFO[0m [2mpathfind[0m[2m:[0m graph synced from store: 610 rooms, 1302 directed edges
[2m2026-04-01T04:03:55.754353Z[0m [32m INFO[0m [2mpathfind[0m[2m:[0m graph synced from store: 609 rooms, 1301 directed edges
[2m2026-04-01T04:03:56.129014Z[0m [32m INFO[0m [2mpathfind[0m[2m:[0m graph synced from store: 609 rooms, 1300 directed edges
[2m2026-04-01T04:03:56.949235Z[0m [32m INFO[0m [2mpathfind[0m[2m:[0m graph synced from store: 608 rooms, 1299 directed edges
[2m2026-04-01T04:03:58.137714Z[0m [32m INFO[0m [2mpathfind[0m[2m:[0m graph synced from store: 607 rooms, 1299 directed edges
[2m2026-04-01T04:03:59.355084Z[0m [32m INFO[0m [2mpathfind[0m[2m:[0m graph synced from store: 606 rooms, 1299 directed edges
[2m2026-04-01T04:03:59.899320Z[0m [32m INFO[0m [2mpathfind[0m[2m:[0m graph synced from store: 606 rooms, 1298 directed edges
[2m2026-04-01T04:04:00.032138Z[0m [32m INFO[0m [2mpathfind[0m[2m:[0m graph synced from store: 606 rooms, 1297 directed edges
[2m2026-04-01T04:04:00.485056Z[0m [32m INFO[0m [2mpathfind[0m[2m:[0m graph synced from store: 606 rooms, 1296 directed edges
[2m2026-04-01T04:04:00.568465Z[0m [32m INFO[0m [2mpathfind[0m[2m:[0m graph synced from store: 605 rooms, 1293 directed edges
[2m2026-04-01T04:04:00.882093Z[0m [32m INFO[0m [2mpathfind[0m[2m:[0m graph synced from store: 605 rooms, 1292 directed edges
[2m2026-04-01T04:04:01.675190Z[0m [32m INFO[0m [2mpathfind[0m[2m:[0m graph synced from store: 605 rooms, 1291 directed edges
[2m2026-04-01T04:04:01.932324Z[0m [32m INFO[0m [2mpathfind[0m[2m:[0m graph synced from store: 604 rooms, 1289 directed edges
[2m2026-04-01T04:04:02.552435Z[0m [32m INFO[0m [2mpathfind[0m[2m:[0m graph synced from store: 604 rooms, 1288 directed edges
[2m2026-04-01T04:04:03.129124Z[0m [32m INFO[0m [2mpathfind[0m[2m:[0m graph synced from store: 603 rooms, 1287 directed edges
[2m2026-04-01T04:04:03.154600Z[0m [32m INFO[0m [2mpathfind[0m[2m:[0m graph synced from store: 603 rooms, 1286 directed edges
[2m2026-04-01T04:04:04.199519Z[0m [32m INFO[0m [2mpathfind[0m[2m:[0m graph synced from store: 603 rooms, 1285 directed edges
[2m2026-04-01T04:04:04.215088Z[0m [32m INFO[0m [2mpathfind[0m[2m:[0m graph synced from store: 603 rooms, 1284 directed edges
[2m2026-04-01T04:04:04.327422Z[0m [32m INFO[0m [2mpathfind[0m[2m:[0m graph synced from store: 602 rooms, 1281 directed edges
[2m2026-04-01T04:04:04.871257Z[0m [32m INFO[0m [2mpathfind[0m[2m:[0m graph synced from store: 602 rooms, 1280 directed edges
[2m2026-04-01T04:04:04.965834Z[0m [32m INFO[0m [2mpathfind[0m[2m:[0m graph synced from store: 602 rooms, 1279 directed edges
[2m2026-04-01T04:04:05.488288Z[0m [32m INFO[0m [2mpathfind[0m[2m:[0m graph synced from store: 601 rooms, 1277 directed edges
[2m2026-04-01T04:04:05.785542Z[0m [32m INFO[0m [2mpathfind[0m[2m:[0m graph synced from store: 601 rooms, 1276 directed edges
[2m2026-04-01T04:04:06.049876Z[0m [32m INFO[0m [2mpathfind[0m[2m:[0m graph synced from store: 601 rooms, 1275 directed edges
[2m2026-04-01T04:04:06.641616Z[0m [32m INFO[0m [2mpathfind[0m[2m:[0m graph synced from store: 600 rooms, 1273 directed edges
[2m2026-04-01T04:04:07.646271Z[0m [32m INFO[0m [2mpathfind[0m[2m:[0m graph synced from store: 600 rooms, 1272 directed edges
[2m2026-04-01T04:04:07.777918Z[0m [32m INFO[0m [2mpathfind[0m[2m:[0m graph synced from store: 599 rooms, 1271 directed edges
[2m2026-04-01T04:04:07.925344Z[0m [32m INFO[0m [2mpathfind[0m[2m:[0m graph synced from store: 599 rooms, 1270 directed edges
[2m2026-04-01T04:04:08.851624Z[0m [32m INFO[0m [2mpathfind[0m[2m:[0m graph synced from store: 599 rooms, 1269 directed edges
[2m2026-04-01T04:04:08.954076Z[0m [32m INFO[0m [2mpathfind[0m[2m:[0m graph synced from store: 598 rooms, 1267 directed edges
[2m2026-04-01T04:04:09.116831Z[0m [32m INFO[0m [2mpathfind[0m[2m:[0m graph synced from store: 598 rooms, 1266 directed edges
[2m2026-04-01T04:04:09.663025Z[0m [32m INFO[0m [2mpathfind[0m[2m:[0m graph synced from store: 598 rooms, 1265 directed edges
[2m2026-04-01T04:04:09.908563Z[0m [32m INFO[0m [2mpathfind[0m[2m:[0m graph synced from store: 598 rooms, 1264 directed edges
[2m2026-04-01T04:04:10.101668Z[0m [32m INFO[0m [2mpathfind[0m[2m:[0m graph synced from store: 597 rooms, 1261 directed edges
[2m2026-04-01T04:04:11.225115Z[0m [32m INFO[0m [2mpathfind[0m[2m:[0m graph synced from store: 596 rooms, 1261 directed edges
[2m2026-04-01T04:04:12.163325Z[0m [32m INFO[0m [2mpathfind[0m[2m:[0m graph synced from store: 596 rooms, 1260 directed edges
[2m2026-04-01T04:04:12.360453Z[0m [32m INFO[0m [2mpathfind[0m[2m:[0m graph synced from store: 595 rooms, 1259 directed edges
[2m2026-04-01T04:04:13.547794Z[0m [32m INFO[0m [2mpathfind[0m[2m:[0m graph synced from store: 594 rooms, 1259 directed edges
[2m2026-04-01T04:04:13.665565Z[0m [32m INFO[0m [2mpathfind[0m[2m:[0m graph synced from store: 594 rooms, 1258 directed edges
[2m2026-04-01T04:04:13.927151Z[0m [32m INFO[0m [2mpathfind[0m[2m:[0m graph synced from store: 594 rooms, 1257 directed edges
[2m2026-04-01T04:04:14.691251Z[0m [32m INFO[0m [2mpathfind[0m[2m:[0m graph synced from store: 593 rooms, 1255 directed edges
[2m2026-04-01T04:04:15.323234Z[0m [32m INFO[0m [2mpathfind[0m[2m:[0m graph synced from store: 593 rooms, 1254 directed edges
[2m2026-04-01T04:04:15.825648Z[0m [32m INFO[0m [2mpathfind[0m[2m:[0m graph synced from store: 592 rooms, 1253 directed edges
[2m2026-04-01T04:04:15.932667Z[0m [32m INFO[0m [2mpathfind[0m[2m:[0m graph synced from store: 592 rooms, 1252 directed edges
[2m2026-04-01T04:04:16.942444Z[0m [32m INFO[0m [2mpathfind[0m[2m:[0m graph synced from store: 591 rooms, 1251 directed edges
[2m2026-04-01T04:04:17.577290Z[0m [32m INFO[0m [2mpathfind[0m[2m:[0m graph synced from store: 591 rooms, 1250 directed edges
[2m2026-04-01T04:04:17.768378Z[0m [32m INFO[0m [2mpathfind[0m[2m:[0m graph synced from store: 591 rooms, 1249 directed edges
[2m2026-04-01T04:04:18.101934Z[0m [32m INFO[0m [2mpathfind[0m[2m:[0m graph synced from store: 590 rooms, 1247 directed edges
[2m2026-04-01T04:04:18.486916Z[0m [32m INFO[0m [2mpathfind[0m[2m:[0m graph synced from store: 590 rooms, 1246 directed edges
[2m2026-04-01T04:04:18.537822Z[0m [32m INFO[0m [2mpathfind[0m[2m:[0m graph synced from store: 590 rooms, 1245 directed edges
[2m2026-04-01T04:04:19.210155Z[0m [32m INFO[0m [2mpathfind[0m[2m:[0m graph synced from store: 589 rooms, 1243 directed edges
[2m2026-04-01T04:04:19.918497Z[0m [32m INFO[0m [2mpathfind[0m[2m:[0m graph synced from store: 589 rooms, 1242 directed edges
[2m2026-04-01T04:04:20.010694Z[0m [32m INFO[0m [2mpathfind[0m[2m:[0m graph synced from store: 589 rooms, 1241 directed edges
[2m2026-04-01T04:04:20.084011Z[0m [32m INFO[0m [2mpathfind[0m[2m:[0m graph synced from store: 589 rooms, 1240 directed edges
[2m2026-04-01T04:04:20.328072Z[0m [32m INFO[0m [2mpathfind[0m[2m:[0m graph synced from store: 588 rooms, 1237 directed edges
[2m2026-04-01T04:04:20.461672Z[0m [32m INFO[0m [2mpathfind[0m[2m:[0m graph synced from store: 588 rooms, 1236 directed edges
[2m2026-04-01T04:04:21.434525Z[0m [32m INFO[0m [2mpathfind[0m[2m:[0m graph synced from store: 587 rooms, 1235 directed edges
[2m2026-04-01T04:04:22.313120Z[0m [32m INFO[0m [2mpathfind[0m[2m:[0m graph synced from store: 587 rooms, 1234 directed edges
[2m2026-04-01T04:04:22.508431Z[0m [32m INFO[0m [2mpathfind[0m[2m:[0m graph synced from store: 587 rooms, 1233 directed edges
[2m2026-04-01T04:04:22.537373Z[0m [32m INFO[0m [2mpathfind[0m[2m:[0m graph synced from store: 586 rooms, 1231 directed edges
[2m2026-04-01T04:04:23.309587Z[0m [32m INFO[0m [2mpathfind[0m[2m:[0m graph synced from store: 586 rooms, 1230 directed edges
[2m2026-04-01T04:04:23.627785Z[0m [32m INFO[0m [2mpathfind[0m[2m:[0m graph synced from store: 585 rooms, 1229 directed edges
[2m2026-04-01T04:04:23.746014Z[0m [32m INFO[0m [2mpathfind[0m[2m:[0m graph synced from store: 585 rooms, 1228 directed edges
[2m2026-04-01T04:04:23.880292Z[0m [32m INFO[0m [2mpathfind[0m[2m:[0m graph synced from store: 585 rooms, 1227 directed edges
[2m2026-04-01T04:04:24.421837Z[0m [32m INFO[0m [2mpathfind[0m[2m:[0m graph synced from store: 585 rooms, 1226 directed edges
[2m2026-04-01T04:04:24.719035Z[0m [32m INFO[0m [2mpathfind[0m[2m:[0m graph synced from store: 584 rooms, 1223 directed edges
[2m2026-04-01T04:04:25.077622Z[0m [32m INFO[0m [2mpathfind[0m[2m:[0m graph synced from store: 584 rooms, 1222 directed edges
[2m2026-04-01T04:04:25.604246Z[0m [32m INFO[0m [2mpathfind[0m[2m:[0m graph synced from store: 584 rooms, 1221 directed edges
[2m2026-04-01T04:04:25.813755Z[0m [32m INFO[0m [2mpathfind[0m[2m:[0m graph synced from store: 583 rooms, 1219 directed edges
[2m2026-04-01T04:04:26.074308Z[0m [32m INFO[0m [2mpathfind[0m[2m:[0m graph synced from store: 583 rooms, 1218 directed edges
[2m2026-04-01T04:04:26.080257Z[0m [32m INFO[0m [2mpathfind[0m[2m:[0m graph synced from store: 583 rooms, 1217 directed edges
[2m2026-04-01T04:04:26.917218Z[0m [32m INFO[0m [2mpathfind[0m[2m:[0m graph synced from store: 582 rooms, 1215 directed edges
[2m2026-04-01T04:04:27.953650Z[0m [32m INFO[0m [2mpathfind[0m[2m:[0m graph synced from store: 582 rooms, 1214 directed edges
[2m2026-04-01T04:04:28.011425Z[0m [32m INFO[0m [2mpathfind[0m[2m:[0m graph synced from store: 581 rooms, 1213 directed edges
[2m2026-04-01T04:04:28.078981Z[0m [32m INFO[0m [2mpathfind[0m[2m:[0m graph synced from store: 581 rooms, 1212 directed edges
[2m2026-04-01T04:04:29.104487Z[0m [32m INFO[0m [2mpathfind[0m[2m:[0m graph synced from store: 580 rooms, 1211 directed edges
[2m2026-04-01T04:04:29.660665Z[0m [32m INFO[0m [2mpathfind[0m[2m:[0m graph synced from store: 580 rooms, 1210 directed edges
[2m2026-04-01T04:04:29.780878Z[0m [32m INFO[0m [2mpathfind[0m[2m:[0m graph synced from store: 580 rooms, 1209 directed edges
[2m2026-04-01T04:04:30.135520Z[0m [32m INFO[0m [2mpathfind[0m[2m:[0m graph synced from store: 580 rooms, 1208 directed edges
[2m2026-04-01T04:04:30.194492Z[0m [32m INFO[0m [2mpathfind[0m[2m:[0m graph synced from store: 579 rooms, 1205 directed edges
[2m2026-04-01T04:04:30.839147Z[0m [32m INFO[0m [2mpathfind[0m[2m:[0m graph synced from store: 579 rooms, 1204 directed edges
[2m2026-04-01T04:04:30.992273Z[0m [32m INFO[0m [2mpathfind[0m[2m:[0m graph synced from store: 579 rooms, 1203 directed edges
[2m2026-04-01T04:04:31.253827Z[0m [32m INFO[0m [2mpathfind[0m[2m:[0m graph synced from store: 578 rooms, 1201 directed edges
[2m2026-04-01T04:04:32.114966Z[0m [32m INFO[0m [2mpathfind[0m[2m:[0m graph synced from store: 578 rooms, 1200 directed edges
[2m2026-04-01T04:04:32.334939Z[0m [32m INFO[0m [2mpathfind[0m[2m:[0m graph synced from store: 577 rooms, 1199 directed edges
[2m2026-04-01T04:04:32.429739Z[0m [32m INFO[0m [2mpathfind[0m[2m:[0m graph synced from store: 577 rooms, 1198 directed edges
[2m2026-04-01T04:04:32.538787Z[0m [32m INFO[0m [2mpathfind[0m[2m:[0m graph synced from store: 577 rooms, 1197 directed edges
[2m2026-04-01T04:04:33.409861Z[0m [32m INFO[0m [2mpathfind[0m[2m:[0m graph synced from store: 576 rooms, 1195 directed edges
[2m2026-04-01T04:04:33.600298Z[0m [32m INFO[0m [2mpathfind[0m[2m:[0m graph synced from store: 576 rooms, 1194 directed edges
[2m2026-04-01T04:04:34.466435Z[0m [32m INFO[0m [2mpathfind[0m[2m:[0m graph synced from store: 575 rooms, 1193 directed edges
[2m2026-04-01T04:04:35.008592Z[0m [32m INFO[0m [2mpathfind[0m[2m:[0m graph synced from store: 575 rooms, 1192 directed edges
[2m2026-04-01T04:04:35.403068Z[0m [32m INFO[0m [2mpathfind[0m[2m:[0m graph synced from store: 575 rooms, 1191 directed edges
[2m2026-04-01T04:04:35.545781Z[0m [32m INFO[0m [2mpathfind[0m[2m:[0m graph synced from store: 574 rooms, 1189 directed edges
[2m2026-04-01T04:04:36.584847Z[0m [32m INFO[0m [2mpathfind[0m[2m:[0m graph synced from store: 573 rooms, 1189 directed edges
[2m2026-04-01T04:04:36.620777Z[0m [32m INFO[0m [2mpathfind[0m[2m:[0m graph synced from store: 573 rooms, 1188 directed edges
[2m2026-04-01T04:04:37.711113Z[0m [32m INFO[0m [2mpathfind[0m[2m:[0m graph synced from store: 573 rooms, 1187 directed edges
[2m2026-04-01T04:04:37.796750Z[0m [32m INFO[0m [2mpathfind[0m[2m:[0m graph synced from store: 572 rooms, 1185 directed edges
[2m2026-04-01T04:04:37.926600Z[0m [32m INFO[0m [2mpathfind[0m[2m:[0m graph synced from store: 572 rooms, 1184 directed edges
[2m2026-04-01T04:04:38.570827Z[0m [32m INFO[0m [2mpathfind[0m[2m:[0m graph synced from store: 572 rooms, 1183 directed edges
[2m2026-04-01T04:04:38.892353Z[0m [32m INFO[0m [2mpathfind[0m[2m:[0m graph synced from store: 571 rooms, 1181 directed edges
[2m2026-04-01T04:04:38.973002Z[0m [32m INFO[0m [2mpathfind[0m[2m:[0m graph synced from store: 571 rooms, 1180 directed edges
[2m2026-04-01T04:04:39.964456Z[0m [32m INFO[0m [2mpathfind[0m[2m:[0m graph synced from store: 570 rooms, 1179 directed edges
[2m2026-04-01T04:04:41.005416Z[0m [32m INFO[0m [2mpathfind[0m[2m:[0m graph synced from store: 569 rooms, 1179 directed edges
[2m2026-04-01T04:04:41.987551Z[0m [32m INFO[0m [2mpathfind[0m[2m:[0m graph synced from store: 569 rooms, 1178 directed edges
[2m2026-04-01T04:04:42.075130Z[0m [32m INFO[0m [2mpathfind[0m[2m:[0m graph synced from store: 568 rooms, 1177 directed edges
[2m2026-04-01T04:04:42.325640Z[0m [32m INFO[0m [2mpathfind[0m[2m:[0m graph synced from store: 568 rooms, 1176 directed edges
[2m2026-04-01T04:04:42.942136Z[0m [32m INFO[0m [2mpathfind[0m[2m:[0m graph synced from store: 568 rooms, 1175 directed edges
[2m2026-04-01T04:04:43.220102Z[0m [32m INFO[0m [2mpathfind[0m[2m:[0m graph synced from store: 567 rooms, 1173 directed edges
[2m2026-04-01T04:04:43.772767Z[0m [32m INFO[0m [2mpathfind[0m[2m:[0m graph synced from store: 567 rooms, 1172 directed edges
[2m2026-04-01T04:04:44.300180Z[0m [32m INFO[0m [2mpathfind[0m[2m:[0m graph synced from store: 566 rooms, 1171 directed edges
[2m2026-04-01T04:04:44.648401Z[0m [32m INFO[0m [2mpathfind[0m[2m:[0m graph synced from store: 566 rooms, 1170 directed edges
[2m2026-04-01T04:04:44.767590Z[0m [32m INFO[0m [2mpathfind[0m[2m:[0m graph synced from store: 566 rooms, 1169 directed edges
[2m2026-04-01T04:04:45.419228Z[0m [32m INFO[0m [2mpathfind[0m[2m:[0m graph synced from store: 565 rooms, 1167 directed edges
[2m2026-04-01T04:04:45.521337Z[0m [32m INFO[0m [2mpathfind[0m[2m:[0m graph synced from store: 565 rooms, 1166 directed edges
[2m2026-04-01T04:04:45.990297Z[0m [32m INFO[0m [2mpathfind[0m[2m:[0m graph synced from store: 565 rooms, 1165 directed edges
[2m2026-04-01T04:04:46.308654Z[0m [32m INFO[0m [2mpathfind[0m[2m:[0m graph synced from store: 565 rooms, 1164 directed edges
[2m2026-04-01T04:04:46.488472Z[0m [32m INFO[0m [2mpathfind[0m[2m:[0m graph synced from store: 564 rooms, 1161 directed edges
[2m2026-04-01T04:04:47.534875Z[0m [32m INFO[0m [2mpathfind[0m[2m:[0m graph synced from store: 563 rooms, 1161 directed edges
[2m2026-04-01T04:04:47.906930Z[0m [32m INFO[0m [2mpathfind[0m[2m:[0m graph synced from store: 563 rooms, 1160 directed edges
[2m2026-04-01T04:04:48.391164Z[0m [32m INFO[0m [2mpathfind[0m[2m:[0m graph synced from store: 563 rooms, 1159 directed edges
[2m2026-04-01T04:04:48.543262Z[0m [32m INFO[0m [2mpathfind[0m[2m:[0m graph synced from store: 562 rooms, 1157 directed edges
[2m2026-04-01T04:04:48.995448Z[0m [32m INFO[0m [2mpathfind[0m[2m:[0m graph synced from store: 562 rooms, 1156 directed edges
[2m2026-04-01T04:04:49.294954Z[0m [32m INFO[0m [2mpathfind[0m[2m:[0m graph synced from store: 562 rooms, 1155 directed edges
[2m2026-04-01T04:04:49.544674Z[0m [32m INFO[0m [2mpathfind[0m[2m:[0m graph synced from store: 561 rooms, 1153 directed edges
[2m2026-04-01T04:04:50.512843Z[0m [32m INFO[0m [2mpathfind[0m[2m:[0m graph synced from store: 560 rooms, 1153 directed edges
[2m2026-04-01T04:04:51.081842Z[0m [32m INFO[0m [2mpathfind[0m[2m:[0m graph synced from store: 560 rooms, 1152 directed edges
[2m2026-04-01T04:04:51.160440Z[0m [32m INFO[0m [2mpathfind[0m[2m:[0m graph synced from store: 560 rooms, 1151 directed edges
[2m2026-04-01T04:04:51.501576Z[0m [32m INFO[0m [2mpathfind[0m[2m:[0m graph synced from store: 559 rooms, 1149 directed edges
[2m2026-04-01T04:04:52.213824Z[0m [32m INFO[0m [2mpathfind[0m[2m:[0m graph synced from store: 559 rooms, 1148 directed edges
[2m2026-04-01T04:04:52.347238Z[0m [32m INFO[0m [2mpathfind[0m[2m:[0m graph synced from store: 559 rooms, 1147 directed edges
[2m2026-04-01T04:04:52.387474Z[0m [32m INFO[0m [2mpathfind[0m[2m:[0m graph synced from store: 559 rooms, 1146 directed edges
[2m2026-04-01T04:04:52.480662Z[0m [32m INFO[0m [2mpathfind[0m[2m:[0m graph synced from store: 558 rooms, 1143 directed edges
[2m2026-04-01T04:04:53.435679Z[0m [32m INFO[0m [2mpathfind[0m[2m:[0m graph synced from store: 557 rooms, 1143 directed edges
[2m2026-04-01T04:04:54.441200Z[0m [32m INFO[0m [2mpathfind[0m[2m:[0m graph synced from store: 556 rooms, 1143 directed edges
[2m2026-04-01T04:04:55.420624Z[0m [32m INFO[0m [2mpathfind[0m[2m:[0m graph synced from store: 555 rooms, 1143 directed edges
[2m2026-04-01T04:04:56.005878Z[0m [32m INFO[0m [2mpathfind[0m[2m:[0m graph synced from store: 555 rooms, 1142 directed edges
[2m2026-04-01T04:04:56.399198Z[0m [32m INFO[0m [2mpathfind[0m[2m:[0m graph synced from store: 554 rooms, 1141 directed edges
[2m2026-04-01T04:04:57.214125Z[0m [32m INFO[0m [2mpathfind[0m[2m:[0m graph synced from store: 554 rooms, 1140 directed edges
[2m2026-04-01T04:04:57.362196Z[0m [32m INFO[0m [2mpathfind[0m[2m:[0m graph synced from store: 553 rooms, 1139 directed edges
[2m2026-04-01T04:04:58.314178Z[0m [32m INFO[0m [2mpathfind[0m[2m:[0m graph synced from store: 552 rooms, 1139 directed edges
[2m2026-04-01T04:04:59.245596Z[0m [32m INFO[0m [2mpathfind[0m[2m:[0m graph synced from store: 551 rooms, 1139 directed edges
[2m2026-04-01T04:05:00.201181Z[0m [32m INFO[0m [2mpathfind[0m[2m:[0m graph synced from store: 550 rooms, 1139 directed edges
[2m2026-04-01T04:05:01.138477Z[0m [32m INFO[0m [2mpathfind[0m[2m:[0m graph synced from store: 549 rooms, 1139 directed edges
[2m2026-04-01T04:05:02.009646Z[0m [32m INFO[0m [2mpathfind[0m[2m:[0m graph synced from store: 549 rooms, 1138 directed edges
[2m2026-04-01T04:05:02.080420Z[0m [32m INFO[0m [2mpathfind[0m[2m:[0m graph synced from store: 548 rooms, 1137 directed edges
[2m2026-04-01T04:05:02.513441Z[0m [32m INFO[0m [2mpathfind[0m[2m:[0m graph synced from store: 548 rooms, 1136 directed edges
[2m2026-04-01T04:05:02.598741Z[0m [32m INFO[0m [2mpathfind[0m[2m:[0m graph synced from store: 548 rooms, 1135 directed edges
[2m2026-04-01T04:05:02.785462Z[0m [32m INFO[0m [2mpathfind[0m[2m:[0m graph synced from store: 548 rooms, 1134 directed edges
[2m2026-04-01T04:05:02.962526Z[0m [32m INFO[0m [2mpathfind[0m[2m:[0m graph synced from store: 548 rooms, 1133 directed edges
[2m2026-04-01T04:05:03.040359Z[0m [32m INFO[0m [2mpathfind[0m[2m:[0m graph synced from store: 547 rooms, 1129 directed edges
[2m2026-04-01T04:05:03.155816Z[0m [32m INFO[0m [2mpathfind[0m[2m:[0m graph synced from store: 547 rooms, 1128 directed edges
[2m2026-04-01T04:05:03.985811Z[0m [32m INFO[0m [2mpathfind[0m[2m:[0m graph synced from store: 546 rooms, 1127 directed edges
[2m2026-04-01T04:05:04.229952Z[0m [32m INFO[0m [2mpathfind[0m[2m:[0m graph synced from store: 546 rooms, 1126 directed edges
[2m2026-04-01T04:05:04.269653Z[0m [32m INFO[0m [2mpathfind[0m[2m:[0m graph synced from store: 546 rooms, 1125 directed edges
[2m2026-04-01T04:05:04.930352Z[0m [32m INFO[0m [2mpathfind[0m[2m:[0m graph synced from store: 545 rooms, 1123 directed edges
[2m2026-04-01T04:05:04.995741Z[0m [32m INFO[0m [2mpathfind[0m[2m:[0m graph synced from store: 545 rooms, 1122 directed edges
[2m2026-04-01T04:05:05.704934Z[0m [32m INFO[0m [2mpathfind[0m[2m:[0m graph synced from store: 545 rooms, 1121 directed edges
[2m2026-04-01T04:05:05.865624Z[0m [32m INFO[0m [2mpathfind[0m[2m:[0m graph synced from store: 544 rooms, 1119 directed edges
[2m2026-04-01T04:05:05.885218Z[0m [32m INFO[0m [2mpathfind[0m[2m:[0m graph synced from store: 544 rooms, 1118 directed edges
[2m2026-04-01T04:05:06.802349Z[0m [32m INFO[0m [2mpathfind[0m[2m:[0m graph synced from store: 543 rooms, 1117 directed edges
[2m2026-04-01T04:05:07.003630Z[0m [32m INFO[0m [2mpathfind[0m[2m:[0m graph synced from store: 543 rooms, 1116 directed edges
[2m2026-04-01T04:05:07.527780Z[0m [32m INFO[0m [2mpathfind[0m[2m:[0m graph synced from store: 543 rooms, 1115 directed edges
[2m2026-04-01T04:05:07.728348Z[0m [32m INFO[0m [2mpathfind[0m[2m:[0m graph synced from store: 542 rooms, 1113 directed edges
[2m2026-04-01T04:05:07.979325Z[0m [32m INFO[0m [2mpathfind[0m[2m:[0m graph synced from store: 542 rooms, 1112 directed edges
[2m2026-04-01T04:05:08.443222Z[0m [32m INFO[0m [2mpathfind[0m[2m:[0m graph synced from store: 542 rooms, 1111 directed edges
[2m2026-04-01T04:05:08.660889Z[0m [32m INFO[0m [2mpathfind[0m[2m:[0m graph synced from store: 541 rooms, 1109 directed edges
[2m2026-04-01T04:05:09.404391Z[0m [32m INFO[0m [2mpathfind[0m[2m:[0m graph synced from store: 541 rooms, 1108 directed edges
[2m2026-04-01T04:05:09.573734Z[0m [32m INFO[0m [2mpathfind[0m[2m:[0m graph synced from store: 540 rooms, 1107 directed edges
[2m2026-04-01T04:05:09.596248Z[0m [32m INFO[0m [2mpathfind[0m[2m:[0m graph synced from store: 540 rooms, 1106 directed edges
[2m2026-04-01T04:05:10.487092Z[0m [32m INFO[0m [2mpathfind[0m[2m:[0m graph synced from store: 539 rooms, 1105 directed edges
[2m2026-04-01T04:05:10.626510Z[0m [32m INFO[0m [2mpathfind[0m[2m:[0m graph synced from store: 539 rooms, 1104 directed edges
[2m2026-04-01T04:05:11.403422Z[0m [32m INFO[0m [2mpathfind[0m[2m:[0m graph synced from store: 538 rooms, 1103 directed edges
[2m2026-04-01T04:05:11.521593Z[0m [32m INFO[0m [2mpathfind[0m[2m:[0m graph synced from store: 538 rooms, 1102 directed edges
[2m2026-04-01T04:05:12.299871Z[0m [32m INFO[0m [2mpathfind[0m[2m:[0m graph synced from store: 538 rooms, 1101 directed edges
[2m2026-04-01T04:05:12.447670Z[0m [32m INFO[0m [2mpathfind[0m[2m:[0m graph synced from store: 537 rooms, 1099 directed edges
[2m2026-04-01T04:05:13.393430Z[0m [32m INFO[0m [2mpathfind[0m[2m:[0m graph synced from store: 537 rooms, 1098 directed edges
[2m2026-04-01T04:05:13.398702Z[0m [32m INFO[0m [2mpathfind[0m[2m:[0m graph synced from store: 536 rooms, 1097 directed edges
[2m2026-04-01T04:05:13.908024Z[0m [32m INFO[0m [2mpathfind[0m[2m:[0m graph synced from store: 536 rooms, 1096 directed edges
[2m2026-04-01T04:05:14.115727Z[0m [32m INFO[0m [2mpathfind[0m[2m:[0m graph synced from store: 536 rooms, 1095 directed edges
[2m2026-04-01T04:05:14.345954Z[0m [32m INFO[0m [2mpathfind[0m[2m:[0m graph synced from store: 535 rooms, 1093 directed edges
[2m2026-04-01T04:05:14.387309Z[0m [32m INFO[0m [2mpathfind[0m[2m:[0m graph synced from store: 535 rooms, 1092 directed edges
[2m2026-04-01T04:05:15.269332Z[0m [32m INFO[0m [2mpathfind[0m[2m:[0m graph synced from store: 534 rooms, 1091 directed edges
[2m2026-04-01T04:05:16.198763Z[0m [32m INFO[0m [2mpathfind[0m[2m:[0m graph synced from store: 533 rooms, 1091 directed edges
[2m2026-04-01T04:05:17.121884Z[0m [32m INFO[0m [2mpathfind[0m[2m:[0m graph synced from store: 532 rooms, 1091 directed edges
[2m2026-04-01T04:05:17.670758Z[0m [32m INFO[0m [2mpathfind[0m[2m:[0m graph synced from store: 532 rooms, 1090 directed edges
[2m2026-04-01T04:05:17.885064Z[0m [32m INFO[0m [2mpathfind[0m[2m:[0m graph synced from store: 532 rooms, 1089 directed edges
[2m2026-04-01T04:05:18.039948Z[0m [32m INFO[0m [2mpathfind[0m[2m:[0m graph synced from store: 531 rooms, 1087 directed edges
[2m2026-04-01T04:05:18.303912Z[0m [32m INFO[0m [2mpathfind[0m[2m:[0m graph synced from store: 531 rooms, 1086 directed edges
[2m2026-04-01T04:05:18.387338Z[0m [32m INFO[0m [2mpathfind[0m[2m:[0m graph synced from store: 531 rooms, 1085 directed edges
[2m2026-04-01T04:05:18.429889Z[0m [32m INFO[0m [2mpathfind[0m[2m:[0m graph synced from store: 531 rooms, 1084 directed edges
[2m2026-04-01T04:05:19.003968Z[0m [32m INFO[0m [2mpathfind[0m[2m:[0m graph synced from store: 530 rooms, 1081 directed edges
[2m2026-04-01T04:05:19.587132Z[0m [32m INFO[0m [2mpathfind[0m[2m:[0m graph synced from store: 530 rooms, 1080 directed edges
[2m2026-04-01T04:05:19.682612Z[0m [32m INFO[0m [2mpathfind[0m[2m:[0m graph synced from store: 530 rooms, 1079 directed edges
[2m2026-04-01T04:05:19.926217Z[0m [32m INFO[0m [2mpathfind[0m[2m:[0m graph synced from store: 529 rooms, 1077 directed edges
[2m2026-04-01T04:05:20.176898Z[0m [32m INFO[0m [2mpathfind[0m[2m:[0m graph synced from store: 529 rooms, 1076 directed edges
[2m2026-04-01T04:05:20.492252Z[0m [32m INFO[0m [2mpathfind[0m[2m:[0m graph synced from store: 529 rooms, 1075 directed edges
[2m2026-04-01T04:05:20.868822Z[0m [32m INFO[0m [2mpathfind[0m[2m:[0m graph synced from store: 528 rooms, 1073 directed edges
[2m2026-04-01T04:05:21.047492Z[0m [32m INFO[0m [2mpathfind[0m[2m:[0m graph synced from store: 528 rooms, 1072 directed edges
[2m2026-04-01T04:05:21.094784Z[0m [32m INFO[0m [2mpathfind[0m[2m:[0m graph synced from store: 528 rooms, 1071 directed edges
[2m2026-04-01T04:05:21.400526Z[0m [32m INFO[0m [2mpathfind[0m[2m:[0m graph synced from store: 528 rooms, 1070 directed edges
[2m2026-04-01T04:05:21.806598Z[0m [32m INFO[0m [2mpathfind[0m[2m:[0m graph synced from store: 527 rooms, 1067 directed edges
[2m2026-04-01T04:05:21.950666Z[0m [32m INFO[0m [2mpathfind[0m[2m:[0m graph synced from store: 527 rooms, 1066 directed edges
[2m2026-04-01T04:05:22.301023Z[0m [32m INFO[0m [2mpathfind[0m[2m:[0m graph synced from store: 527 rooms, 1065 directed edges
[2m2026-04-01T04:05:22.815284Z[0m [32m INFO[0m [2mpathfind[0m[2m:[0m graph synced from store: 526 rooms, 1063 directed edges
[2m2026-04-01T04:05:23.725798Z[0m [32m INFO[0m [2mpathfind[0m[2m:[0m graph synced from store: 525 rooms, 1063 directed edges
[2m2026-04-01T04:05:24.616821Z[0m [32m INFO[0m [2mpathfind[0m[2m:[0m graph synced from store: 524 rooms, 1063 directed edges
[2m2026-04-01T04:05:25.495386Z[0m [32m INFO[0m [2mpathfind[0m[2m:[0m graph synced from store: 523 rooms, 1063 directed edges
[2m2026-04-01T04:05:25.837339Z[0m [32m INFO[0m [2mpathfind[0m[2m:[0m graph synced from store: 523 rooms, 1062 directed edges
[2m2026-04-01T04:05:26.361975Z[0m [32m INFO[0m [2mpathfind[0m[2m:[0m graph synced from store: 522 rooms, 1061 directed edges
[2m2026-04-01T04:05:26.427246Z[0m [32m INFO[0m [2mpathfind[0m[2m:[0m graph synced from store: 522 rooms, 1060 directed edges
[2m2026-04-01T04:05:27.238110Z[0m [32m INFO[0m [2mpathfind[0m[2m:[0m graph synced from store: 521 rooms, 1059 directed edges
[2m2026-04-01T04:05:27.420707Z[0m [32m INFO[0m [2mpathfind[0m[2m:[0m graph synced from store: 521 rooms, 1058 directed edges
[2m2026-04-01T04:05:27.671277Z[0m [32m INFO[0m [2mpathfind[0m[2m:[0m graph synced from store: 521 rooms, 1057 directed edges
[2m2026-04-01T04:05:28.132621Z[0m [32m INFO[0m [2mpathfind[0m[2m:[0m graph synced from store: 520 rooms, 1055 directed edges
[2m2026-04-01T04:05:28.525973Z[0m [32m INFO[0m [2mpathfind[0m[2m:[0m graph synced from store: 520 rooms, 1054 directed edges
[2m2026-04-01T04:05:28.873818Z[0m [32m INFO[0m [2mpathfind[0m[2m:[0m graph synced from store: 520 rooms, 1053 directed edges
[2m2026-04-01T04:05:28.902570Z[0m [32m INFO[0m [2mpathfind[0m[2m:[0m graph synced from store: 520 rooms, 1052 directed edges
[2m2026-04-01T04:05:29.054818Z[0m [32m INFO[0m [2mpathfind[0m[2m:[0m graph synced from store: 519 rooms, 1049 directed edges
[2m2026-04-01T04:05:29.886552Z[0m [32m INFO[0m [2mpathfind[0m[2m:[0m graph synced from store: 518 rooms, 1049 directed edges
[2m2026-04-01T04:05:29.966001Z[0m [32m INFO[0m [2mpathfind[0m[2m:[0m graph synced from store: 518 rooms, 1048 directed edges
[2m2026-04-01T04:05:30.341323Z[0m [32m INFO[0m [2mpathfind[0m[2m:[0m graph synced from store: 518 rooms, 1047 directed edges
[2m2026-04-01T04:05:30.711999Z[0m [32m INFO[0m [2mpathfind[0m[2m:[0m graph synced from store: 517 rooms, 1045 directed edges
[2m2026-04-01T04:05:31.144702Z[0m [32m INFO[0m [2mpathfind[0m[2m:[0m graph synced from store: 517 rooms, 1044 directed edges
[2m2026-04-01T04:05:31.640685Z[0m [32m INFO[0m [2mpathfind[0m[2m:[0m graph synced from store: 516 rooms, 1043 directed edges
[2m2026-04-01T04:05:31.990346Z[0m [32m INFO[0m [2mpathfind[0m[2m:[0m graph synced from store: 516 rooms, 1042 directed edges
[2m2026-04-01T04:05:32.515223Z[0m [32m INFO[0m [2mpathfind[0m[2m:[0m graph synced from store: 515 rooms, 1041 directed edges
[2m2026-04-01T04:05:32.862874Z[0m [32m INFO[0m [2mpathfind[0m[2m:[0m graph synced from store: 515 rooms, 1040 directed edges
[2m2026-04-01T04:05:33.355291Z[0m [32m INFO[0m [2mpathfind[0m[2m:[0m graph synced from store: 514 rooms, 1039 directed edges
[2m2026-04-01T04:05:33.994461Z[0m [32m INFO[0m [2mpathfind[0m[2m:[0m graph synced from store: 514 rooms, 1038 directed edges
[2m2026-04-01T04:05:34.233937Z[0m [32m INFO[0m [2mpathfind[0m[2m:[0m graph synced from store: 513 rooms, 1037 directed edges
[2m2026-04-01T04:05:35.071201Z[0m [32m INFO[0m [2mpathfind[0m[2m:[0m graph synced from store: 512 rooms, 1037 directed edges
[2m2026-04-01T04:05:35.896090Z[0m [32m INFO[0m [2mpathfind[0m[2m:[0m graph synced from store: 511 rooms, 1037 directed edges
[2m2026-04-01T04:05:35.917665Z[0m [32m INFO[0m [2mpathfind[0m[2m:[0m graph synced from store: 511 rooms, 1036 directed edges
[2m2026-04-01T04:05:36.185220Z[0m [32m INFO[0m [2mpathfind[0m[2m:[0m graph synced from store: 511 rooms, 1035 directed edges
[2m2026-04-01T04:05:36.224452Z[0m [32m INFO[0m [2mpathfind[0m[2m:[0m graph synced from store: 511 rooms, 1034 directed edges
[2m2026-04-01T04:05:36.781657Z[0m [32m INFO[0m [2mpathfind[0m[2m:[0m graph synced from store: 510 rooms, 1031 directed edges
[2m2026-04-01T04:05:36.853652Z[0m [32m INFO[0m [2mpathfind[0m[2m:[0m graph synced from store: 510 rooms, 1030 directed edges
[2m2026-04-01T04:05:37.646353Z[0m [32m INFO[0m [2mpathfind[0m[2m:[0m graph synced from store: 509 rooms, 1029 directed edges
[2m2026-04-01T04:05:38.476228Z[0m [32m INFO[0m [2mpathfind[0m[2m:[0m graph synced from store: 508 rooms, 1029 directed edges
[2m2026-04-01T04:05:38.521170Z[0m [32m INFO[0m [2mpathfind[0m[2m:[0m graph synced from store: 508 rooms, 1028 directed edges
[2m2026-04-01T04:05:38.794784Z[0m [32m INFO[0m [2mpathfind[0m[2m:[0m graph synced from store: 508 rooms, 1027 directed edges
[2m2026-04-01T04:05:39.276323Z[0m [32m INFO[0m [2mpathfind[0m[2m:[0m graph synced from store: 507 rooms, 1025 directed edges
[2m2026-04-01T04:05:40.050279Z[0m [32m INFO[0m [2mpathfind[0m[2m:[0m graph synced from store: 507 rooms, 1024 directed edges
[2m2026-04-01T04:05:40.079230Z[0m [32m INFO[0m [2mpathfind[0m[2m:[0m graph synced from store: 506 rooms, 1023 directed edges
[2m2026-04-01T04:05:40.870247Z[0m [32m INFO[0m [2mpathfind[0m[2m:[0m graph synced from store: 505 rooms, 1023 directed edges
[2m2026-04-01T04:05:41.173622Z[0m [32m INFO[0m [2mpathfind[0m[2m:[0m graph synced from store: 505 rooms, 1022 directed edges
[2m2026-04-01T04:05:41.302337Z[0m [32m INFO[0m [2mpathfind[0m[2m:[0m graph synced from store: 505 rooms, 1021 directed edges
[2m2026-04-01T04:05:41.467091Z[0m [32m INFO[0m [2mpathfind[0m[2m:[0m graph synced from store: 505 rooms, 1020 directed edges
[2m2026-04-01T04:05:41.657594Z[0m [32m INFO[0m [2mpathfind[0m[2m:[0m graph synced from store: 504 rooms, 1017 directed edges
[2m2026-04-01T04:05:41.840407Z[0m [32m INFO[0m [2mpathfind[0m[2m:[0m graph synced from store: 504 rooms, 1016 directed edges
[2m2026-04-01T04:05:42.438990Z[0m [32m INFO[0m [2mpathfind[0m[2m:[0m graph synced from store: 503 rooms, 1015 directed edges
[2m2026-04-01T04:05:42.618524Z[0m [32m INFO[0m [2mpathfind[0m[2m:[0m graph synced from store: 503 rooms, 1014 directed edges
[2m2026-04-01T04:05:43.218873Z[0m [32m INFO[0m [2mpathfind[0m[2m:[0m graph synced from store: 502 rooms, 1013 directed edges
[2m2026-04-01T04:05:43.424103Z[0m [32m INFO[0m [2mpathfind[0m[2m:[0m graph synced from store: 502 rooms, 1012 directed edges
[2m2026-04-01T04:05:43.958470Z[0m [32m INFO[0m [2mpathfind[0m[2m:[0m graph synced from store: 502 rooms, 1011 directed edges
[2m2026-04-01T04:05:44.020324Z[0m [32m INFO[0m [2mpathfind[0m[2m:[0m graph synced from store: 501 rooms, 1009 directed edges
[2m2026-04-01T04:05:44.789948Z[0m [32m INFO[0m [2mpathfind[0m[2m:[0m graph synced from store: 500 rooms, 1009 directed edges
[2m2026-04-01T04:05:45.051026Z[0m [32m INFO[0m [2mpathfind[0m[2m:[0m graph synced from store: 500 rooms, 1008 directed edges
[2m2026-04-01T04:05:45.288355Z[0m [32m INFO[0m [2mpathfind[0m[2m:[0m graph synced from store: 500 rooms, 1007 directed edges
[2m2026-04-01T04:05:45.311314Z[0m [32m INFO[0m [2mpathfind[0m[2m:[0m graph synced from store: 500 rooms, 1006 directed edges
[2m2026-04-01T04:05:45.569717Z[0m [32m INFO[0m [2mpathfind[0m[2m:[0m graph synced from store: 499 rooms, 1003 directed edges
[2m2026-04-01T04:05:45.842589Z[0m [32m INFO[0m [2mpathfind[0m[2m:[0m graph synced from store: 499 rooms, 1002 directed edges
[2m2026-04-01T04:05:45.922924Z[0m [32m INFO[0m [2mpathfind[0m[2m:[0m graph synced from store: 499 rooms, 1001 directed edges
[2m2026-04-01T04:05:46.013127Z[0m [32m INFO[0m [2mpathfind[0m[2m:[0m graph synced from store: 499 rooms, 1000 directed edges
[2m2026-04-01T04:05:46.365695Z[0m [32m INFO[0m [2mpathfind[0m[2m:[0m graph synced from store: 498 rooms, 997 directed edges
[2m2026-04-01T04:05:47.229741Z[0m [32m INFO[0m [2mpathfind[0m[2m:[0m graph synced from store: 497 rooms, 997 directed edges
[2m2026-04-01T04:05:47.806701Z[0m [32m INFO[0m [2mpathfind[0m[2m:[0m graph synced from store: 497 rooms, 996 directed edges
[2m2026-04-01T04:05:48.011878Z[0m [32m INFO[0m [2mpathfind[0m[2m:[0m graph synced from store: 497 rooms, 995 directed edges
[2m2026-04-01T04:05:48.088804Z[0m [32m INFO[0m [2mpathfind[0m[2m:[0m graph synced from store: 496 rooms, 993 directed edges
[2m2026-04-01T04:05:48.851254Z[0m [32m INFO[0m [2mpathfind[0m[2m:[0m graph synced from store: 495 rooms, 993 directed edges
[2m2026-04-01T04:05:49.178514Z[0m [32m INFO[0m [2mpathfind[0m[2m:[0m graph synced from store: 495 rooms, 992 directed edges
[2m2026-04-01T04:05:49.247814Z[0m [32m INFO[0m [2mpathfind[0m[2m:[0m graph synced from store: 495 rooms, 991 directed edges
[2m2026-04-01T04:05:49.646994Z[0m [32m INFO[0m [2mpathfind[0m[2m:[0m graph synced from store: 494 rooms, 989 directed edges
[2m2026-04-01T04:05:49.821670Z[0m [32m INFO[0m [2mpathfind[0m[2m:[0m graph synced from store: 494 rooms, 988 directed edges
[2m2026-04-01T04:05:49.849201Z[0m [32m INFO[0m [2mpathfind[0m[2m:[0m graph synced from store: 494 rooms, 987 directed edges
[2m2026-04-01T04:05:49.884942Z[0m [32m INFO[0m [2mpathfind[0m[2m:[0m graph synced from store: 494 rooms, 986 directed edges
[2m2026-04-01T04:05:50.426895Z[0m [32m INFO[0m [2mpathfind[0m[2m:[0m graph synced from store: 493 rooms, 983 directed edges
[2m2026-04-01T04:05:50.727505Z[0m [32m INFO[0m [2mpathfind[0m[2m:[0m graph synced from store: 493 rooms, 982 directed edges
[2m2026-04-01T04:05:51.098709Z[0m [32m INFO[0m [2mpathfind[0m[2m:[0m graph synced from store: 493 rooms, 981 directed edges
[2m2026-04-01T04:05:51.209844Z[0m [32m INFO[0m [2mpathfind[0m[2m:[0m graph synced from store: 492 rooms, 979 directed edges
[2m2026-04-01T04:05:51.550844Z[0m [32m INFO[0m [2mpathfind[0m[2m:[0m graph synced from store: 492 rooms, 978 directed edges
[2m2026-04-01T04:05:51.980760Z[0m [32m INFO[0m [2mpathfind[0m[2m:[0m graph synced from store: 491 rooms, 977 directed edges
[2m2026-04-01T04:05:52.736734Z[0m [32m INFO[0m [2mpathfind[0m[2m:[0m graph synced from store: 490 rooms, 977 directed edges
[2m2026-04-01T04:05:53.016961Z[0m [32m INFO[0m [2mpathfind[0m[2m:[0m graph synced from store: 490 rooms, 976 directed edges
[2m2026-04-01T04:05:53.592279Z[0m [32m INFO[0m [2mpathfind[0m[2m:[0m graph synced from store: 490 rooms, 975 directed edges
[2m2026-04-01T04:05:53.614386Z[0m [32m INFO[0m [2mpathfind[0m[2m:[0m graph synced from store: 489 rooms, 973 directed edges
[2m2026-04-01T04:05:54.016265Z[0m [32m INFO[0m [2mpathfind[0m[2m:[0m graph synced from store: 489 rooms, 972 directed edges
[2m2026-04-01T04:05:54.173190Z[0m [32m INFO[0m [2mpathfind[0m[2m:[0m graph synced from store: 489 rooms, 971 directed edges
[2m2026-04-01T04:05:54.329834Z[0m [32m INFO[0m [2mpathfind[0m[2m:[0m graph synced from store: 489 rooms, 970 directed edges
[2m2026-04-01T04:05:54.362568Z[0m [32m INFO[0m [2mpathfind[0m[2m:[0m graph synced from store: 489 rooms, 969 directed edges
[2m2026-04-01T04:05:54.409970Z[0m [32m INFO[0m [2mpathfind[0m[2m:[0m graph synced from store: 488 rooms, 965 directed edges
[2m2026-04-01T04:05:54.811650Z[0m [32m INFO[0m [2mpathfind[0m[2m:[0m graph synced from store: 488 rooms, 964 directed edges
[2m2026-04-01T04:05:55.020544Z[0m [32m INFO[0m [2mpathfind[0m[2m:[0m graph synced from store: 488 rooms, 963 directed edges
[2m2026-04-01T04:05:55.204395Z[0m [32m INFO[0m [2mpathfind[0m[2m:[0m graph synced from store: 487 rooms, 961 directed edges
[2m2026-04-01T04:05:55.686488Z[0m [32m INFO[0m [2mpathfind[0m[2m:[0m graph synced from store: 487 rooms, 960 directed edges
[2m2026-04-01T04:05:55.751669Z[0m [32m INFO[0m [2mpathfind[0m[2m:[0m graph synced from store: 487 rooms, 959 directed edges
[2m2026-04-01T04:05:55.952554Z[0m [32m INFO[0m [2mpathfind[0m[2m:[0m graph synced from store: 487 rooms, 958 directed edges
[2m2026-04-01T04:05:56.023351Z[0m [32m INFO[0m [2mpathfind[0m[2m:[0m graph synced from store: 486 rooms, 955 directed edges
[2m2026-04-01T04:05:56.079422Z[0m [32m INFO[0m [2mpathfind[0m[2m:[0m graph synced from store: 486 rooms, 954 directed edges
[2m2026-04-01T04:05:56.449707Z[0m [32m INFO[0m [2mpathfind[0m[2m:[0m graph synced from store: 486 rooms, 953 directed edges
[2m2026-04-01T04:05:56.800718Z[0m [32m INFO[0m [2mpathfind[0m[2m:[0m graph synced from store: 485 rooms, 951 directed edges
[2m2026-04-01T04:05:57.427306Z[0m [32m INFO[0m [2mpathfind[0m[2m:[0m graph synced from store: 485 rooms, 950 directed edges
[2m2026-04-01T04:05:57.546513Z[0m [32m INFO[0m [2mpathfind[0m[2m:[0m graph synced from store: 484 rooms, 949 directed edges
[2m2026-04-01T04:05:57.753979Z[0m [32m INFO[0m [2mpathfind[0m[2m:[0m graph synced from store: 484 rooms, 948 directed edges
[2m2026-04-01T04:05:58.262927Z[0m [32m INFO[0m [2mpathfind[0m[2m:[0m graph synced from store: 483 rooms, 947 directed edges
[2m2026-04-01T04:05:58.320324Z[0m [32m INFO[0m [2mpathfind[0m[2m:[0m graph synced from store: 483 rooms, 946 directed edges
[2m2026-04-01T04:05:59.105146Z[0m [32m INFO[0m [2mpathfind[0m[2m:[0m graph synced from store: 482 rooms, 945 directed edges
[2m2026-04-01T04:05:59.712413Z[0m [32m INFO[0m [2mpathfind[0m[2m:[0m graph synced from store: 482 rooms, 944 directed edges
[2m2026-04-01T04:05:59.847882Z[0m [32m INFO[0m [2mpathfind[0m[2m:[0m graph synced from store: 481 rooms, 943 directed edges
[2m2026-04-01T04:06:00.423104Z[0m [32m INFO[0m [2mpathfind[0m[2m:[0m graph synced from store: 481 rooms, 942 directed edges
[2m2026-04-01T04:06:00.585678Z[0m [32m INFO[0m [2mpathfind[0m[2m:[0m graph synced from store: 480 rooms, 941 directed edges
[2m2026-04-01T04:06:01.302924Z[0m [32m INFO[0m [2mpathfind[0m[2m:[0m graph synced from store: 479 rooms, 941 directed edges
[2m2026-04-01T04:06:02.012055Z[0m [32m INFO[0m [2mpathfind[0m[2m:[0m graph synced from store: 478 rooms, 941 directed edges
[2m2026-04-01T04:06:02.539314Z[0m [32m INFO[0m [2mpathfind[0m[2m:[0m graph synced from store: 478 rooms, 940 directed edges
[2m2026-04-01T04:06:02.643446Z[0m [32m INFO[0m [2mpathfind[0m[2m:[0m graph synced from store: 478 rooms, 939 directed edges
[2m2026-04-01T04:06:02.717576Z[0m [32m INFO[0m [2mpathfind[0m[2m:[0m graph synced from store: 477 rooms, 937 directed edges
[2m2026-04-01T04:06:03.129897Z[0m [32m INFO[0m [2mpathfind[0m[2m:[0m graph synced from store: 477 rooms, 936 directed edges
[2m2026-04-01T04:06:03.141053Z[0m [32m INFO[0m [2mpathfind[0m[2m:[0m graph synced from store: 477 rooms, 935 directed edges
[2m2026-04-01T04:06:03.432272Z[0m [32m INFO[0m [2mpathfind[0m[2m:[0m graph synced from store: 477 rooms, 934 directed edges
[2m2026-04-01T04:06:03.443382Z[0m [32m INFO[0m [2mpathfind[0m[2m:[0m graph synced from store: 476 rooms, 931 directed edges
[2m2026-04-01T04:06:03.776594Z[0m [32m INFO[0m [2mpathfind[0m[2m:[0m graph synced from store: 476 rooms, 930 directed edges
[2m2026-04-01T04:06:03.829133Z[0m [32m INFO[0m [2mpathfind[0m[2m:[0m graph synced from store: 476 rooms, 929 directed edges
[2m2026-04-01T04:06:04.150745Z[0m [32m INFO[0m [2mpathfind[0m[2m:[0m graph synced from store: 475 rooms, 927 directed edges
[2m2026-04-01T04:06:04.477272Z[0m [32m INFO[0m [2mpathfind[0m[2m:[0m graph synced from store: 475 rooms, 926 directed edges
[2m2026-04-01T04:06:04.891460Z[0m [32m INFO[0m [2mpathfind[0m[2m:[0m graph synced from store: 474 rooms, 925 directed edges
[2m2026-04-01T04:06:05.177307Z[0m [32m INFO[0m [2mpathfind[0m[2m:[0m graph synced from store: 474 rooms, 924 directed edges
[2m2026-04-01T04:06:05.530590Z[0m [32m INFO[0m [2mpathfind[0m[2m:[0m graph synced from store: 473 rooms, 923 directed edges
[2m2026-04-01T04:06:44.777989Z[0m [32m INFO[0m [2msingularity_world::server::simulation_loop[0m[2m:[0m 注入事件種子: 三樓醫療區最近比較忙，好像是採集隊回城的季節
[2m2026-04-01T04:08:03.777268Z[0m [32m INFO[0m [2msingularity_world::store[0m[2m:[0m [store] Syncing 0 rooms to PostgreSQL...
[2m2026-04-01T04:08:03.777303Z[0m [32m INFO[0m [2msingularity_world::store[0m[2m:[0m [store] Syncing 1 entities to PostgreSQL...
[2m2026-04-01T04:08:03.778038Z[0m [32m INFO[0m [2msingularity_world::store[0m[2m:[0m [store] Syncing 1 entity_rooms to PostgreSQL...
[2m2026-04-01T04:08:03.778315Z[0m [32m INFO[0m [2msingularity_world::store[0m[2m:[0m [store] Syncing 1 venues to PostgreSQL...
[2m2026-04-01T04:08:03.778701Z[0m [32m INFO[0m [2msingularity_world::store[0m[2m:[0m [store] Syncing 0 assignments to PostgreSQL...
[2m2026-04-01T04:08:03.778931Z[0m [32m INFO[0m [2msingularity_world::store[0m[2m:[0m [store] Syncing 0 schedules to PostgreSQL...
[2m2026-04-01T04:08:03.778937Z[0m [32m INFO[0m [2msingularity_world::store[0m[2m:[0m [store] Syncing 10 items to PostgreSQL...
[2m2026-04-01T04:08:03.780175Z[0m [32m INFO[0m [2msingularity_world::store[0m[2m:[0m [store] Syncing 0 npc_threads to PostgreSQL...
[2m2026-04-01T04:08:03.780183Z[0m [32m INFO[0m [2msingularity_world::store[0m[2m:[0m [store] Syncing 0 npc_dyads to PostgreSQL...
[2m2026-04-01T04:08:03.780187Z[0m [32m INFO[0m [2msingularity_world::store[0m[2m:[0m [store] Syncing 7 npc_rumors to PostgreSQL...
[2m2026-04-01T04:08:03.781457Z[0m [32m INFO[0m [2msingularity_world::store[0m[2m:[0m [store] PostgreSQL full sync completed.
[2m2026-04-01T04:08:03.781860Z[0m [32m INFO[0m [2mpathfind[0m[2m:[0m graph synced from store: 0 rooms, 0 directed edges
[2m2026-04-01T04:11:39.888679Z[0m [32m INFO[0m [2msingularity_world::store[0m[2m:[0m [store] Syncing 0 rooms to PostgreSQL...
[2m2026-04-01T04:11:39.888715Z[0m [32m INFO[0m [2msingularity_world::store[0m[2m:[0m [store] Syncing 1 entities to PostgreSQL...
[2m2026-04-01T04:11:39.889397Z[0m [32m INFO[0m [2msingularity_world::store[0m[2m:[0m [store] Syncing 1 entity_rooms to PostgreSQL...
[2m2026-04-01T04:11:39.889708Z[0m [32m INFO[0m [2msingularity_world::store[0m[2m:[0m [store] Syncing 1 venues to PostgreSQL...
[2m2026-04-01T04:11:39.890029Z[0m [32m INFO[0m [2msingularity_world::store[0m[2m:[0m [store] Syncing 0 assignments to PostgreSQL...
[2m2026-04-01T04:11:39.890323Z[0m [32m INFO[0m [2msingularity_world::store[0m[2m:[0m [store] Syncing 0 schedules to PostgreSQL...
[2m2026-04-01T04:11:39.890337Z[0m [32m INFO[0m [2msingularity_world::store[0m[2m:[0m [store] Syncing 10 items to PostgreSQL...
[2m2026-04-01T04:11:39.891462Z[0m [32m INFO[0m [2msingularity_world::store[0m[2m:[0m [store] Syncing 0 npc_threads to PostgreSQL...
[2m2026-04-01T04:11:39.891479Z[0m [32m INFO[0m [2msingularity_world::store[0m[2m:[0m [store] Syncing 0 npc_dyads to PostgreSQL...
[2m2026-04-01T04:11:39.891482Z[0m [32m INFO[0m [2msingularity_world::store[0m[2m:[0m [store] Syncing 7 npc_rumors to PostgreSQL...
[2m2026-04-01T04:11:39.892692Z[0m [32m INFO[0m [2msingularity_world::store[0m[2m:[0m [store] PostgreSQL full sync completed.
[2m2026-04-01T04:11:39.892713Z[0m [32m INFO[0m [2mpathfind[0m[2m:[0m graph synced from store: 0 rooms, 0 directed edges
[2m2026-04-01T04:16:45.268461Z[0m [32m INFO[0m [2msingularity_world::server::simulation_loop[0m[2m:[0m 注入事件種子: 凌晨在窗邊能看到遠處地脈的微光隱約在脈動，像心跳一樣
[2m2026-04-01T04:26:45.769008Z[0m [32m INFO[0m [2msingularity_world::server::simulation_loop[0m[2m:[0m 注入事件種子: 加了福的肉質蔬果到貨了，今天特別新鮮
[2m2026-04-01T04:36:46.269687Z[0m [32m INFO[0m [2msingularity_world::server::simulation_loop[0m[2m:[0m 注入事件種子: 昨晚牆面的玉質脈絡突然閃了一下暗紫色的光，只持續了幾秒
[2m2026-04-01T04:46:46.767580Z[0m [32m INFO[0m [2msingularity_world::server::simulation_loop[0m[2m:[0m 注入事件種子: 市集今天來了一批品相很好的玉質木材，攤販搶著進貨
[2m2026-04-01T04:56:46.768596Z[0m [32m INFO[0m [2msingularity_world::server::simulation_loop[0m[2m:[0m 注入事件種子: 城外商路上的指引石被增生物覆蓋了一半，有隊伍去清理了
[2m2026-04-01T05:06:46.768276Z[0m [32m INFO[0m [2msingularity_world::server::simulation_loop[0m[2m:[0m 注入事件種子: 有人說聽見了低樓層的結構在微微嗡鳴，像建築在呼吸
[2m2026-04-01T05:16:47.270367Z[0m [32m INFO[0m [2msingularity_world::server::simulation_loop[0m[2m:[0m 注入事件種子: 走廊的老長凳被根鬚纏得更穩了，坐起來比以前舒服
[2m2026-04-01T05:18:14.736617Z[0m [32m INFO[0m [2mpathfind[0m[2m:[0m graph synced from store: 1 rooms, 0 directed edges
[2m2026-04-01T05:19:03.853892Z[0m [32m INFO[0m [2mpathfind[0m[2m:[0m graph synced from store: 2 rooms, 0 directed edges
[2m2026-04-01T05:19:03.879816Z[0m [32m INFO[0m [2mpathfind[0m[2m:[0m graph synced from store: 3 rooms, 0 directed edges
[2m2026-04-01T05:19:03.906386Z[0m [32m INFO[0m [2mpathfind[0m[2m:[0m graph synced from store: 4 rooms, 0 directed edges
[2m2026-04-01T05:19:03.938426Z[0m [32m INFO[0m [2mpathfind[0m[2m:[0m graph synced from store: 5 rooms, 0 directed edges
[2m2026-04-01T05:19:03.947783Z[0m [32m INFO[0m [2mpathfind[0m[2m:[0m graph synced from store: 5 rooms, 1 directed edges
[2m2026-04-01T05:19:03.949214Z[0m [32m INFO[0m [2mpathfind[0m[2m:[0m graph synced from store: 5 rooms, 2 directed edges
[2m2026-04-01T05:21:28.399213Z[0m [32m INFO[0m [2mpathfind[0m[2m:[0m graph synced from store: 5 rooms, 1 directed edges
[2m2026-04-01T05:21:28.400918Z[0m [32m INFO[0m [2mpathfind[0m[2m:[0m graph synced from store: 4 rooms, 0 directed edges
[2m2026-04-01T05:21:28.406705Z[0m [32m INFO[0m [2mpathfind[0m[2m:[0m graph synced from store: 3 rooms, 0 directed edges
[2m2026-04-01T05:21:28.412234Z[0m [32m INFO[0m [2mpathfind[0m[2m:[0m graph synced from store: 2 rooms, 0 directed edges
[2m2026-04-01T05:21:28.417229Z[0m [32m INFO[0m [2mpathfind[0m[2m:[0m graph synced from store: 1 rooms, 0 directed edges
[2m2026-04-01T05:21:28.422590Z[0m [32m INFO[0m [2mpathfind[0m[2m:[0m graph synced from store: 0 rooms, 0 directed edges
[2m2026-04-01T05:26:47.767828Z[0m [32m INFO[0m [2msingularity_world::server::simulation_loop[0m[2m:[0m 注入事件種子: 聽說好事多的批發價又調了，最近物流好像不太順
[2m2026-04-01T05:36:48.267761Z[0m [32m INFO[0m [2msingularity_world::server::simulation_loop[0m[2m:[0m 注入事件種子: 樓梯間的菌絲光昨晚特別亮，是琥珀色的
[2m2026-04-01T05:37:18.227318Z[0m [32m INFO[0m [2mpathfind[0m[2m:[0m graph synced from store: 1 rooms, 0 directed edges
[2m2026-04-01T05:37:21.192810Z[0m [32m INFO[0m [2mpathfind[0m[2m:[0m graph synced from store: 2 rooms, 0 directed edges
[2m2026-04-01T05:37:21.516457Z[0m [32m INFO[0m [2mpathfind[0m[2m:[0m graph synced from store: 3 rooms, 0 directed edges
[2m2026-04-01T05:37:23.537120Z[0m [32m INFO[0m [2msingularity_world::store[0m[2m:[0m [store] Syncing 3 rooms to PostgreSQL...
[2m2026-04-01T05:37:23.538036Z[0m [32m INFO[0m [2msingularity_world::store[0m[2m:[0m [store] Syncing 1 entities to PostgreSQL...
[2m2026-04-01T05:37:23.538428Z[0m [32m INFO[0m [2msingularity_world::store[0m[2m:[0m [store] Syncing 1 entity_rooms to PostgreSQL...
[2m2026-04-01T05:37:23.538564Z[0m [32m INFO[0m [2msingularity_world::store[0m[2m:[0m [store] Syncing 1 venues to PostgreSQL...
[2m2026-04-01T05:37:23.538722Z[0m [32m INFO[0m [2msingularity_world::store[0m[2m:[0m [store] Syncing 0 assignments to PostgreSQL...
[2m2026-04-01T05:37:23.538882Z[0m [32m INFO[0m [2msingularity_world::store[0m[2m:[0m [store] Syncing 0 schedules to PostgreSQL...
[2m2026-04-01T05:37:23.538885Z[0m [32m INFO[0m [2msingularity_world::store[0m[2m:[0m [store] Syncing 10 items to PostgreSQL...
[2m2026-04-01T05:37:23.539815Z[0m [32m INFO[0m [2msingularity_world::store[0m[2m:[0m [store] Syncing 0 npc_threads to PostgreSQL...
[2m2026-04-01T05:37:23.539818Z[0m [32m INFO[0m [2msingularity_world::store[0m[2m:[0m [store] Syncing 0 npc_dyads to PostgreSQL...
[2m2026-04-01T05:37:23.539821Z[0m [32m INFO[0m [2msingularity_world::store[0m[2m:[0m [store] Syncing 6 npc_rumors to PostgreSQL...
[2m2026-04-01T05:37:23.540953Z[0m [32m INFO[0m [2msingularity_world::store[0m[2m:[0m [store] PostgreSQL full sync completed.
[2m2026-04-01T05:37:23.540967Z[0m [32m INFO[0m [2mpathfind[0m[2m:[0m graph synced from store: 3 rooms, 0 directed edges
[2m2026-04-01T05:37:30.861532Z[0m [32m INFO[0m [2mpathfind[0m[2m:[0m graph synced from store: 4 rooms, 0 directed edges
[2m2026-04-01T05:37:34.887133Z[0m [32m INFO[0m [2mpathfind[0m[2m:[0m graph synced from store: 3 rooms, 0 directed edges
[2m2026-04-01T05:37:39.786198Z[0m [32m INFO[0m [2mpathfind[0m[2m:[0m graph synced from store: 2 rooms, 0 directed edges
[2m2026-04-01T05:37:45.135439Z[0m [32m INFO[0m [2mpathfind[0m[2m:[0m graph synced from store: 1 rooms, 0 directed edges
[2m2026-04-01T05:37:49.401703Z[0m [32m INFO[0m [2mpathfind[0m[2m:[0m graph synced from store: 0 rooms, 0 directed edges
[2m2026-04-01T05:42:27.938140Z[0m [32m INFO[0m [2mpathfind[0m[2m:[0m graph synced from store: 1 rooms, 0 directed edges
[2m2026-04-01T05:42:37.128823Z[0m [32m INFO[0m [2mpathfind[0m[2m:[0m graph synced from store: 0 rooms, 0 directed edges
[2m2026-04-01T05:46:48.767268Z[0m [32m INFO[0m [2msingularity_world::server::simulation_loop[0m[2m:[0m 注入事件種子: 五樓那戶陽台的根鬚盤得更緊了，看著倒是挺穩的
[2m2026-04-01T05:56:48.769018Z[0m [32m INFO[0m [2msingularity_world::server::simulation_loop[0m[2m:[0m 注入事件種子: 今早走廊牆縫裡的玉質脈絡又長了一截，紋路很好看
[2m2026-04-01T06:06:49.268095Z[0m [32m INFO[0m [2msingularity_world::server::simulation_loop[0m[2m:[0m 注入事件種子: 十一樓健身區新添了幾件器材，是用富態化木材做的
[2m2026-04-01T06:16:49.767755Z[0m [32m INFO[0m [2msingularity_world::server::simulation_loop[0m[2m:[0m 注入事件種子: 有採集隊從城外回來說，霜林靠近城側的那片最近長得特別快
[2m2026-04-01T06:26:49.768606Z[0m [32m INFO[0m [2msingularity_world::server::simulation_loop[0m[2m:[0m 注入事件種子: 有人在樓下收購琉璃化的礦石碎片，出手很闊綽
[2m2026-04-01T06:36:50.267917Z[0m [32m INFO[0m [2msingularity_world::server::simulation_loop[0m[2m:[0m 注入事件種子: 今天空氣裡的膠質味比平常濃，像要變天了
[2m2026-04-01T06:46:50.268296Z[0m [32m INFO[0m [2msingularity_world::server::simulation_loop[0m[2m:[0m 注入事件種子: 樓頂的蓄水設施今天開始例行清洗，水量可能會少一會兒
[2m2026-04-01T06:56:50.267067Z[0m [32m INFO[0m [2msingularity_world::server::simulation_loop[0m[2m:[0m 注入事件種子: 有住戶說家裡石板縫長出了新的發光菌絲，紫綠色的
[2m2026-04-01T07:06:50.269257Z[0m [32m INFO[0m [2msingularity_world::server::simulation_loop[0m[2m:[0m 注入事件種子: 採集隊說城外淺層礦脈的礦石開始出現新的玉化紋理
[2m2026-04-01T07:16:50.768344Z[0m [32m INFO[0m [2msingularity_world::server::simulation_loop[0m[2m:[0m 注入事件種子: 有人從低樓層看到遠處林冠線在晃動，可能是大型生物經過
[2m2026-04-01T07:26:51.268302Z[0m [32m INFO[0m [2msingularity_world::server::simulation_loop[0m[2m:[0m 注入事件種子: 有住戶搬家了，留下的房間牆上全是根鬚攀痕，挺有意思的
[2m2026-04-01T07:36:51.268745Z[0m [32m INFO[0m [2msingularity_world::server::simulation_loop[0m[2m:[0m 注入事件種子: 電梯間排了好長的隊，聽說中間幾層在做維護
[2m2026-04-01T07:46:51.767113Z[0m [32m INFO[0m [2msingularity_world::server::simulation_loop[0m[2m:[0m 注入事件種子: 藥材價格穩著，但品種比上個月少了幾樣
[2m2026-04-01T07:56:51.769051Z[0m [32m INFO[0m [2msingularity_world::server::simulation_loop[0m[2m:[0m 注入事件種子: 遠處的地脈微光今晚比平常亮一些，淡綠色的
[2m2026-04-01T08:03:35.620058Z[0m [33m WARN[0m [2msingularity_world::store[0m[2m:[0m [city] 載入失敗 "/home/tanger/Projects/singularity_world/data/cities/32.json": 找不到 burg_id=32 對應的世界房間（editor JSON meta.burg_id）
[2m2026-04-01T08:03:35.631643Z[0m [32m INFO[0m [2mpostgres::connection[0m[2m:[0m NOTICE: extension "vector" already exists, skipping
[2m2026-04-01T08:03:35.631965Z[0m [32m INFO[0m [2mpostgres::connection[0m[2m:[0m NOTICE: relation "auth" already exists, skipping
[2m2026-04-01T08:03:35.632119Z[0m [32m INFO[0m [2mpostgres::connection[0m[2m:[0m NOTICE: relation "event_log" already exists, skipping
[2m2026-04-01T08:03:35.632447Z[0m [32m INFO[0m [2mpostgres::connection[0m[2m:[0m NOTICE: relation "idx_event_log_entity_id" already exists, skipping
[2m2026-04-01T08:03:35.632620Z[0m [32m INFO[0m [2mpostgres::connection[0m[2m:[0m NOTICE: relation "archival" already exists, skipping
[2m2026-04-01T08:03:35.632782Z[0m [32m INFO[0m [2mpostgres::connection[0m[2m:[0m NOTICE: relation "idx_archival_entity_id" already exists, skipping
[2m2026-04-01T08:03:35.632893Z[0m [32m INFO[0m [2mpostgres::connection[0m[2m:[0m NOTICE: relation "npc_memories" already exists, skipping
[2m2026-04-01T08:03:35.633000Z[0m [32m INFO[0m [2mpostgres::connection[0m[2m:[0m NOTICE: relation "npc_summaries" already exists, skipping
[2m2026-04-01T08:03:35.633104Z[0m [32m INFO[0m [2mpostgres::connection[0m[2m:[0m NOTICE: relation "npc_npc_summaries" already exists, skipping
[2m2026-04-01T08:03:35.633213Z[0m [32m INFO[0m [2mpostgres::connection[0m[2m:[0m NOTICE: relation "npc_threads" already exists, skipping
[2m2026-04-01T08:03:35.633637Z[0m [32m INFO[0m [2mpostgres::connection[0m[2m:[0m NOTICE: relation "npc_dyads" already exists, skipping
[2m2026-04-01T08:03:35.633788Z[0m [32m INFO[0m [2mpostgres::connection[0m[2m:[0m NOTICE: relation "npc_rumors" already exists, skipping
[2m2026-04-01T08:03:35.633904Z[0m [32m INFO[0m [2mpostgres::connection[0m[2m:[0m NOTICE: relation "rooms" already exists, skipping
[2m2026-04-01T08:03:35.634005Z[0m [32m INFO[0m [2mpostgres::connection[0m[2m:[0m NOTICE: relation "exits" already exists, skipping
[2m2026-04-01T08:03:35.634186Z[0m [32m INFO[0m [2mpostgres::connection[0m[2m:[0m NOTICE: relation "entities" already exists, skipping
[2m2026-04-01T08:03:35.634366Z[0m [32m INFO[0m [2mpostgres::connection[0m[2m:[0m NOTICE: column "current_activity" of relation "entities" already exists, skipping
[2m2026-04-01T08:03:35.634987Z[0m [32m INFO[0m [2mpostgres::connection[0m[2m:[0m NOTICE: relation "entity_rooms" already exists, skipping
[2m2026-04-01T08:03:35.635100Z[0m [32m INFO[0m [2mpostgres::connection[0m[2m:[0m NOTICE: relation "venues" already exists, skipping
[2m2026-04-01T08:03:35.635197Z[0m [32m INFO[0m [2mpostgres::connection[0m[2m:[0m NOTICE: relation "assignments" already exists, skipping
[2m2026-04-01T08:03:35.635350Z[0m [32m INFO[0m [2mpostgres::connection[0m[2m:[0m NOTICE: relation "idx_assignments_venue" already exists, skipping
[2m2026-04-01T08:03:35.635452Z[0m [32m INFO[0m [2mpostgres::connection[0m[2m:[0m NOTICE: relation "schedules" already exists, skipping
[2m2026-04-01T08:03:35.635559Z[0m [32m INFO[0m [2mpostgres::connection[0m[2m:[0m NOTICE: relation "items" already exists, skipping
[2m2026-04-01T08:03:35.635686Z[0m [32m INFO[0m [2mpostgres::connection[0m[2m:[0m NOTICE: column "vit_bonus" of relation "items" already exists, skipping
[2m2026-04-01T08:03:35.636196Z[0m [32m INFO[0m [2mpostgres::connection[0m[2m:[0m NOTICE: column "dex_bonus" of relation "items" already exists, skipping
[2m2026-04-01T08:03:35.636642Z[0m [32m INFO[0m [2mpostgres::connection[0m[2m:[0m NOTICE: column "atk_bonus" of relation "items" already exists, skipping
[2m2026-04-01T08:03:35.637136Z[0m [32m INFO[0m [2mpostgres::connection[0m[2m:[0m NOTICE: relation "world_lexicon" already exists, skipping
[2m2026-04-01T08:03:35.637313Z[0m [32m INFO[0m [2mpostgres::connection[0m[2m:[0m NOTICE: relation "word_element_embeddings" already exists, skipping
[2m2026-04-01T08:03:35.637352Z[0m [32m INFO[0m [2msingularity_world::store[0m[2m:[0m [store] PostgreSQL 連線池已初始化: postgres://postgres:singularity@localhost:5432/singularity
[2m2026-04-01T08:03:35.638407Z[0m [32m INFO[0m [2msingularity_world::store[0m[2m:[0m [store] Loaded 1 entities from PostgreSQL
[2m2026-04-01T08:03:35.638605Z[0m [32m INFO[0m [2msingularity_world::store[0m[2m:[0m [store] Loaded 1 entity_rooms from PostgreSQL
[2m2026-04-01T08:03:35.639066Z[0m [32m INFO[0m [2msingularity_world::store[0m[2m:[0m [store] Loaded 1 venues from PostgreSQL
[2m2026-04-01T08:03:35.639363Z[0m [32m INFO[0m [2msingularity_world::store[0m[2m:[0m [store] Loaded 10 items from PostgreSQL
[2m2026-04-01T08:03:35.639698Z[0m [32m INFO[0m [2msingularity_world::store[0m[2m:[0m [store] 資料從 PostgreSQL 載入（主資料源）
[2m2026-04-01T08:03:35.640348Z[0m [32m INFO[0m [2msingularity_world::store[0m[2m:[0m [store] 載入完成: 0 rooms, 0 entity_room, 1 venues, 0 assignments, 0 schedules, 1 entities, 10 items, 0 threads, 0 dyads, 140 rumors
[2m2026-04-01T08:03:35.640461Z[0m [32m INFO[0m [2msingularity_world::store[0m[2m:[0m [store] 0 個房間已同步至 PostgreSQL
[2m2026-04-01T08:03:35.640587Z[0m [32m INFO[0m [2mnpc_behavior[0m[2m:[0m loaded 18 roles from /home/tanger/Projects/singularity_world/data/npc_behaviors.json
[2m2026-04-01T08:03:35.640621Z[0m [32m INFO[0m [2mpathfind[0m[2m:[0m graph synced from store: 0 rooms, 0 directed edges
[2m2026-04-01T08:03:35.640673Z[0m [32m INFO[0m [2msingularity_world::server::hex_editor[0m[2m:[0m hex_editor: 載入 0 格
[2m2026-04-01T08:03:35.640831Z[0m [32m INFO[0m [2msingularity_world::server::run[0m[2m:[0m Rust server listening on http://0.0.0.0:1721 (WebSocket /ws)
[2m2026-04-01T08:03:35.649481Z[0m [32m INFO[0m [2msingularity_world::server::simulation_loop[0m[2m:[0m 注入事件種子: 十六樓的某面牆突然長出了一小片琉璃化的結晶，很漂亮
[2m2026-04-01T08:13:36.146500Z[0m [32m INFO[0m [2msingularity_world::server::simulation_loop[0m[2m:[0m 注入事件種子: 藥材價格穩著，但品種比上個月少了幾樣
[2m2026-04-01T08:23:36.147132Z[0m [32m INFO[0m [2msingularity_world::server::simulation_loop[0m[2m:[0m 注入事件種子: 三樓醫療區最近比較忙，好像是採集隊回城的季節
[2m2026-04-01T08:33:36.645760Z[0m [32m INFO[0m [2msingularity_world::server::simulation_loop[0m[2m:[0m 注入事件種子: 樓梯間的菌絲光昨晚特別亮，是琥珀色的
[2m2026-04-01T08:43:37.147174Z[0m [32m INFO[0m [2msingularity_world::server::simulation_loop[0m[2m:[0m 注入事件種子: 樓頂的蓄水設施今天開始例行清洗，水量可能會少一會兒
[2m2026-04-01T08:53:37.647241Z[0m [32m INFO[0m [2msingularity_world::server::simulation_loop[0m[2m:[0m 注入事件種子: 加了福的肉質蔬果到貨了，今天特別新鮮
[2m2026-04-01T09:03:37.646578Z[0m [32m INFO[0m [2msingularity_world::server::simulation_loop[0m[2m:[0m 注入事件種子: 今天空氣裡的膠質味比平常濃，像要變天了
[2m2026-04-01T09:13:38.147187Z[0m [32m INFO[0m [2msingularity_world::server::simulation_loop[0m[2m:[0m 注入事件種子: 最近幾天金屬器具的表面都浮了一層淡淡的礦脈紋路
[2m2026-04-01T09:23:38.146283Z[0m [32m INFO[0m [2msingularity_world::server::simulation_loop[0m[2m:[0m 注入事件種子: 有人在樓下收購琉璃化的礦石碎片，出手很闊綽
[2m2026-04-01T09:33:38.647410Z[0m [32m INFO[0m [2msingularity_world::server::simulation_loop[0m[2m:[0m 注入事件種子: 昨晚牆面的玉質脈絡突然閃了一下暗紫色的光，只持續了幾秒
[2m2026-04-01T09:43:38.646618Z[0m [32m INFO[0m [2msingularity_world::server::simulation_loop[0m[2m:[0m 注入事件種子: 今早走廊牆縫裡的玉質脈絡又長了一截，紋路很好看
[2m2026-04-01T09:53:38.647851Z[0m [32m INFO[0m [2msingularity_world::server::simulation_loop[0m[2m:[0m 注入事件種子: 有採集隊從城外回來說，霜林靠近城側的那片最近長得特別快
[2m2026-04-01T10:03:39.147319Z[0m [32m INFO[0m [2msingularity_world::server::simulation_loop[0m[2m:[0m 注入事件種子: 今天的游離輻射塵好像比平常多一些，空氣裡有淡淡的粉光
[2m2026-04-01T10:09:42.531610Z[0m [33m WARN[0m [2msingularity_world::store[0m[2m:[0m [city] 載入失敗 "/home/tanger/Projects/singularity_world/data/cities/32.json": 找不到 burg_id=32 對應的世界房間（editor JSON meta.burg_id）
[2m2026-04-01T10:09:42.543160Z[0m [32m INFO[0m [2mpostgres::connection[0m[2m:[0m NOTICE: extension "vector" already exists, skipping
[2m2026-04-01T10:09:42.543427Z[0m [32m INFO[0m [2mpostgres::connection[0m[2m:[0m NOTICE: relation "auth" already exists, skipping
[2m2026-04-01T10:09:42.543530Z[0m [32m INFO[0m [2mpostgres::connection[0m[2m:[0m NOTICE: relation "event_log" already exists, skipping
[2m2026-04-01T10:09:42.543752Z[0m [32m INFO[0m [2mpostgres::connection[0m[2m:[0m NOTICE: relation "idx_event_log_entity_id" already exists, skipping
[2m2026-04-01T10:09:42.543827Z[0m [32m INFO[0m [2mpostgres::connection[0m[2m:[0m NOTICE: relation "archival" already exists, skipping
[2m2026-04-01T10:09:42.543909Z[0m [32m INFO[0m [2mpostgres::connection[0m[2m:[0m NOTICE: relation "idx_archival_entity_id" already exists, skipping
[2m2026-04-01T10:09:42.544015Z[0m [32m INFO[0m [2mpostgres::connection[0m[2m:[0m NOTICE: relation "npc_memories" already exists, skipping
[2m2026-04-01T10:09:42.544093Z[0m [32m INFO[0m [2mpostgres::connection[0m[2m:[0m NOTICE: relation "npc_summaries" already exists, skipping
[2m2026-04-01T10:09:42.544167Z[0m [32m INFO[0m [2mpostgres::connection[0m[2m:[0m NOTICE: relation "npc_npc_summaries" already exists, skipping
[2m2026-04-01T10:09:42.544238Z[0m [32m INFO[0m [2mpostgres::connection[0m[2m:[0m NOTICE: relation "npc_threads" already exists, skipping
[2m2026-04-01T10:09:42.544305Z[0m [32m INFO[0m [2mpostgres::connection[0m[2m:[0m NOTICE: relation "npc_dyads" already exists, skipping
[2m2026-04-01T10:09:42.544402Z[0m [32m INFO[0m [2mpostgres::connection[0m[2m:[0m NOTICE: relation "npc_rumors" already exists, skipping
[2m2026-04-01T10:09:42.544505Z[0m [32m INFO[0m [2mpostgres::connection[0m[2m:[0m NOTICE: relation "rooms" already exists, skipping
[2m2026-04-01T10:09:42.544579Z[0m [32m INFO[0m [2mpostgres::connection[0m[2m:[0m NOTICE: relation "exits" already exists, skipping
[2m2026-04-01T10:09:42.544701Z[0m [32m INFO[0m [2mpostgres::connection[0m[2m:[0m NOTICE: relation "entities" already exists, skipping
[2m2026-04-01T10:09:42.544830Z[0m [32m INFO[0m [2mpostgres::connection[0m[2m:[0m NOTICE: column "current_activity" of relation "entities" already exists, skipping
[2m2026-04-01T10:09:42.545203Z[0m [32m INFO[0m [2mpostgres::connection[0m[2m:[0m NOTICE: relation "entity_rooms" already exists, skipping
[2m2026-04-01T10:09:42.545290Z[0m [32m INFO[0m [2mpostgres::connection[0m[2m:[0m NOTICE: relation "venues" already exists, skipping
[2m2026-04-01T10:09:42.545367Z[0m [32m INFO[0m [2mpostgres::connection[0m[2m:[0m NOTICE: relation "assignments" already exists, skipping
[2m2026-04-01T10:09:42.545479Z[0m [32m INFO[0m [2mpostgres::connection[0m[2m:[0m NOTICE: relation "idx_assignments_venue" already exists, skipping
[2m2026-04-01T10:09:42.545558Z[0m [32m INFO[0m [2mpostgres::connection[0m[2m:[0m NOTICE: relation "schedules" already exists, skipping
[2m2026-04-01T10:09:42.545649Z[0m [32m INFO[0m [2mpostgres::connection[0m[2m:[0m NOTICE: relation "items" already exists, skipping
[2m2026-04-01T10:09:42.545743Z[0m [32m INFO[0m [2mpostgres::connection[0m[2m:[0m NOTICE: column "vit_bonus" of relation "items" already exists, skipping
[2m2026-04-01T10:09:42.546201Z[0m [32m INFO[0m [2mpostgres::connection[0m[2m:[0m NOTICE: column "dex_bonus" of relation "items" already exists, skipping
[2m2026-04-01T10:09:42.547019Z[0m [32m INFO[0m [2mpostgres::connection[0m[2m:[0m NOTICE: column "atk_bonus" of relation "items" already exists, skipping
[2m2026-04-01T10:09:42.547495Z[0m [32m INFO[0m [2mpostgres::connection[0m[2m:[0m NOTICE: relation "world_lexicon" already exists, skipping
[2m2026-04-01T10:09:42.547575Z[0m [32m INFO[0m [2mpostgres::connection[0m[2m:[0m NOTICE: relation "word_element_embeddings" already exists, skipping
[2m2026-04-01T10:09:42.547592Z[0m [32m INFO[0m [2msingularity_world::store[0m[2m:[0m [store] PostgreSQL 連線池已初始化: postgres://postgres:singularity@localhost:5432/singularity
[2m2026-04-01T10:09:42.548141Z[0m [32m INFO[0m [2msingularity_world::store[0m[2m:[0m [store] Loaded 1 entities from PostgreSQL
[2m2026-04-01T10:09:42.548269Z[0m [32m INFO[0m [2msingularity_world::store[0m[2m:[0m [store] Loaded 1 entity_rooms from PostgreSQL
[2m2026-04-01T10:09:42.548623Z[0m [32m INFO[0m [2msingularity_world::store[0m[2m:[0m [store] Loaded 1 venues from PostgreSQL
[2m2026-04-01T10:09:42.548786Z[0m [32m INFO[0m [2msingularity_world::store[0m[2m:[0m [store] Loaded 10 items from PostgreSQL
[2m2026-04-01T10:09:42.549094Z[0m [32m INFO[0m [2msingularity_world::store[0m[2m:[0m [store] 資料從 PostgreSQL 載入（主資料源）
[2m2026-04-01T10:09:42.549715Z[0m [32m INFO[0m [2msingularity_world::store[0m[2m:[0m [store] 載入完成: 0 rooms, 0 entity_room, 1 venues, 0 assignments, 0 schedules, 1 entities, 10 items, 0 threads, 0 dyads, 154 rumors
[2m2026-04-01T10:09:42.549878Z[0m [32m INFO[0m [2msingularity_world::store[0m[2m:[0m [store] 0 個房間已同步至 PostgreSQL
[2m2026-04-01T10:09:42.549980Z[0m [32m INFO[0m [2mnpc_behavior[0m[2m:[0m loaded 18 roles from /home/tanger/Projects/singularity_world/data/npc_behaviors.json
[2m2026-04-01T10:09:42.549989Z[0m [32m INFO[0m [2mpathfind[0m[2m:[0m graph synced from store: 0 rooms, 0 directed edges
[2m2026-04-01T10:09:42.549998Z[0m [32m INFO[0m [2msingularity_world::server::hex_editor[0m[2m:[0m hex_editor: 載入 0 格
[2m2026-04-01T10:09:42.550131Z[0m [32m INFO[0m [2msingularity_world::server::run[0m[2m:[0m Rust server listening on http://0.0.0.0:1721 (WebSocket /ws)
[2m2026-04-01T10:09:42.558296Z[0m [32m INFO[0m [2msingularity_world::server::simulation_loop[0m[2m:[0m 注入事件種子: 採集隊說城外淺層礦脈的礦石開始出現新的玉化紋理
[2m2026-04-01T10:19:43.062121Z[0m [32m INFO[0m [2msingularity_world::server::simulation_loop[0m[2m:[0m 注入事件種子: 昨晚牆面的玉質脈絡突然閃了一下暗紫色的光，只持續了幾秒
[2m2026-04-01T10:29:43.555334Z[0m [32m INFO[0m [2msingularity_world::server::simulation_loop[0m[2m:[0m 注入事件種子: 城外商路上的指引石被增生物覆蓋了一半，有隊伍去清理了
[2m2026-04-01T10:39:44.055230Z[0m [32m INFO[0m [2msingularity_world::server::simulation_loop[0m[2m:[0m 注入事件種子: 聽回來的人講，城外的肉質籐蔓又往路邊多蔓了一些
[2m2026-04-01T10:49:44.555462Z[0m [32m INFO[0m [2msingularity_world::server::simulation_loop[0m[2m:[0m 注入事件種子: 五樓那戶陽台的根鬚盤得更緊了，看著倒是挺穩的
[2m2026-04-01T10:59:45.055495Z[0m [32m INFO[0m [2msingularity_world::server::simulation_loop[0m[2m:[0m 注入事件種子: 有人說聽見了低樓層的結構在微微嗡鳴，像建築在呼吸
[2m2026-04-01T11:09:36.530656Z[0m [33m WARN[0m [2msingularity_world::store[0m[2m:[0m [city] 載入失敗 "/home/tanger/Projects/singularity_world/data/cities/32.json": 找不到 burg_id=32 對應的世界房間（editor JSON meta.burg_id）
[2m2026-04-01T11:09:36.542962Z[0m [32m INFO[0m [2mpostgres::connection[0m[2m:[0m NOTICE: extension "vector" already exists, skipping
[2m2026-04-01T11:09:36.543182Z[0m [32m INFO[0m [2mpostgres::connection[0m[2m:[0m NOTICE: relation "auth" already exists, skipping
[2m2026-04-01T11:09:36.543283Z[0m [32m INFO[0m [2mpostgres::connection[0m[2m:[0m NOTICE: relation "event_log" already exists, skipping
[2m2026-04-01T11:09:36.543510Z[0m [32m INFO[0m [2mpostgres::connection[0m[2m:[0m NOTICE: relation "idx_event_log_entity_id" already exists, skipping
[2m2026-04-01T11:09:36.543608Z[0m [32m INFO[0m [2mpostgres::connection[0m[2m:[0m NOTICE: relation "archival" already exists, skipping
[2m2026-04-01T11:09:36.543749Z[0m [32m INFO[0m [2mpostgres::connection[0m[2m:[0m NOTICE: relation "idx_archival_entity_id" already exists, skipping
[2m2026-04-01T11:09:36.543840Z[0m [32m INFO[0m [2mpostgres::connection[0m[2m:[0m NOTICE: relation "npc_memories" already exists, skipping
[2m2026-04-01T11:09:36.543915Z[0m [32m INFO[0m [2mpostgres::connection[0m[2m:[0m NOTICE: relation "npc_summaries" already exists, skipping
[2m2026-04-01T11:09:36.543984Z[0m [32m INFO[0m [2mpostgres::connection[0m[2m:[0m NOTICE: relation "npc_npc_summaries" already exists, skipping
[2m2026-04-01T11:09:36.544057Z[0m [32m INFO[0m [2mpostgres::connection[0m[2m:[0m NOTICE: relation "npc_threads" already exists, skipping
[2m2026-04-01T11:09:36.544135Z[0m [32m INFO[0m [2mpostgres::connection[0m[2m:[0m NOTICE: relation "npc_dyads" already exists, skipping
[2m2026-04-01T11:09:36.544225Z[0m [32m INFO[0m [2mpostgres::connection[0m[2m:[0m NOTICE: relation "npc_rumors" already exists, skipping
[2m2026-04-01T11:09:36.544305Z[0m [32m INFO[0m [2mpostgres::connection[0m[2m:[0m NOTICE: relation "rooms" already exists, skipping
[2m2026-04-01T11:09:36.544382Z[0m [32m INFO[0m [2mpostgres::connection[0m[2m:[0m NOTICE: relation "exits" already exists, skipping
[2m2026-04-01T11:09:36.544489Z[0m [32m INFO[0m [2mpostgres::connection[0m[2m:[0m NOTICE: relation "entities" already exists, skipping
[2m2026-04-01T11:09:36.544613Z[0m [32m INFO[0m [2mpostgres::connection[0m[2m:[0m NOTICE: column "current_activity" of relation "entities" already exists, skipping
[2m2026-04-01T11:09:36.545122Z[0m [32m INFO[0m [2mpostgres::connection[0m[2m:[0m NOTICE: relation "entity_rooms" already exists, skipping
[2m2026-04-01T11:09:36.545247Z[0m [32m INFO[0m [2mpostgres::connection[0m[2m:[0m NOTICE: relation "venues" already exists, skipping
[2m2026-04-01T11:09:36.545350Z[0m [32m INFO[0m [2mpostgres::connection[0m[2m:[0m NOTICE: relation "assignments" already exists, skipping
[2m2026-04-01T11:09:36.545512Z[0m [32m INFO[0m [2mpostgres::connection[0m[2m:[0m NOTICE: relation "idx_assignments_venue" already exists, skipping
[2m2026-04-01T11:09:36.545643Z[0m [32m INFO[0m [2mpostgres::connection[0m[2m:[0m NOTICE: relation "schedules" already exists, skipping
[2m2026-04-01T11:09:36.545747Z[0m [32m INFO[0m [2mpostgres::connection[0m[2m:[0m NOTICE: relation "items" already exists, skipping
[2m2026-04-01T11:09:36.545872Z[0m [32m INFO[0m [2mpostgres::connection[0m[2m:[0m NOTICE: column "vit_bonus" of relation "items" already exists, skipping
[2m2026-04-01T11:09:36.546334Z[0m [32m INFO[0m [2mpostgres::connection[0m[2m:[0m NOTICE: column "dex_bonus" of relation "items" already exists, skipping
[2m2026-04-01T11:09:36.546763Z[0m [32m INFO[0m [2mpostgres::connection[0m[2m:[0m NOTICE: column "atk_bonus" of relation "items" already exists, skipping
[2m2026-04-01T11:09:36.547190Z[0m [32m INFO[0m [2mpostgres::connection[0m[2m:[0m NOTICE: relation "world_lexicon" already exists, skipping
[2m2026-04-01T11:09:36.547274Z[0m [32m INFO[0m [2mpostgres::connection[0m[2m:[0m NOTICE: relation "word_element_embeddings" already exists, skipping
[2m2026-04-01T11:09:36.547313Z[0m [32m INFO[0m [2msingularity_world::store[0m[2m:[0m [store] PostgreSQL 連線池已初始化: postgres://postgres:singularity@localhost:5432/singularity
[2m2026-04-01T11:09:36.547848Z[0m [32m INFO[0m [2msingularity_world::store[0m[2m:[0m [store] Loaded 1 entities from PostgreSQL
[2m2026-04-01T11:09:36.547972Z[0m [32m INFO[0m [2msingularity_world::store[0m[2m:[0m [store] Loaded 1 entity_rooms from PostgreSQL
[2m2026-04-01T11:09:36.548315Z[0m [32m INFO[0m [2msingularity_world::store[0m[2m:[0m [store] Loaded 1 venues from PostgreSQL
[2m2026-04-01T11:09:36.548492Z[0m [32m INFO[0m [2msingularity_world::store[0m[2m:[0m [store] Loaded 10 items from PostgreSQL
[2m2026-04-01T11:09:36.548740Z[0m [32m INFO[0m [2msingularity_world::store[0m[2m:[0m [store] 資料從 PostgreSQL 載入（主資料源）
[2m2026-04-01T11:09:36.549341Z[0m [32m INFO[0m [2msingularity_world::store[0m[2m:[0m [store] 載入完成: 0 rooms, 0 entity_room, 1 venues, 0 assignments, 0 schedules, 1 entities, 10 items, 0 threads, 0 dyads, 160 rumors
[2m2026-04-01T11:09:36.549462Z[0m [32m INFO[0m [2msingularity_world::store[0m[2m:[0m [store] 0 個房間已同步至 PostgreSQL
[2m2026-04-01T11:09:36.549551Z[0m [32m INFO[0m [2mnpc_behavior[0m[2m:[0m loaded 18 roles from /home/tanger/Projects/singularity_world/data/npc_behaviors.json
[2m2026-04-01T11:09:36.549561Z[0m [32m INFO[0m [2mpathfind[0m[2m:[0m graph synced from store: 0 rooms, 0 directed edges
[2m2026-04-01T11:09:36.549573Z[0m [32m INFO[0m [2msingularity_world::server::hex_editor[0m[2m:[0m hex_editor: 載入 0 格
[2m2026-04-01T11:09:36.549722Z[0m [32m INFO[0m [2msingularity_world::server::run[0m[2m:[0m Rust server listening on http://0.0.0.0:1721 (WebSocket /ws)
[2m2026-04-01T11:09:36.557779Z[0m [32m INFO[0m [2msingularity_world::server::simulation_loop[0m[2m:[0m 注入事件種子: 市集今天來了一批品相很好的玉質木材，攤販搶著進貨
[2m2026-04-01T11:19:37.054844Z[0m [32m INFO[0m [2msingularity_world::server::simulation_loop[0m[2m:[0m 注入事件種子: 五樓那戶陽台的根鬚盤得更緊了，看著倒是挺穩的
[2m2026-04-01T11:29:37.055124Z[0m [32m INFO[0m [2msingularity_world::server::simulation_loop[0m[2m:[0m 注入事件種子: 遠處的地脈微光今晚比平常亮一些，淡綠色的
[2m2026-04-01T11:39:37.554630Z[0m [32m INFO[0m [2msingularity_world::server::simulation_loop[0m[2m:[0m 注入事件種子: 樓梯間的菌絲光昨晚特別亮，是琥珀色的
[2m2026-04-01T11:49:37.555173Z[0m [32m INFO[0m [2msingularity_world::server::simulation_loop[0m[2m:[0m 注入事件種子: 有採集隊從城外回來說，霜林靠近城側的那片最近長得特別快
[2m2026-04-01T11:59:37.556425Z[0m [32m INFO[0m [2msingularity_world::server::simulation_loop[0m[2m:[0m 注入事件種子: 有住戶說家裡石板縫長出了新的發光菌絲，紫綠色的
[2m2026-04-01T12:09:38.055498Z[0m [32m INFO[0m [2msingularity_world::server::simulation_loop[0m[2m:[0m 注入事件種子: 有人說聽見了低樓層的結構在微微嗡鳴，像建築在呼吸
[2m2026-04-01T12:19:38.555776Z[0m [32m INFO[0m [2msingularity_world::server::simulation_loop[0m[2m:[0m 注入事件種子: 昨晚牆面的玉質脈絡突然閃了一下暗紫色的光，只持續了幾秒
[2m2026-04-01T12:29:38.555908Z[0m [32m INFO[0m [2msingularity_world::server::simulation_loop[0m[2m:[0m 注入事件種子: 今早走廊牆縫裡的玉質脈絡又長了一截，紋路很好看
[2m2026-04-01T12:39:39.056005Z[0m [32m INFO[0m [2msingularity_world::server::simulation_loop[0m[2m:[0m 注入事件種子: 電梯間排了好長的隊，聽說中間幾層在做維護
[2m2026-04-01T12:49:39.555298Z[0m [32m INFO[0m [2msingularity_world::server::simulation_loop[0m[2m:[0m 注入事件種子: 打鐵巷最近接了不少單，聽說是採集隊的工具要換新
[2m2026-04-01T12:59:40.055467Z[0m [32m INFO[0m [2msingularity_world::server::simulation_loop[0m[2m:[0m 注入事件種子: 十一樓健身區新添了幾件器材，是用富態化木材做的
[2m2026-04-01T13:09:40.557146Z[0m [32m INFO[0m [2msingularity_world::server::simulation_loop[0m[2m:[0m 注入事件種子: 三樓醫療區最近比較忙，好像是採集隊回城的季節
[2m2026-04-01T13:19:40.555842Z[0m [32m INFO[0m [2msingularity_world::server::simulation_loop[0m[2m:[0m 注入事件種子: 加了福的肉質蔬果到貨了，今天特別新鮮
[2m2026-04-01T13:23:36.531391Z[0m [31mERROR[0m [2mr2d2[0m[2m:[0m error connecting to server: Connection refused (os error 111)
[2m2026-04-01T13:23:36.931772Z[0m [31mERROR[0m [2mr2d2[0m[2m:[0m error connecting to server: Connection refused (os error 111)
[2m2026-04-01T13:24:25.473021Z[0m [33m WARN[0m [2msingularity_world::store[0m[2m:[0m [city] 載入失敗 "/home/tanger/Projects/singularity_world/data/cities/32.json": 找不到 burg_id=32 對應的世界房間（editor JSON meta.burg_id）
[2m2026-04-01T13:24:25.474912Z[0m [31mERROR[0m [2mr2d2[0m[2m:[0m error connecting to server: Connection refused (os error 111)
[2m2026-04-01T13:24:25.474912Z[0m [31mERROR[0m [2mr2d2[0m[2m:[0m error connecting to server: Connection refused (os error 111)
[2m2026-04-01T13:24:25.474912Z[0m [31mERROR[0m [2mr2d2[0m[2m:[0m error connecting to server: Connection refused (os error 111)
[2m2026-04-01T13:24:25.474997Z[0m [31mERROR[0m [2mr2d2[0m[2m:[0m error connecting to server: Connection refused (os error 111)
[2m2026-04-01T13:24:25.475016Z[0m [31mERROR[0m [2mr2d2[0m[2m:[0m error connecting to server: Connection refused (os error 111)
[2m2026-04-01T13:24:25.475033Z[0m [31mERROR[0m [2mr2d2[0m[2m:[0m error connecting to server: Connection refused (os error 111)
[2m2026-04-01T13:24:25.475066Z[0m [31mERROR[0m [2mr2d2[0m[2m:[0m error connecting to server: Connection refused (os error 111)
[2m2026-04-01T13:24:25.475094Z[0m [31mERROR[0m [2mr2d2[0m[2m:[0m error connecting to server: Connection refused (os error 111)
[2m2026-04-01T13:24:25.475098Z[0m [31mERROR[0m [2mr2d2[0m[2m:[0m error connecting to server: Connection refused (os error 111)
[2m2026-04-01T13:24:25.475182Z[0m [31mERROR[0m [2mr2d2[0m[2m:[0m error connecting to server: Connection refused (os error 111)
[2m2026-04-01T13:24:25.875176Z[0m [31mERROR[0m [2mr2d2[0m[2m:[0m error connecting to server: Connection refused (os error 111)
[2m2026-04-01T13:24:25.875189Z[0m [31mERROR[0m [2mr2d2[0m[2m:[0m error connecting to server: Connection refused (os error 111)
[2m2026-04-01T13:24:25.875176Z[0m [31mERROR[0m [2mr2d2[0m[2m:[0m error connecting to server: Connection refused (os error 111)
[2m2026-04-01T13:24:25.875274Z[0m [31mERROR[0m [2mr2d2[0m[2m:[0m error connecting to server: Connection refused (os error 111)
[2m2026-04-01T13:24:25.875292Z[0m [31mERROR[0m [2mr2d2[0m[2m:[0m error connecting to server: Connection refused (os error 111)
[2m2026-04-01T13:24:25.875294Z[0m [31mERROR[0m [2mr2d2[0m[2m:[0m error connecting to server: Connection refused (os error 111)
[2m2026-04-01T13:24:25.875336Z[0m [31mERROR[0m [2mr2d2[0m[2m:[0m error connecting to server: Connection refused (os error 111)
[2m2026-04-01T13:24:25.875345Z[0m [31mERROR[0m [2mr2d2[0m[2m:[0m error connecting to server: Connection refused (os error 111)
[2m2026-04-01T13:24:25.875368Z[0m [31mERROR[0m [2mr2d2[0m[2m:[0m error connecting to server: Connection refused (os error 111)
[2m2026-04-01T13:24:25.875395Z[0m [31mERROR[0m [2mr2d2[0m[2m:[0m error connecting to server: Connection refused (os error 111)
[2m2026-04-01T13:24:26.675475Z[0m [31mERROR[0m [2mr2d2[0m[2m:[0m error connecting to server: Connection refused (os error 111)
[2m2026-04-01T13:24:26.675475Z[0m [31mERROR[0m [2mr2d2[0m[2m:[0m error connecting to server: Connection refused (os error 111)
[2m2026-04-01T13:24:26.675475Z[0m [31mERROR[0m [2mr2d2[0m[2m:[0m error connecting to server: Connection refused (os error 111)
[2m2026-04-01T13:24:26.675634Z[0m [31mERROR[0m [2mr2d2[0m[2m:[0m error connecting to server: Connection refused (os error 111)
[2m2026-04-01T13:24:26.675634Z[0m [31mERROR[0m [2mr2d2[0m[2m:[0m error connecting to server: Connection refused (os error 111)
[2m2026-04-01T13:24:26.675639Z[0m [31mERROR[0m [2mr2d2[0m[2m:[0m error connecting to server: Connection refused (os error 111)
[2m2026-04-01T13:24:26.675695Z[0m [31mERROR[0m [2mr2d2[0m[2m:[0m error connecting to server: Connection refused (os error 111)
[2m2026-04-01T13:24:26.675719Z[0m [31mERROR[0m [2mr2d2[0m[2m:[0m error connecting to server: Connection refused (os error 111)
[2m2026-04-01T13:24:26.675728Z[0m [31mERROR[0m [2mr2d2[0m[2m:[0m error connecting to server: Connection refused (os error 111)
[2m2026-04-01T13:24:26.675746Z[0m [31mERROR[0m [2mr2d2[0m[2m:[0m error connecting to server: Connection refused (os error 111)
[2m2026-04-01T13:24:28.275747Z[0m [31mERROR[0m [2mr2d2[0m[2m:[0m error connecting to server: Connection refused (os error 111)
[2m2026-04-01T13:24:28.275754Z[0m [31mERROR[0m [2mr2d2[0m[2m:[0m error connecting to server: Connection refused (os error 111)
[2m2026-04-01T13:24:28.275822Z[0m [31mERROR[0m [2mr2d2[0m[2m:[0m error connecting to server: Connection refused (os error 111)
[2m2026-04-01T13:24:28.275852Z[0m [31mERROR[0m [2mr2d2[0m[2m:[0m error connecting to server: Connection refused (os error 111)
[2m2026-04-01T13:24:28.275863Z[0m [31mERROR[0m [2mr2d2[0m[2m:[0m error connecting to server: Connection refused (os error 111)
[2m2026-04-01T13:24:28.275926Z[0m [31mERROR[0m [2mr2d2[0m[2m:[0m error connecting to server: Connection refused (os error 111)
[2m2026-04-01T13:24:28.275934Z[0m [31mERROR[0m [2mr2d2[0m[2m:[0m error connecting to server: Connection refused (os error 111)
[2m2026-04-01T13:24:28.275957Z[0m [31mERROR[0m [2mr2d2[0m[2m:[0m error connecting to server: Connection refused (os error 111)
[2m2026-04-01T13:24:28.276012Z[0m [31mERROR[0m [2mr2d2[0m[2m:[0m error connecting to server: Connection refused (os error 111)
[2m2026-04-01T13:24:28.276143Z[0m [31mERROR[0m [2mr2d2[0m[2m:[0m error connecting to server: Connection refused (os error 111)
[2m2026-04-01T13:24:31.476097Z[0m [31mERROR[0m [2mr2d2[0m[2m:[0m error connecting to server: Connection refused (os error 111)
[2m2026-04-01T13:24:31.476108Z[0m [31mERROR[0m [2mr2d2[0m[2m:[0m error connecting to server: Connection refused (os error 111)
[2m2026-04-01T13:24:31.476125Z[0m [31mERROR[0m [2mr2d2[0m[2m:[0m error connecting to server: Connection refused (os error 111)
[2m2026-04-01T13:24:31.476259Z[0m [31mERROR[0m [2mr2d2[0m[2m:[0m error connecting to server: Connection refused (os error 111)
[2m2026-04-01T13:24:31.476284Z[0m [31mERROR[0m [2mr2d2[0m[2m:[0m error connecting to server: Connection refused (os error 111)
[2m2026-04-01T13:24:31.476298Z[0m [31mERROR[0m [2mr2d2[0m[2m:[0m error connecting to server: Connection refused (os error 111)
[2m2026-04-01T13:24:31.476330Z[0m [31mERROR[0m [2mr2d2[0m[2m:[0m error connecting to server: Connection refused (os error 111)
[2m2026-04-01T13:24:31.476362Z[0m [31mERROR[0m [2mr2d2[0m[2m:[0m error connecting to server: Connection refused (os error 111)
[2m2026-04-01T13:24:31.476475Z[0m [31mERROR[0m [2mr2d2[0m[2m:[0m error connecting to server: Connection refused (os error 111)
[2m2026-04-01T13:24:31.476480Z[0m [31mERROR[0m [2mr2d2[0m[2m:[0m error connecting to server: Connection refused (os error 111)
[2m2026-04-01T13:24:37.876317Z[0m [31mERROR[0m [2mr2d2[0m[2m:[0m error connecting to server: Connection refused (os error 111)
[2m2026-04-01T13:24:37.876317Z[0m [31mERROR[0m [2mr2d2[0m[2m:[0m error connecting to server: Connection refused (os error 111)
[2m2026-04-01T13:24:37.876317Z[0m [31mERROR[0m [2mr2d2[0m[2m:[0m error connecting to server: Connection refused (os error 111)
[2m2026-04-01T13:24:37.876444Z[0m [31mERROR[0m [2mr2d2[0m[2m:[0m error connecting to server: Connection refused (os error 111)
[2m2026-04-01T13:24:37.876445Z[0m [31mERROR[0m [2mr2d2[0m[2m:[0m error connecting to server: Connection refused (os error 111)
[2m2026-04-01T13:24:37.876468Z[0m [31mERROR[0m [2mr2d2[0m[2m:[0m error connecting to server: Connection refused (os error 111)
[2m2026-04-01T13:24:37.876500Z[0m [31mERROR[0m [2mr2d2[0m[2m:[0m error connecting to server: Connection refused (os error 111)
[2m2026-04-01T13:24:37.876502Z[0m [31mERROR[0m [2mr2d2[0m[2m:[0m error connecting to server: Connection refused (os error 111)
[2m2026-04-01T13:24:37.876543Z[0m [31mERROR[0m [2mr2d2[0m[2m:[0m error connecting to server: Connection refused (os error 111)
[2m2026-04-01T13:24:37.876544Z[0m [31mERROR[0m [2mr2d2[0m[2m:[0m error connecting to server: Connection refused (os error 111)
[2m2026-04-01T13:24:50.704091Z[0m [32m INFO[0m [2mpostgres::connection[0m[2m:[0m NOTICE: extension "vector" already exists, skipping
[2m2026-04-01T13:24:50.705300Z[0m [32m INFO[0m [2mpostgres::connection[0m[2m:[0m NOTICE: relation "auth" already exists, skipping
[2m2026-04-01T13:24:50.705358Z[0m [32m INFO[0m [2mpostgres::connection[0m[2m:[0m NOTICE: relation "event_log" already exists, skipping
[2m2026-04-01T13:24:50.707121Z[0m [32m INFO[0m [2mpostgres::connection[0m[2m:[0m NOTICE: relation "idx_event_log_entity_id" already exists, skipping
[2m2026-04-01T13:24:50.707195Z[0m [32m INFO[0m [2mpostgres::connection[0m[2m:[0m NOTICE: relation "archival" already exists, skipping
[2m2026-04-01T13:24:50.707261Z[0m [32m INFO[0m [2mpostgres::connection[0m[2m:[0m NOTICE: relation "idx_archival_entity_id" already exists, skipping
[2m2026-04-01T13:24:50.707318Z[0m [32m INFO[0m [2mpostgres::connection[0m[2m:[0m NOTICE: relation "npc_memories" already exists, skipping
[2m2026-04-01T13:24:50.707370Z[0m [32m INFO[0m [2mpostgres::connection[0m[2m:[0m NOTICE: relation "npc_summaries" already exists, skipping
[2m2026-04-01T13:24:50.707416Z[0m [32m INFO[0m [2mpostgres::connection[0m[2m:[0m NOTICE: relation "npc_npc_summaries" already exists, skipping
[2m2026-04-01T13:24:50.707479Z[0m [32m INFO[0m [2mpostgres::connection[0m[2m:[0m NOTICE: relation "npc_threads" already exists, skipping
[2m2026-04-01T13:24:50.707530Z[0m [32m INFO[0m [2mpostgres::connection[0m[2m:[0m NOTICE: relation "npc_dyads" already exists, skipping
[2m2026-04-01T13:24:50.707598Z[0m [32m INFO[0m [2mpostgres::connection[0m[2m:[0m NOTICE: relation "npc_rumors" already exists, skipping
[2m2026-04-01T13:24:50.707654Z[0m [32m INFO[0m [2mpostgres::connection[0m[2m:[0m NOTICE: relation "rooms" already exists, skipping
[2m2026-04-01T13:24:50.707702Z[0m [32m INFO[0m [2mpostgres::connection[0m[2m:[0m NOTICE: relation "exits" already exists, skipping
[2m2026-04-01T13:24:50.707783Z[0m [32m INFO[0m [2mpostgres::connection[0m[2m:[0m NOTICE: relation "entities" already exists, skipping
[2m2026-04-01T13:24:50.708190Z[0m [32m INFO[0m [2mpostgres::connection[0m[2m:[0m NOTICE: column "current_activity" of relation "entities" already exists, skipping
[2m2026-04-01T13:24:50.708643Z[0m [32m INFO[0m [2mpostgres::connection[0m[2m:[0m NOTICE: relation "entity_rooms" already exists, skipping
[2m2026-04-01T13:24:50.708694Z[0m [32m INFO[0m [2mpostgres::connection[0m[2m:[0m NOTICE: relation "venues" already exists, skipping
[2m2026-04-01T13:24:50.708734Z[0m [32m INFO[0m [2mpostgres::connection[0m[2m:[0m NOTICE: relation "assignments" already exists, skipping
[2m2026-04-01T13:24:50.708805Z[0m [32m INFO[0m [2mpostgres::connection[0m[2m:[0m NOTICE: relation "idx_assignments_venue" already exists, skipping
[2m2026-04-01T13:24:50.708845Z[0m [32m INFO[0m [2mpostgres::connection[0m[2m:[0m NOTICE: relation "schedules" already exists, skipping
[2m2026-04-01T13:24:50.708890Z[0m [32m INFO[0m [2mpostgres::connection[0m[2m:[0m NOTICE: relation "items" already exists, skipping
[2m2026-04-01T13:24:50.708946Z[0m [32m INFO[0m [2mpostgres::connection[0m[2m:[0m NOTICE: column "vit_bonus" of relation "items" already exists, skipping
[2m2026-04-01T13:24:50.709305Z[0m [32m INFO[0m [2mpostgres::connection[0m[2m:[0m NOTICE: column "dex_bonus" of relation "items" already exists, skipping
[2m2026-04-01T13:24:50.709669Z[0m [32m INFO[0m [2mpostgres::connection[0m[2m:[0m NOTICE: column "atk_bonus" of relation "items" already exists, skipping
[2m2026-04-01T13:24:50.710099Z[0m [32m INFO[0m [2mpostgres::connection[0m[2m:[0m NOTICE: relation "world_lexicon" already exists, skipping
[2m2026-04-01T13:24:50.710178Z[0m [32m INFO[0m [2mpostgres::connection[0m[2m:[0m NOTICE: relation "word_element_embeddings" already exists, skipping
[2m2026-04-01T13:24:50.710193Z[0m [32m INFO[0m [2msingularity_world::store[0m[2m:[0m [store] PostgreSQL 連線池已初始化: postgres://postgres:singularity@localhost:5432/singularity
[2m2026-04-01T13:24:50.716714Z[0m [32m INFO[0m [2msingularity_world::store[0m[2m:[0m [store] Loaded 1 entities from PostgreSQL
[2m2026-04-01T13:24:50.717470Z[0m [32m INFO[0m [2msingularity_world::store[0m[2m:[0m [store] Loaded 1 entity_rooms from PostgreSQL
[2m2026-04-01T13:24:50.718529Z[0m [32m INFO[0m [2msingularity_world::store[0m[2m:[0m [store] Loaded 1 venues from PostgreSQL
[2m2026-04-01T13:24:50.718775Z[0m [32m INFO[0m [2msingularity_world::store[0m[2m:[0m [store] Loaded 10 items from PostgreSQL
[2m2026-04-01T13:24:50.719789Z[0m [32m INFO[0m [2msingularity_world::store[0m[2m:[0m [store] 資料從 PostgreSQL 載入（主資料源）
[2m2026-04-01T13:24:50.721258Z[0m [32m INFO[0m [2msingularity_world::store[0m[2m:[0m [store] 載入完成: 0 rooms, 0 entity_room, 1 venues, 0 assignments, 0 schedules, 1 entities, 10 items, 0 threads, 0 dyads, 175 rumors
[2m2026-04-01T13:24:50.721330Z[0m [32m INFO[0m [2msingularity_world::store[0m[2m:[0m [store] 0 個房間已同步至 PostgreSQL
[2m2026-04-01T13:24:50.721973Z[0m [32m INFO[0m [2mnpc_behavior[0m[2m:[0m loaded 18 roles from /home/tanger/Projects/singularity_world/data/npc_behaviors.json
[2m2026-04-01T13:24:50.721979Z[0m [32m INFO[0m [2mpathfind[0m[2m:[0m graph synced from store: 0 rooms, 0 directed edges
[2m2026-04-01T13:24:50.722223Z[0m [32m INFO[0m [2msingularity_world::server::hex_editor[0m[2m:[0m hex_editor: 載入 0 格
[2m2026-04-01T13:24:50.723250Z[0m [32m INFO[0m [2msingularity_world::server::run[0m[2m:[0m Rust server listening on http://0.0.0.0:1721 (WebSocket /ws)
[2m2026-04-01T13:24:50.730768Z[0m [32m INFO[0m [2msingularity_world::server::simulation_loop[0m[2m:[0m 注入事件種子: 昨晚牆面的玉質脈絡突然閃了一下暗紫色的光，只持續了幾秒
[2m2026-04-01T13:26:00.757884Z[0m [33m WARN[0m [2msingularity_world::store[0m[2m:[0m [city] 載入失敗 "/home/tanger/Projects/singularity_world/data/cities/32.json": 找不到 burg_id=32 對應的世界房間（editor JSON meta.burg_id）
[2m2026-04-01T13:26:00.759460Z[0m [31mERROR[0m [2mr2d2[0m[2m:[0m error connecting to server: Connection refused (os error 111)
[2m2026-04-01T13:26:00.759459Z[0m [31mERROR[0m [2mr2d2[0m[2m:[0m error connecting to server: Connection refused (os error 111)
[2m2026-04-01T13:26:00.759498Z[0m [31mERROR[0m [2mr2d2[0m[2m:[0m error connecting to server: Connection refused (os error 111)
[2m2026-04-01T13:26:00.759539Z[0m [31mERROR[0m [2mr2d2[0m[2m:[0m error connecting to server: Connection refused (os error 111)
[2m2026-04-01T13:26:00.759559Z[0m [31mERROR[0m [2mr2d2[0m[2m:[0m error connecting to server: Connection refused (os error 111)
[2m2026-04-01T13:26:00.759578Z[0m [31mERROR[0m [2mr2d2[0m[2m:[0m error connecting to server: Connection refused (os error 111)
[2m2026-04-01T13:26:00.759598Z[0m [31mERROR[0m [2mr2d2[0m[2m:[0m error connecting to server: Connection refused (os error 111)
[2m2026-04-01T13:26:00.759611Z[0m [31mERROR[0m [2mr2d2[0m[2m:[0m error connecting to server: Connection refused (os error 111)
[2m2026-04-01T13:26:00.759641Z[0m [31mERROR[0m [2mr2d2[0m[2m:[0m error connecting to server: Connection refused (os error 111)
[2m2026-04-01T13:26:00.759949Z[0m [31mERROR[0m [2mr2d2[0m[2m:[0m error connecting to server: Connection refused (os error 111)
[2m2026-04-01T13:26:01.159721Z[0m [31mERROR[0m [2mr2d2[0m[2m:[0m error connecting to server: Connection refused (os error 111)
[2m2026-04-01T13:26:01.159721Z[0m [31mERROR[0m [2mr2d2[0m[2m:[0m error connecting to server: Connection refused (os error 111)
[2m2026-04-01T13:26:01.159721Z[0m [31mERROR[0m [2mr2d2[0m[2m:[0m error connecting to server: Connection refused (os error 111)
[2m2026-04-01T13:26:01.159789Z[0m [31mERROR[0m [2mr2d2[0m[2m:[0m error connecting to server: Connection refused (os error 111)
[2m2026-04-01T13:26:01.159797Z[0m [31mERROR[0m [2mr2d2[0m[2m:[0m error connecting to server: Connection refused (os error 111)
[2m2026-04-01T13:26:01.159817Z[0m [31mERROR[0m [2mr2d2[0m[2m:[0m error connecting to server: Connection refused (os error 111)
[2m2026-04-01T13:26:01.159863Z[0m [31mERROR[0m [2mr2d2[0m[2m:[0m error connecting to server: Connection refused (os error 111)
[2m2026-04-01T13:26:01.159869Z[0m [31mERROR[0m [2mr2d2[0m[2m:[0m error connecting to server: Connection refused (os error 111)
[2m2026-04-01T13:26:01.159907Z[0m [31mERROR[0m [2mr2d2[0m[2m:[0m error connecting to server: Connection refused (os error 111)
[2m2026-04-01T13:26:01.160006Z[0m [31mERROR[0m [2mr2d2[0m[2m:[0m error connecting to server: Connection refused (os error 111)
[2m2026-04-01T13:26:01.960110Z[0m [31mERROR[0m [2mr2d2[0m[2m:[0m error connecting to server: Connection refused (os error 111)
[2m2026-04-01T13:26:01.960112Z[0m [31mERROR[0m [2mr2d2[0m[2m:[0m error connecting to server: Connection refused (os error 111)
[2m2026-04-01T13:26:01.960124Z[0m [31mERROR[0m [2mr2d2[0m[2m:[0m error connecting to server: Connection refused (os error 111)
[2m2026-04-01T13:26:01.960298Z[0m [31mERROR[0m [2mr2d2[0m[2m:[0m error connecting to server: Connection refused (os error 111)
[2m2026-04-01T13:26:01.960310Z[0m [31mERROR[0m [2mr2d2[0m[2m:[0m error connecting to server: Connection refused (os error 111)
[2m2026-04-01T13:26:01.960315Z[0m [31mERROR[0m [2mr2d2[0m[2m:[0m error connecting to server: Connection refused (os error 111)
[2m2026-04-01T13:26:01.960409Z[0m [31mERROR[0m [2mr2d2[0m[2m:[0m error connecting to server: Connection refused (os error 111)
[2m2026-04-01T13:26:01.960426Z[0m [31mERROR[0m [2mr2d2[0m[2m:[0m error connecting to server: Connection refused (os error 111)
[2m2026-04-01T13:26:01.960432Z[0m [31mERROR[0m [2mr2d2[0m[2m:[0m error connecting to server: Connection refused (os error 111)
[2m2026-04-01T13:26:01.960473Z[0m [31mERROR[0m [2mr2d2[0m[2m:[0m error connecting to server: Connection refused (os error 111)
[2m2026-04-01T13:26:03.560406Z[0m [31mERROR[0m [2mr2d2[0m[2m:[0m error connecting to server: Connection refused (os error 111)
[2m2026-04-01T13:26:03.560406Z[0m [31mERROR[0m [2mr2d2[0m[2m:[0m error connecting to server: Connection refused (os error 111)
[2m2026-04-01T13:26:03.560428Z[0m [31mERROR[0m [2mr2d2[0m[2m:[0m error connecting to server: Connection refused (os error 111)
[2m2026-04-01T13:26:03.560521Z[0m [31mERROR[0m [2mr2d2[0m[2m:[0m error connecting to server: Connection refused (os error 111)
[2m2026-04-01T13:26:03.560527Z[0m [31mERROR[0m [2mr2d2[0m[2m:[0m error connecting to server: Connection refused (os error 111)
[2m2026-04-01T13:26:03.560529Z[0m [31mERROR[0m [2mr2d2[0m[2m:[0m error connecting to server: Connection refused (os error 111)
[2m2026-04-01T13:26:03.560578Z[0m [31mERROR[0m [2mr2d2[0m[2m:[0m error connecting to server: Connection refused (os error 111)
[2m2026-04-01T13:26:03.560588Z[0m [31mERROR[0m [2mr2d2[0m[2m:[0m error connecting to server: Connection refused (os error 111)
[2m2026-04-01T13:26:03.560624Z[0m [31mERROR[0m [2mr2d2[0m[2m:[0m error connecting to server: Connection refused (os error 111)
[2m2026-04-01T13:26:03.560693Z[0m [31mERROR[0m [2mr2d2[0m[2m:[0m error connecting to server: Connection refused (os error 111)
[2m2026-04-01T13:26:06.760831Z[0m [31mERROR[0m [2mr2d2[0m[2m:[0m error connecting to server: Connection refused (os error 111)
[2m2026-04-01T13:26:06.760831Z[0m [31mERROR[0m [2mr2d2[0m[2m:[0m error connecting to server: Connection refused (os error 111)
[2m2026-04-01T13:26:06.760831Z[0m [31mERROR[0m [2mr2d2[0m[2m:[0m error connecting to server: Connection refused (os error 111)
[2m2026-04-01T13:26:06.761068Z[0m [31mERROR[0m [2mr2d2[0m[2m:[0m error connecting to server: Connection refused (os error 111)
[2m2026-04-01T13:26:06.761074Z[0m [31mERROR[0m [2mr2d2[0m[2m:[0m error connecting to server: Connection refused (os error 111)
[2m2026-04-01T13:26:06.761077Z[0m [31mERROR[0m [2mr2d2[0m[2m:[0m error connecting to server: Connection refused (os error 111)
[2m2026-04-01T13:26:06.761237Z[0m [31mERROR[0m [2mr2d2[0m[2m:[0m error connecting to server: Connection refused (os error 111)
[2m2026-04-01T13:26:06.761242Z[0m [31mERROR[0m [2mr2d2[0m[2m:[0m error connecting to server: Connection refused (os error 111)
[2m2026-04-01T13:26:06.761252Z[0m [31mERROR[0m [2mr2d2[0m[2m:[0m error connecting to server: Connection refused (os error 111)
[2m2026-04-01T13:26:06.761387Z[0m [31mERROR[0m [2mr2d2[0m[2m:[0m error connecting to server: Connection refused (os error 111)
[2m2026-04-01T13:26:13.161583Z[0m [31mERROR[0m [2mr2d2[0m[2m:[0m error connecting to server: Connection refused (os error 111)
[2m2026-04-01T13:26:13.161586Z[0m [31mERROR[0m [2mr2d2[0m[2m:[0m error connecting to server: Connection refused (os error 111)
[2m2026-04-01T13:26:13.161593Z[0m [31mERROR[0m [2mr2d2[0m[2m:[0m error connecting to server: Connection refused (os error 111)
[2m2026-04-01T13:26:13.161742Z[0m [31mERROR[0m [2mr2d2[0m[2m:[0m error connecting to server: Connection refused (os error 111)
[2m2026-04-01T13:26:13.161750Z[0m [31mERROR[0m [2mr2d2[0m[2m:[0m error connecting to server: Connection refused (os error 111)
[2m2026-04-01T13:26:13.161813Z[0m [31mERROR[0m [2mr2d2[0m[2m:[0m error connecting to server: Connection refused (os error 111)
[2m2026-04-01T13:26:13.161858Z[0m [31mERROR[0m [2mr2d2[0m[2m:[0m error connecting to server: Connection refused (os error 111)
[2m2026-04-01T13:26:13.161864Z[0m [31mERROR[0m [2mr2d2[0m[2m:[0m error connecting to server: Connection refused (os error 111)
[2m2026-04-01T13:26:13.161896Z[0m [31mERROR[0m [2mr2d2[0m[2m:[0m error connecting to server: Connection refused (os error 111)
[2m2026-04-01T13:26:13.161945Z[0m [31mERROR[0m [2mr2d2[0m[2m:[0m error connecting to server: Connection refused (os error 111)
[2m2026-04-01T13:26:25.990899Z[0m [32m INFO[0m [2mpostgres::connection[0m[2m:[0m NOTICE: extension "vector" already exists, skipping
[2m2026-04-01T13:26:25.992104Z[0m [32m INFO[0m [2mpostgres::connection[0m[2m:[0m NOTICE: relation "auth" already exists, skipping
[2m2026-04-01T13:26:25.992160Z[0m [32m INFO[0m [2mpostgres::connection[0m[2m:[0m NOTICE: relation "event_log" already exists, skipping
[2m2026-04-01T13:26:25.993942Z[0m [32m INFO[0m [2mpostgres::connection[0m[2m:[0m NOTICE: relation "idx_event_log_entity_id" already exists, skipping
[2m2026-04-01T13:26:25.994063Z[0m [32m INFO[0m [2mpostgres::connection[0m[2m:[0m NOTICE: relation "archival" already exists, skipping
[2m2026-04-01T13:26:25.994150Z[0m [32m INFO[0m [2mpostgres::connection[0m[2m:[0m NOTICE: relation "idx_archival_entity_id" already exists, skipping
[2m2026-04-01T13:26:25.994208Z[0m [32m INFO[0m [2mpostgres::connection[0m[2m:[0m NOTICE: relation "npc_memories" already exists, skipping
[2m2026-04-01T13:26:25.994249Z[0m [32m INFO[0m [2mpostgres::connection[0m[2m:[0m NOTICE: relation "npc_summaries" already exists, skipping
[2m2026-04-01T13:26:25.994299Z[0m [32m INFO[0m [2mpostgres::connection[0m[2m:[0m NOTICE: relation "npc_npc_summaries" already exists, skipping
[2m2026-04-01T13:26:25.994353Z[0m [32m INFO[0m [2mpostgres::connection[0m[2m:[0m NOTICE: relation "npc_threads" already exists, skipping
[2m2026-04-01T13:26:25.994409Z[0m [32m INFO[0m [2mpostgres::connection[0m[2m:[0m NOTICE: relation "npc_dyads" already exists, skipping
[2m2026-04-01T13:26:25.994580Z[0m [32m INFO[0m [2mpostgres::connection[0m[2m:[0m NOTICE: relation "npc_rumors" already exists, skipping
[2m2026-04-01T13:26:25.994691Z[0m [32m INFO[0m [2mpostgres::connection[0m[2m:[0m NOTICE: relation "rooms" already exists, skipping
[2m2026-04-01T13:26:25.994757Z[0m [32m INFO[0m [2mpostgres::connection[0m[2m:[0m NOTICE: relation "exits" already exists, skipping
[2m2026-04-01T13:26:25.994872Z[0m [32m INFO[0m [2mpostgres::connection[0m[2m:[0m NOTICE: relation "entities" already exists, skipping
[2m2026-04-01T13:26:25.995359Z[0m [32m INFO[0m [2mpostgres::connection[0m[2m:[0m NOTICE: column "current_activity" of relation "entities" already exists, skipping
[2m2026-04-01T13:26:25.995768Z[0m [32m INFO[0m [2mpostgres::connection[0m[2m:[0m NOTICE: relation "entity_rooms" already exists, skipping
[2m2026-04-01T13:26:25.995811Z[0m [32m INFO[0m [2mpostgres::connection[0m[2m:[0m NOTICE: relation "venues" already exists, skipping
[2m2026-04-01T13:26:25.995852Z[0m [32m INFO[0m [2mpostgres::connection[0m[2m:[0m NOTICE: relation "assignments" already exists, skipping
[2m2026-04-01T13:26:25.995914Z[0m [32m INFO[0m [2mpostgres::connection[0m[2m:[0m NOTICE: relation "idx_assignments_venue" already exists, skipping
[2m2026-04-01T13:26:25.995955Z[0m [32m INFO[0m [2mpostgres::connection[0m[2m:[0m NOTICE: relation "schedules" already exists, skipping
[2m2026-04-01T13:26:25.996007Z[0m [32m INFO[0m [2mpostgres::connection[0m[2m:[0m NOTICE: relation "items" already exists, skipping
[2m2026-04-01T13:26:25.996057Z[0m [32m INFO[0m [2mpostgres::connection[0m[2m:[0m NOTICE: column "vit_bonus" of relation "items" already exists, skipping
[2m2026-04-01T13:26:25.996427Z[0m [32m INFO[0m [2mpostgres::connection[0m[2m:[0m NOTICE: column "dex_bonus" of relation "items" already exists, skipping
[2m2026-04-01T13:26:25.996757Z[0m [32m INFO[0m [2mpostgres::connection[0m[2m:[0m NOTICE: column "atk_bonus" of relation "items" already exists, skipping
[2m2026-04-01T13:26:25.997211Z[0m [32m INFO[0m [2mpostgres::connection[0m[2m:[0m NOTICE: relation "world_lexicon" already exists, skipping
[2m2026-04-01T13:26:25.997262Z[0m [32m INFO[0m [2mpostgres::connection[0m[2m:[0m NOTICE: relation "word_element_embeddings" already exists, skipping
[2m2026-04-01T13:26:25.997267Z[0m [32m INFO[0m [2msingularity_world::store[0m[2m:[0m [store] PostgreSQL 連線池已初始化: postgres://postgres:singularity@localhost:5432/singularity
[2m2026-04-01T13:26:26.003206Z[0m [32m INFO[0m [2msingularity_world::store[0m[2m:[0m [store] Loaded 1 entities from PostgreSQL
[2m2026-04-01T13:26:26.003787Z[0m [32m INFO[0m [2msingularity_world::store[0m[2m:[0m [store] Loaded 1 entity_rooms from PostgreSQL
[2m2026-04-01T13:26:26.004793Z[0m [32m INFO[0m [2msingularity_world::store[0m[2m:[0m [store] Loaded 1 venues from PostgreSQL
[2m2026-04-01T13:26:26.005034Z[0m [32m INFO[0m [2msingularity_world::store[0m[2m:[0m [store] Loaded 10 items from PostgreSQL
[2m2026-04-01T13:26:26.005981Z[0m [32m INFO[0m [2msingularity_world::store[0m[2m:[0m [store] 資料從 PostgreSQL 載入（主資料源）
[2m2026-04-01T13:26:26.007527Z[0m [32m INFO[0m [2msingularity_world::store[0m[2m:[0m [store] 載入完成: 0 rooms, 0 entity_room, 1 venues, 0 assignments, 0 schedules, 1 entities, 10 items, 0 threads, 0 dyads, 176 rumors
[2m2026-04-01T13:26:26.007586Z[0m [32m INFO[0m [2msingularity_world::store[0m[2m:[0m [store] 0 個房間已同步至 PostgreSQL
[2m2026-04-01T13:26:26.008249Z[0m [32m INFO[0m [2mnpc_behavior[0m[2m:[0m loaded 18 roles from /home/tanger/Projects/singularity_world/data/npc_behaviors.json
[2m2026-04-01T13:26:26.008256Z[0m [32m INFO[0m [2mpathfind[0m[2m:[0m graph synced from store: 0 rooms, 0 directed edges
[2m2026-04-01T13:26:26.008504Z[0m [32m INFO[0m [2msingularity_world::server::hex_editor[0m[2m:[0m hex_editor: 載入 0 格
[2m2026-04-01T13:26:26.009529Z[0m [32m INFO[0m [2msingularity_world::server::run[0m[2m:[0m Rust server listening on http://0.0.0.0:1721 (WebSocket /ws)
[2m2026-04-01T13:26:26.017664Z[0m [32m INFO[0m [2msingularity_world::server::simulation_loop[0m[2m:[0m 注入事件種子: 有人在樓下收購琉璃化的礦石碎片，出手很闊綽
[2m2026-04-01T13:36:27.399145Z[0m [32m INFO[0m [2msingularity_world::server::simulation_loop[0m[2m:[0m 注入事件種子: 昨晚牆面的玉質脈絡突然閃了一下暗紫色的光，只持續了幾秒
[2m2026-04-01T13:46:27.899262Z[0m [32m INFO[0m [2msingularity_world::server::simulation_loop[0m[2m:[0m 注入事件種子: 今早走廊牆縫裡的玉質脈絡又長了一截，紋路很好看
[2m2026-04-01T13:56:28.399483Z[0m [32m INFO[0m [2msingularity_world::server::simulation_loop[0m[2m:[0m 注入事件種子: 有住戶搬家了，留下的房間牆上全是根鬚攀痕，挺有意思的
[2m2026-04-01T14:06:28.899534Z[0m [32m INFO[0m [2msingularity_world::server::simulation_loop[0m[2m:[0m 注入事件種子: 聽回來的人講，城外的肉質籐蔓又往路邊多蔓了一些
[2m2026-04-01T14:16:29.399945Z[0m [32m INFO[0m [2msingularity_world::server::simulation_loop[0m[2m:[0m 注入事件種子: 最近幾天金屬器具的表面都浮了一層淡淡的礦脈紋路
[2m2026-04-01T14:26:29.898566Z[0m [32m INFO[0m [2msingularity_world::server::simulation_loop[0m[2m:[0m 注入事件種子: 樓梯間的菌絲光昨晚特別亮，是琥珀色的
[2m2026-04-01T14:36:29.900232Z[0m [32m INFO[0m [2msingularity_world::server::simulation_loop[0m[2m:[0m 注入事件種子: 打鐵巷最近接了不少單，聽說是採集隊的工具要換新
[2m2026-04-01T14:46:30.399043Z[0m [32m INFO[0m [2msingularity_world::server::simulation_loop[0m[2m:[0m 注入事件種子: 今天空氣裡的膠質味比平常濃，像要變天了
[2m2026-04-01T14:56:30.899138Z[0m [32m INFO[0m [2msingularity_world::server::simulation_loop[0m[2m:[0m 注入事件種子: 電梯間排了好長的隊，聽說中間幾層在做維護
[2m2026-04-01T15:06:30.899552Z[0m [32m INFO[0m [2msingularity_world::server::simulation_loop[0m[2m:[0m 注入事件種子: 採集隊說城外淺層礦脈的礦石開始出現新的玉化紋理
[2m2026-04-01T15:16:30.899780Z[0m [32m INFO[0m [2msingularity_world::server::simulation_loop[0m[2m:[0m 注入事件種子: 有人說聽見了低樓層的結構在微微嗡鳴，像建築在呼吸
[2m2026-04-01T15:26:31.400171Z[0m [32m INFO[0m [2msingularity_world::server::simulation_loop[0m[2m:[0m 注入事件種子: 加了福的肉質蔬果到貨了，今天特別新鮮
[2m2026-04-01T15:36:31.900105Z[0m [32m INFO[0m [2msingularity_world::server::simulation_loop[0m[2m:[0m 注入事件種子: 聽說好事多的批發價又調了，最近物流好像不太順
[2m2026-04-01T15:46:32.399779Z[0m [32m INFO[0m [2msingularity_world::server::simulation_loop[0m[2m:[0m 注入事件種子: 遠處的地脈微光今晚比平常亮一些，淡綠色的
[2m2026-04-01T15:56:32.399515Z[0m [32m INFO[0m [2msingularity_world::server::simulation_loop[0m[2m:[0m 注入事件種子: 有採集隊從城外回來說，霜林靠近城側的那片最近長得特別快
[2m2026-04-01T16:06:32.398943Z[0m [32m INFO[0m [2msingularity_world::server::simulation_loop[0m[2m:[0m 注入事件種子: 今天的游離輻射塵好像比平常多一些，空氣裡有淡淡的粉光
[2m2026-04-01T16:16:32.400726Z[0m [32m INFO[0m [2msingularity_world::server::simulation_loop[0m[2m:[0m 注入事件種子: 走廊的老長凳被根鬚纏得更穩了，坐起來比以前舒服
[2m2026-04-01T16:25:43.060046Z[0m [33m WARN[0m [2msingularity_world::store[0m[2m:[0m [city] 載入失敗 "/home/tanger/Projects/singularity_world/data/cities/32.json": 找不到 burg_id=32 對應的世界房間（editor JSON meta.burg_id）
[2m2026-04-01T16:25:43.068073Z[0m [32m INFO[0m [2mpostgres::connection[0m[2m:[0m NOTICE: extension "vector" already exists, skipping
[2m2026-04-01T16:25:43.068243Z[0m [32m INFO[0m [2mpostgres::connection[0m[2m:[0m NOTICE: relation "auth" already exists, skipping
[2m2026-04-01T16:25:43.068302Z[0m [32m INFO[0m [2mpostgres::connection[0m[2m:[0m NOTICE: relation "event_log" already exists, skipping
[2m2026-04-01T16:25:43.068481Z[0m [32m INFO[0m [2mpostgres::connection[0m[2m:[0m NOTICE: relation "idx_event_log_entity_id" already exists, skipping
[2m2026-04-01T16:25:43.068541Z[0m [32m INFO[0m [2mpostgres::connection[0m[2m:[0m NOTICE: relation "archival" already exists, skipping
[2m2026-04-01T16:25:43.068601Z[0m [32m INFO[0m [2mpostgres::connection[0m[2m:[0m NOTICE: relation "idx_archival_entity_id" already exists, skipping
[2m2026-04-01T16:25:43.068669Z[0m [32m INFO[0m [2mpostgres::connection[0m[2m:[0m NOTICE: relation "npc_memories" already exists, skipping
[2m2026-04-01T16:25:43.068719Z[0m [32m INFO[0m [2mpostgres::connection[0m[2m:[0m NOTICE: relation "npc_summaries" already exists, skipping
[2m2026-04-01T16:25:43.068763Z[0m [32m INFO[0m [2mpostgres::connection[0m[2m:[0m NOTICE: relation "npc_npc_summaries" already exists, skipping
[2m2026-04-01T16:25:43.068814Z[0m [32m INFO[0m [2mpostgres::connection[0m[2m:[0m NOTICE: relation "npc_threads" already exists, skipping
[2m2026-04-01T16:25:43.068870Z[0m [32m INFO[0m [2mpostgres::connection[0m[2m:[0m NOTICE: relation "npc_dyads" already exists, skipping
[2m2026-04-01T16:25:43.068938Z[0m [32m INFO[0m [2mpostgres::connection[0m[2m:[0m NOTICE: relation "npc_rumors" already exists, skipping
[2m2026-04-01T16:25:43.068989Z[0m [32m INFO[0m [2mpostgres::connection[0m[2m:[0m NOTICE: relation "rooms" already exists, skipping
[2m2026-04-01T16:25:43.069035Z[0m [32m INFO[0m [2mpostgres::connection[0m[2m:[0m NOTICE: relation "exits" already exists, skipping
[2m2026-04-01T16:25:43.069110Z[0m [32m INFO[0m [2mpostgres::connection[0m[2m:[0m NOTICE: relation "entities" already exists, skipping
[2m2026-04-01T16:25:43.069200Z[0m [32m INFO[0m [2mpostgres::connection[0m[2m:[0m NOTICE: column "current_activity" of relation "entities" already exists, skipping
[2m2026-04-01T16:25:43.069632Z[0m [32m INFO[0m [2mpostgres::connection[0m[2m:[0m NOTICE: relation "entity_rooms" already exists, skipping
[2m2026-04-01T16:25:43.069681Z[0m [32m INFO[0m [2mpostgres::connection[0m[2m:[0m NOTICE: relation "venues" already exists, skipping
[2m2026-04-01T16:25:43.069728Z[0m [32m INFO[0m [2mpostgres::connection[0m[2m:[0m NOTICE: relation "assignments" already exists, skipping
[2m2026-04-01T16:25:43.069790Z[0m [32m INFO[0m [2mpostgres::connection[0m[2m:[0m NOTICE: relation "idx_assignments_venue" already exists, skipping
[2m2026-04-01T16:25:43.069837Z[0m [32m INFO[0m [2mpostgres::connection[0m[2m:[0m NOTICE: relation "schedules" already exists, skipping
[2m2026-04-01T16:25:43.069940Z[0m [32m INFO[0m [2mpostgres::connection[0m[2m:[0m NOTICE: relation "items" already exists, skipping
[2m2026-04-01T16:25:43.070019Z[0m [32m INFO[0m [2mpostgres::connection[0m[2m:[0m NOTICE: column "vit_bonus" of relation "items" already exists, skipping
[2m2026-04-01T16:25:43.070420Z[0m [32m INFO[0m [2mpostgres::connection[0m[2m:[0m NOTICE: column "dex_bonus" of relation "items" already exists, skipping
[2m2026-04-01T16:25:43.070781Z[0m [32m INFO[0m [2mpostgres::connection[0m[2m:[0m NOTICE: column "atk_bonus" of relation "items" already exists, skipping
[2m2026-04-01T16:25:43.071160Z[0m [32m INFO[0m [2mpostgres::connection[0m[2m:[0m NOTICE: relation "world_lexicon" already exists, skipping
[2m2026-04-01T16:25:43.071208Z[0m [32m INFO[0m [2mpostgres::connection[0m[2m:[0m NOTICE: relation "word_element_embeddings" already exists, skipping
[2m2026-04-01T16:25:43.071215Z[0m [32m INFO[0m [2msingularity_world::store[0m[2m:[0m [store] PostgreSQL 連線池已初始化: postgres://postgres:singularity@localhost:5432/singularity
[2m2026-04-01T16:25:43.071575Z[0m [32m INFO[0m [2msingularity_world::store[0m[2m:[0m [store] Loaded 1 entities from PostgreSQL
[2m2026-04-01T16:25:43.071664Z[0m [32m INFO[0m [2msingularity_world::store[0m[2m:[0m [store] Loaded 1 entity_rooms from PostgreSQL
[2m2026-04-01T16:25:43.072004Z[0m [32m INFO[0m [2msingularity_world::store[0m[2m:[0m [store] Loaded 1 venues from PostgreSQL
[2m2026-04-01T16:25:43.072119Z[0m [32m INFO[0m [2msingularity_world::store[0m[2m:[0m [store] Loaded 10 items from PostgreSQL
[2m2026-04-01T16:25:43.072275Z[0m [32m INFO[0m [2msingularity_world::store[0m[2m:[0m [store] 資料從 PostgreSQL 載入（主資料源）
[2m2026-04-01T16:25:43.072602Z[0m [32m INFO[0m [2msingularity_world::store[0m[2m:[0m [store] 載入完成: 0 rooms, 0 entity_room, 1 venues, 0 assignments, 0 schedules, 1 entities, 10 items, 0 threads, 0 dyads, 195 rumors
[2m2026-04-01T16:25:43.072659Z[0m [32m INFO[0m [2msingularity_world::store[0m[2m:[0m [store] 0 個房間已同步至 PostgreSQL
[2m2026-04-01T16:25:43.072713Z[0m [32m INFO[0m [2mnpc_behavior[0m[2m:[0m loaded 18 roles from /home/tanger/Projects/singularity_world/data/npc_behaviors.json
[2m2026-04-01T16:25:43.072718Z[0m [32m INFO[0m [2mpathfind[0m[2m:[0m graph synced from store: 0 rooms, 0 directed edges
[2m2026-04-01T16:25:43.072730Z[0m [32m INFO[0m [2msingularity_world::server::hex_editor[0m[2m:[0m hex_editor: 載入 0 格
[2m2026-04-01T16:25:43.072845Z[0m [32m INFO[0m [2msingularity_world::server::run[0m[2m:[0m Rust server listening on http://0.0.0.0:1721 (WebSocket /ws)
[2m2026-04-01T16:25:43.079328Z[0m [32m INFO[0m [2msingularity_world::server::simulation_loop[0m[2m:[0m 注入事件種子: 聽說好事多的批發價又調了，最近物流好像不太順
[2m2026-04-01T16:35:43.577904Z[0m [32m INFO[0m [2msingularity_world::server::simulation_loop[0m[2m:[0m 注入事件種子: 電梯間排了好長的隊，聽說中間幾層在做維護
[2m2026-04-01T16:45:43.578464Z[0m [32m INFO[0m [2msingularity_world::server::simulation_loop[0m[2m:[0m 注入事件種子: 十六樓的某面牆突然長出了一小片琉璃化的結晶，很漂亮
[2m2026-04-01T16:51:41.087777Z[0m [33m WARN[0m [2msingularity_world::store[0m[2m:[0m [city] 載入失敗 "/home/tanger/Projects/singularity_world/data/cities/32.json": 找不到 burg_id=32 對應的世界房間（editor JSON meta.burg_id）
[2m2026-04-01T16:51:41.095843Z[0m [32m INFO[0m [2mpostgres::connection[0m[2m:[0m NOTICE: extension "vector" already exists, skipping
[2m2026-04-01T16:51:41.096028Z[0m [32m INFO[0m [2mpostgres::connection[0m[2m:[0m NOTICE: relation "auth" already exists, skipping
[2m2026-04-01T16:51:41.096159Z[0m [32m INFO[0m [2mpostgres::connection[0m[2m:[0m NOTICE: relation "event_log" already exists, skipping
[2m2026-04-01T16:51:41.096391Z[0m [32m INFO[0m [2mpostgres::connection[0m[2m:[0m NOTICE: relation "idx_event_log_entity_id" already exists, skipping
[2m2026-04-01T16:51:41.096467Z[0m [32m INFO[0m [2mpostgres::connection[0m[2m:[0m NOTICE: relation "archival" already exists, skipping
[2m2026-04-01T16:51:41.096573Z[0m [32m INFO[0m [2mpostgres::connection[0m[2m:[0m NOTICE: relation "idx_archival_entity_id" already exists, skipping
[2m2026-04-01T16:51:41.096643Z[0m [32m INFO[0m [2mpostgres::connection[0m[2m:[0m NOTICE: relation "npc_memories" already exists, skipping
[2m2026-04-01T16:51:41.096693Z[0m [32m INFO[0m [2mpostgres::connection[0m[2m:[0m NOTICE: relation "npc_summaries" already exists, skipping
[2m2026-04-01T16:51:41.096739Z[0m [32m INFO[0m [2mpostgres::connection[0m[2m:[0m NOTICE: relation "npc_npc_summaries" already exists, skipping
[2m2026-04-01T16:51:41.096793Z[0m [32m INFO[0m [2mpostgres::connection[0m[2m:[0m NOTICE: relation "npc_threads" already exists, skipping
[2m2026-04-01T16:51:41.096845Z[0m [32m INFO[0m [2mpostgres::connection[0m[2m:[0m NOTICE: relation "npc_dyads" already exists, skipping
[2m2026-04-01T16:51:41.096912Z[0m [32m INFO[0m [2mpostgres::connection[0m[2m:[0m NOTICE: relation "npc_rumors" already exists, skipping
[2m2026-04-01T16:51:41.096964Z[0m [32m INFO[0m [2mpostgres::connection[0m[2m:[0m NOTICE: relation "rooms" already exists, skipping
[2m2026-04-01T16:51:41.097011Z[0m [32m INFO[0m [2mpostgres::connection[0m[2m:[0m NOTICE: relation "exits" already exists, skipping
[2m2026-04-01T16:51:41.097095Z[0m [32m INFO[0m [2mpostgres::connection[0m[2m:[0m NOTICE: relation "entities" already exists, skipping
[2m2026-04-01T16:51:41.097196Z[0m [32m INFO[0m [2mpostgres::connection[0m[2m:[0m NOTICE: column "current_activity" of relation "entities" already exists, skipping
[2m2026-04-01T16:51:41.107024Z[0m [32m INFO[0m [2mpostgres::connection[0m[2m:[0m NOTICE: relation "entity_rooms" already exists, skipping
[2m2026-04-01T16:51:41.107109Z[0m [32m INFO[0m [2mpostgres::connection[0m[2m:[0m NOTICE: relation "venues" already exists, skipping
[2m2026-04-01T16:51:41.107164Z[0m [32m INFO[0m [2mpostgres::connection[0m[2m:[0m NOTICE: relation "assignments" already exists, skipping
[2m2026-04-01T16:51:41.107272Z[0m [32m INFO[0m [2mpostgres::connection[0m[2m:[0m NOTICE: relation "idx_assignments_venue" already exists, skipping
[2m2026-04-01T16:51:41.107325Z[0m [32m INFO[0m [2mpostgres::connection[0m[2m:[0m NOTICE: relation "schedules" already exists, skipping
[2m2026-04-01T16:51:41.107393Z[0m [32m INFO[0m [2mpostgres::connection[0m[2m:[0m NOTICE: relation "items" already exists, skipping
[2m2026-04-01T16:51:41.107467Z[0m [32m INFO[0m [2mpostgres::connection[0m[2m:[0m NOTICE: column "vit_bonus" of relation "items" already exists, skipping
[2m2026-04-01T16:51:41.107909Z[0m [32m INFO[0m [2mpostgres::connection[0m[2m:[0m NOTICE: column "dex_bonus" of relation "items" already exists, skipping
[2m2026-04-01T16:51:41.108282Z[0m [32m INFO[0m [2mpostgres::connection[0m[2m:[0m NOTICE: column "atk_bonus" of relation "items" already exists, skipping
[2m2026-04-01T16:51:41.108666Z[0m [32m INFO[0m [2mpostgres::connection[0m[2m:[0m NOTICE: relation "world_lexicon" already exists, skipping
[2m2026-04-01T16:51:41.108717Z[0m [32m INFO[0m [2mpostgres::connection[0m[2m:[0m NOTICE: relation "word_element_embeddings" already exists, skipping
[2m2026-04-01T16:51:41.108725Z[0m [32m INFO[0m [2msingularity_world::store[0m[2m:[0m [store] PostgreSQL 連線池已初始化: postgres://postgres:singularity@localhost:5432/singularity
[2m2026-04-01T16:51:41.109303Z[0m [32m INFO[0m [2msingularity_world::store[0m[2m:[0m [store] Loaded 1 entities from PostgreSQL
[2m2026-04-01T16:51:41.109469Z[0m [32m INFO[0m [2msingularity_world::store[0m[2m:[0m [store] Loaded 1 entity_rooms from PostgreSQL
[2m2026-04-01T16:51:41.109767Z[0m [32m INFO[0m [2msingularity_world::store[0m[2m:[0m [store] Loaded 1 venues from PostgreSQL
[2m2026-04-01T16:51:41.109997Z[0m [32m INFO[0m [2msingularity_world::store[0m[2m:[0m [store] Loaded 10 items from PostgreSQL
[2m2026-04-01T16:51:41.110251Z[0m [32m INFO[0m [2msingularity_world::store[0m[2m:[0m [store] 資料從 PostgreSQL 載入（主資料源）
[2m2026-04-01T16:51:41.110776Z[0m [32m INFO[0m [2msingularity_world::store[0m[2m:[0m [store] 載入完成: 0 rooms, 0 entity_room, 1 venues, 0 assignments, 0 schedules, 1 entities, 10 items, 0 threads, 0 dyads, 198 rumors
[2m2026-04-01T16:51:41.110884Z[0m [32m INFO[0m [2msingularity_world::store[0m[2m:[0m [store] 0 個房間已同步至 PostgreSQL
[2m2026-04-01T16:51:41.110961Z[0m [32m INFO[0m [2mnpc_behavior[0m[2m:[0m loaded 18 roles from /home/tanger/Projects/singularity_world/data/npc_behaviors.json
[2m2026-04-01T16:51:41.110967Z[0m [32m INFO[0m [2mpathfind[0m[2m:[0m graph synced from store: 0 rooms, 0 directed edges
[2m2026-04-01T16:51:41.110977Z[0m [32m INFO[0m [2msingularity_world::server::hex_editor[0m[2m:[0m hex_editor: 載入 0 格
[2m2026-04-01T16:51:41.111091Z[0m [32m INFO[0m [2msingularity_world::server::run[0m[2m:[0m Rust server listening on http://0.0.0.0:1721 (WebSocket /ws)
[2m2026-04-01T16:51:41.117938Z[0m [32m INFO[0m [2msingularity_world::server::simulation_loop[0m[2m:[0m 注入事件種子: 加了福的肉質蔬果到貨了，今天特別新鮮
[2m2026-04-01T16:55:48.504498Z[0m [33m WARN[0m [2msingularity_world::store[0m[2m:[0m [city] 載入失敗 "/home/tanger/Projects/singularity_world/data/cities/32.json": 找不到 burg_id=32 對應的世界房間（editor JSON meta.burg_id）
[2m2026-04-01T16:55:48.512620Z[0m [32m INFO[0m [2mpostgres::connection[0m[2m:[0m NOTICE: extension "vector" already exists, skipping
[2m2026-04-01T16:55:48.512801Z[0m [32m INFO[0m [2mpostgres::connection[0m[2m:[0m NOTICE: relation "auth" already exists, skipping
[2m2026-04-01T16:55:48.512869Z[0m [32m INFO[0m [2mpostgres::connection[0m[2m:[0m NOTICE: relation "event_log" already exists, skipping
[2m2026-04-01T16:55:48.513057Z[0m [32m INFO[0m [2mpostgres::connection[0m[2m:[0m NOTICE: relation "idx_event_log_entity_id" already exists, skipping
[2m2026-04-01T16:55:48.513118Z[0m [32m INFO[0m [2mpostgres::connection[0m[2m:[0m NOTICE: relation "archival" already exists, skipping
[2m2026-04-01T16:55:48.513185Z[0m [32m INFO[0m [2mpostgres::connection[0m[2m:[0m NOTICE: relation "idx_archival_entity_id" already exists, skipping
[2m2026-04-01T16:55:48.513255Z[0m [32m INFO[0m [2mpostgres::connection[0m[2m:[0m NOTICE: relation "npc_memories" already exists, skipping
[2m2026-04-01T16:55:48.513301Z[0m [32m INFO[0m [2mpostgres::connection[0m[2m:[0m NOTICE: relation "npc_summaries" already exists, skipping
[2m2026-04-01T16:55:48.513345Z[0m [32m INFO[0m [2mpostgres::connection[0m[2m:[0m NOTICE: relation "npc_npc_summaries" already exists, skipping
[2m2026-04-01T16:55:48.513396Z[0m [32m INFO[0m [2mpostgres::connection[0m[2m:[0m NOTICE: relation "npc_threads" already exists, skipping
[2m2026-04-01T16:55:48.513446Z[0m [32m INFO[0m [2mpostgres::connection[0m[2m:[0m NOTICE: relation "npc_dyads" already exists, skipping
[2m2026-04-01T16:55:48.513504Z[0m [32m INFO[0m [2mpostgres::connection[0m[2m:[0m NOTICE: relation "npc_rumors" already exists, skipping
[2m2026-04-01T16:55:48.513554Z[0m [32m INFO[0m [2mpostgres::connection[0m[2m:[0m NOTICE: relation "rooms" already exists, skipping
[2m2026-04-01T16:55:48.513601Z[0m [32m INFO[0m [2mpostgres::connection[0m[2m:[0m NOTICE: relation "exits" already exists, skipping
[2m2026-04-01T16:55:48.513677Z[0m [32m INFO[0m [2mpostgres::connection[0m[2m:[0m NOTICE: relation "entities" already exists, skipping
[2m2026-04-01T16:55:48.513771Z[0m [32m INFO[0m [2mpostgres::connection[0m[2m:[0m NOTICE: column "current_activity" of relation "entities" already exists, skipping
[2m2026-04-01T16:55:48.514221Z[0m [32m INFO[0m [2mpostgres::connection[0m[2m:[0m NOTICE: relation "entity_rooms" already exists, skipping
[2m2026-04-01T16:55:48.514271Z[0m [32m INFO[0m [2mpostgres::connection[0m[2m:[0m NOTICE: relation "venues" already exists, skipping
[2m2026-04-01T16:55:48.514314Z[0m [32m INFO[0m [2mpostgres::connection[0m[2m:[0m NOTICE: relation "assignments" already exists, skipping
[2m2026-04-01T16:55:48.514375Z[0m [32m INFO[0m [2mpostgres::connection[0m[2m:[0m NOTICE: relation "idx_assignments_venue" already exists, skipping
[2m2026-04-01T16:55:48.514418Z[0m [32m INFO[0m [2mpostgres::connection[0m[2m:[0m NOTICE: relation "schedules" already exists, skipping
[2m2026-04-01T16:55:48.514467Z[0m [32m INFO[0m [2mpostgres::connection[0m[2m:[0m NOTICE: relation "items" already exists, skipping
[2m2026-04-01T16:55:48.514528Z[0m [32m INFO[0m [2mpostgres::connection[0m[2m:[0m NOTICE: column "vit_bonus" of relation "items" already exists, skipping
[2m2026-04-01T16:55:48.514914Z[0m [32m INFO[0m [2mpostgres::connection[0m[2m:[0m NOTICE: column "dex_bonus" of relation "items" already exists, skipping
[2m2026-04-01T16:55:48.515275Z[0m [32m INFO[0m [2mpostgres::connection[0m[2m:[0m NOTICE: column "atk_bonus" of relation "items" already exists, skipping
[2m2026-04-01T16:55:48.515642Z[0m [32m INFO[0m [2mpostgres::connection[0m[2m:[0m NOTICE: relation "world_lexicon" already exists, skipping
[2m2026-04-01T16:55:48.515686Z[0m [32m INFO[0m [2mpostgres::connection[0m[2m:[0m NOTICE: relation "word_element_embeddings" already exists, skipping
[2m2026-04-01T16:55:48.515693Z[0m [32m INFO[0m [2msingularity_world::store[0m[2m:[0m [store] PostgreSQL 連線池已初始化: postgres://postgres:singularity@localhost:5432/singularity
[2m2026-04-01T16:55:48.516086Z[0m [32m INFO[0m [2msingularity_world::store[0m[2m:[0m [store] Loaded 1 entities from PostgreSQL
[2m2026-04-01T16:55:48.516161Z[0m [32m INFO[0m [2msingularity_world::store[0m[2m:[0m [store] Loaded 1 entity_rooms from PostgreSQL
[2m2026-04-01T16:55:48.516364Z[0m [32m INFO[0m [2msingularity_world::store[0m[2m:[0m [store] Loaded 1 venues from PostgreSQL
[2m2026-04-01T16:55:48.516538Z[0m [32m INFO[0m [2msingularity_world::store[0m[2m:[0m [store] Loaded 10 items from PostgreSQL
[2m2026-04-01T16:55:48.516776Z[0m [32m INFO[0m [2msingularity_world::store[0m[2m:[0m [store] 資料從 PostgreSQL 載入（主資料源）
[2m2026-04-01T16:55:48.517158Z[0m [32m INFO[0m [2msingularity_world::store[0m[2m:[0m [store] 載入完成: 0 rooms, 0 entity_room, 1 venues, 0 assignments, 0 schedules, 1 entities, 10 items, 0 threads, 0 dyads, 199 rumors
[2m2026-04-01T16:55:48.517233Z[0m [32m INFO[0m [2msingularity_world::store[0m[2m:[0m [store] 0 個房間已同步至 PostgreSQL
[2m2026-04-01T16:55:48.517313Z[0m [32m INFO[0m [2mnpc_behavior[0m[2m:[0m loaded 18 roles from /home/tanger/Projects/singularity_world/data/npc_behaviors.json
[2m2026-04-01T16:55:48.517322Z[0m [32m INFO[0m [2mpathfind[0m[2m:[0m graph synced from store: 0 rooms, 0 directed edges
[2m2026-04-01T16:55:48.517335Z[0m [32m INFO[0m [2msingularity_world::server::hex_editor[0m[2m:[0m hex_editor: 載入 0 格
[2m2026-04-01T16:55:48.517477Z[0m [32m INFO[0m [2msingularity_world::server::run[0m[2m:[0m Rust server listening on http://0.0.0.0:1721 (WebSocket /ws)
[2m2026-04-01T16:55:48.525152Z[0m [32m INFO[0m [2msingularity_world::server::simulation_loop[0m[2m:[0m 注入事件種子: 樓梯間的菌絲光昨晚特別亮，是琥珀色的
[2m2026-04-01T17:00:46.367804Z[0m [33m WARN[0m [2msingularity_world::store[0m[2m:[0m [city] 載入失敗 "/home/tanger/Projects/singularity_world/data/cities/32.json": 找不到 burg_id=32 對應的世界房間（editor JSON meta.burg_id）
[2m2026-04-01T17:00:46.375518Z[0m [32m INFO[0m [2mpostgres::connection[0m[2m:[0m NOTICE: extension "vector" already exists, skipping
[2m2026-04-01T17:00:46.375639Z[0m [32m INFO[0m [2mpostgres::connection[0m[2m:[0m NOTICE: relation "auth" already exists, skipping
[2m2026-04-01T17:00:46.375695Z[0m [32m INFO[0m [2mpostgres::connection[0m[2m:[0m NOTICE: relation "event_log" already exists, skipping
[2m2026-04-01T17:00:46.375864Z[0m [32m INFO[0m [2mpostgres::connection[0m[2m:[0m NOTICE: relation "idx_event_log_entity_id" already exists, skipping
[2m2026-04-01T17:00:46.375927Z[0m [32m INFO[0m [2mpostgres::connection[0m[2m:[0m NOTICE: relation "archival" already exists, skipping
[2m2026-04-01T17:00:46.375988Z[0m [32m INFO[0m [2mpostgres::connection[0m[2m:[0m NOTICE: relation "idx_archival_entity_id" already exists, skipping
[2m2026-04-01T17:00:46.376038Z[0m [32m INFO[0m [2mpostgres::connection[0m[2m:[0m NOTICE: relation "npc_memories" already exists, skipping
[2m2026-04-01T17:00:46.376082Z[0m [32m INFO[0m [2mpostgres::connection[0m[2m:[0m NOTICE: relation "npc_summaries" already exists, skipping
[2m2026-04-01T17:00:46.376125Z[0m [32m INFO[0m [2mpostgres::connection[0m[2m:[0m NOTICE: relation "npc_npc_summaries" already exists, skipping
[2m2026-04-01T17:00:46.376174Z[0m [32m INFO[0m [2mpostgres::connection[0m[2m:[0m NOTICE: relation "npc_threads" already exists, skipping
[2m2026-04-01T17:00:46.376223Z[0m [32m INFO[0m [2mpostgres::connection[0m[2m:[0m NOTICE: relation "npc_dyads" already exists, skipping
[2m2026-04-01T17:00:46.376279Z[0m [32m INFO[0m [2mpostgres::connection[0m[2m:[0m NOTICE: relation "npc_rumors" already exists, skipping
[2m2026-04-01T17:00:46.376327Z[0m [32m INFO[0m [2mpostgres::connection[0m[2m:[0m NOTICE: relation "rooms" already exists, skipping
[2m2026-04-01T17:00:46.376371Z[0m [32m INFO[0m [2mpostgres::connection[0m[2m:[0m NOTICE: relation "exits" already exists, skipping
[2m2026-04-01T17:00:46.376442Z[0m [32m INFO[0m [2mpostgres::connection[0m[2m:[0m NOTICE: relation "entities" already exists, skipping
[2m2026-04-01T17:00:46.376529Z[0m [32m INFO[0m [2mpostgres::connection[0m[2m:[0m NOTICE: column "current_activity" of relation "entities" already exists, skipping
[2m2026-04-01T17:00:46.376971Z[0m [32m INFO[0m [2mpostgres::connection[0m[2m:[0m NOTICE: relation "entity_rooms" already exists, skipping
[2m2026-04-01T17:00:46.377019Z[0m [32m INFO[0m [2mpostgres::connection[0m[2m:[0m NOTICE: relation "venues" already exists, skipping
[2m2026-04-01T17:00:46.377064Z[0m [32m INFO[0m [2mpostgres::connection[0m[2m:[0m NOTICE: relation "assignments" already exists, skipping
[2m2026-04-01T17:00:46.377132Z[0m [32m INFO[0m [2mpostgres::connection[0m[2m:[0m NOTICE: relation "idx_assignments_venue" already exists, skipping
[2m2026-04-01T17:00:46.377176Z[0m [32m INFO[0m [2mpostgres::connection[0m[2m:[0m NOTICE: relation "schedules" already exists, skipping
[2m2026-04-01T17:00:46.377228Z[0m [32m INFO[0m [2mpostgres::connection[0m[2m:[0m NOTICE: relation "items" already exists, skipping
[2m2026-04-01T17:00:46.377287Z[0m [32m INFO[0m [2mpostgres::connection[0m[2m:[0m NOTICE: column "vit_bonus" of relation "items" already exists, skipping
[2m2026-04-01T17:00:46.377660Z[0m [32m INFO[0m [2mpostgres::connection[0m[2m:[0m NOTICE: column "dex_bonus" of relation "items" already exists, skipping
[2m2026-04-01T17:00:46.378025Z[0m [32m INFO[0m [2mpostgres::connection[0m[2m:[0m NOTICE: column "atk_bonus" of relation "items" already exists, skipping
[2m2026-04-01T17:00:46.378398Z[0m [32m INFO[0m [2mpostgres::connection[0m[2m:[0m NOTICE: relation "world_lexicon" already exists, skipping
[2m2026-04-01T17:00:46.378444Z[0m [32m INFO[0m [2mpostgres::connection[0m[2m:[0m NOTICE: relation "word_element_embeddings" already exists, skipping
[2m2026-04-01T17:00:46.378452Z[0m [32m INFO[0m [2msingularity_world::store[0m[2m:[0m [store] PostgreSQL 連線池已初始化: postgres://postgres:singularity@localhost:5432/singularity
[2m2026-04-01T17:00:46.378816Z[0m [32m INFO[0m [2msingularity_world::store[0m[2m:[0m [store] Loaded 1 entities from PostgreSQL
[2m2026-04-01T17:00:46.378887Z[0m [32m INFO[0m [2msingularity_world::store[0m[2m:[0m [store] Loaded 1 entity_rooms from PostgreSQL
[2m2026-04-01T17:00:46.379100Z[0m [32m INFO[0m [2msingularity_world::store[0m[2m:[0m [store] Loaded 1 venues from PostgreSQL
[2m2026-04-01T17:00:46.379195Z[0m [32m INFO[0m [2msingularity_world::store[0m[2m:[0m [store] Loaded 10 items from PostgreSQL
[2m2026-04-01T17:00:46.379338Z[0m [32m INFO[0m [2msingularity_world::store[0m[2m:[0m [store] 資料從 PostgreSQL 載入（主資料源）
[2m2026-04-01T17:00:46.379660Z[0m [32m INFO[0m [2msingularity_world::store[0m[2m:[0m [store] 載入完成: 0 rooms, 0 entity_room, 1 venues, 0 assignments, 0 schedules, 1 entities, 10 items, 0 threads, 0 dyads, 200 rumors
[2m2026-04-01T17:00:46.379715Z[0m [32m INFO[0m [2msingularity_world::store[0m[2m:[0m [store] 0 個房間已同步至 PostgreSQL
[2m2026-04-01T17:00:46.379771Z[0m [32m INFO[0m [2mnpc_behavior[0m[2m:[0m loaded 18 roles from /home/tanger/Projects/singularity_world/data/npc_behaviors.json
[2m2026-04-01T17:00:46.379776Z[0m [32m INFO[0m [2mpathfind[0m[2m:[0m graph synced from store: 0 rooms, 0 directed edges
[2m2026-04-01T17:00:46.379786Z[0m [32m INFO[0m [2msingularity_world::server::hex_editor[0m[2m:[0m hex_editor: 載入 0 格
[2m2026-04-01T17:00:46.379898Z[0m [32m INFO[0m [2msingularity_world::server::run[0m[2m:[0m Rust server listening on http://0.0.0.0:1721 (WebSocket /ws)
[2m2026-04-01T17:00:46.387607Z[0m [32m INFO[0m [2msingularity_world::server::simulation_loop[0m[2m:[0m 注入事件種子: 十一樓健身區新添了幾件器材，是用富態化木材做的
[2m2026-04-01T17:04:23.997373Z[0m [33m WARN[0m [2msingularity_world::store[0m[2m:[0m [city] 載入失敗 "/home/tanger/Projects/singularity_world/data/cities/32.json": 找不到 burg_id=32 對應的世界房間（editor JSON meta.burg_id）
[2m2026-04-01T17:04:24.005127Z[0m [32m INFO[0m [2mpostgres::connection[0m[2m:[0m NOTICE: extension "vector" already exists, skipping
[2m2026-04-01T17:04:24.005265Z[0m [32m INFO[0m [2mpostgres::connection[0m[2m:[0m NOTICE: relation "auth" already exists, skipping
[2m2026-04-01T17:04:24.005338Z[0m [32m INFO[0m [2mpostgres::connection[0m[2m:[0m NOTICE: relation "event_log" already exists, skipping
[2m2026-04-01T17:04:24.005504Z[0m [32m INFO[0m [2mpostgres::connection[0m[2m:[0m NOTICE: relation "idx_event_log_entity_id" already exists, skipping
[2m2026-04-01T17:04:24.005561Z[0m [32m INFO[0m [2mpostgres::connection[0m[2m:[0m NOTICE: relation "archival" already exists, skipping
[2m2026-04-01T17:04:24.005631Z[0m [32m INFO[0m [2mpostgres::connection[0m[2m:[0m NOTICE: relation "idx_archival_entity_id" already exists, skipping
[2m2026-04-01T17:04:24.005682Z[0m [32m INFO[0m [2mpostgres::connection[0m[2m:[0m NOTICE: relation "npc_memories" already exists, skipping
[2m2026-04-01T17:04:24.005724Z[0m [32m INFO[0m [2mpostgres::connection[0m[2m:[0m NOTICE: relation "npc_summaries" already exists, skipping
[2m2026-04-01T17:04:24.005763Z[0m [32m INFO[0m [2mpostgres::connection[0m[2m:[0m NOTICE: relation "npc_npc_summaries" already exists, skipping
[2m2026-04-01T17:04:24.005808Z[0m [32m INFO[0m [2mpostgres::connection[0m[2m:[0m NOTICE: relation "npc_threads" already exists, skipping
[2m2026-04-01T17:04:24.005856Z[0m [32m INFO[0m [2mpostgres::connection[0m[2m:[0m NOTICE: relation "npc_dyads" already exists, skipping
[2m2026-04-01T17:04:24.005913Z[0m [32m INFO[0m [2mpostgres::connection[0m[2m:[0m NOTICE: relation "npc_rumors" already exists, skipping
[2m2026-04-01T17:04:24.005959Z[0m [32m INFO[0m [2mpostgres::connection[0m[2m:[0m NOTICE: relation "rooms" already exists, skipping
[2m2026-04-01T17:04:24.006010Z[0m [32m INFO[0m [2mpostgres::connection[0m[2m:[0m NOTICE: relation "exits" already exists, skipping
[2m2026-04-01T17:04:24.006116Z[0m [32m INFO[0m [2mpostgres::connection[0m[2m:[0m NOTICE: relation "entities" already exists, skipping
[2m2026-04-01T17:04:24.006259Z[0m [32m INFO[0m [2mpostgres::connection[0m[2m:[0m NOTICE: column "current_activity" of relation "entities" already exists, skipping
[2m2026-04-01T17:04:24.006703Z[0m [32m INFO[0m [2mpostgres::connection[0m[2m:[0m NOTICE: relation "entity_rooms" already exists, skipping
[2m2026-04-01T17:04:24.006751Z[0m [32m INFO[0m [2mpostgres::connection[0m[2m:[0m NOTICE: relation "venues" already exists, skipping
[2m2026-04-01T17:04:24.006794Z[0m [32m INFO[0m [2mpostgres::connection[0m[2m:[0m NOTICE: relation "assignments" already exists, skipping
[2m2026-04-01T17:04:24.006866Z[0m [32m INFO[0m [2mpostgres::connection[0m[2m:[0m NOTICE: relation "idx_assignments_venue" already exists, skipping
[2m2026-04-01T17:04:24.006911Z[0m [32m INFO[0m [2mpostgres::connection[0m[2m:[0m NOTICE: relation "schedules" already exists, skipping
[2m2026-04-01T17:04:24.006960Z[0m [32m INFO[0m [2mpostgres::connection[0m[2m:[0m NOTICE: relation "items" already exists, skipping
[2m2026-04-01T17:04:24.007020Z[0m [32m INFO[0m [2mpostgres::connection[0m[2m:[0m NOTICE: column "vit_bonus" of relation "items" already exists, skipping
[2m2026-04-01T17:04:24.007410Z[0m [32m INFO[0m [2mpostgres::connection[0m[2m:[0m NOTICE: column "dex_bonus" of relation "items" already exists, skipping
[2m2026-04-01T17:04:24.007788Z[0m [32m INFO[0m [2mpostgres::connection[0m[2m:[0m NOTICE: column "atk_bonus" of relation "items" already exists, skipping
[2m2026-04-01T17:04:24.008215Z[0m [32m INFO[0m [2mpostgres::connection[0m[2m:[0m NOTICE: relation "world_lexicon" already exists, skipping
[2m2026-04-01T17:04:24.008269Z[0m [32m INFO[0m [2mpostgres::connection[0m[2m:[0m NOTICE: relation "word_element_embeddings" already exists, skipping
[2m2026-04-01T17:04:24.008278Z[0m [32m INFO[0m [2msingularity_world::store[0m[2m:[0m [store] PostgreSQL 連線池已初始化: postgres://postgres:singularity@localhost:5432/singularity
[2m2026-04-01T17:04:24.008654Z[0m [32m INFO[0m [2msingularity_world::store[0m[2m:[0m [store] Loaded 1 entities from PostgreSQL
[2m2026-04-01T17:04:24.008735Z[0m [32m INFO[0m [2msingularity_world::store[0m[2m:[0m [store] Loaded 1 entity_rooms from PostgreSQL
[2m2026-04-01T17:04:24.008951Z[0m [32m INFO[0m [2msingularity_world::store[0m[2m:[0m [store] Loaded 1 venues from PostgreSQL
[2m2026-04-01T17:04:24.009052Z[0m [32m INFO[0m [2msingularity_world::store[0m[2m:[0m [store] Loaded 10 items from PostgreSQL
[2m2026-04-01T17:04:24.009213Z[0m [32m INFO[0m [2msingularity_world::store[0m[2m:[0m [store] 資料從 PostgreSQL 載入（主資料源）
[2m2026-04-01T17:04:24.009547Z[0m [32m INFO[0m [2msingularity_world::store[0m[2m:[0m [store] 載入完成: 0 rooms, 0 entity_room, 1 venues, 0 assignments, 0 schedules, 1 entities, 10 items, 0 threads, 0 dyads, 201 rumors
[2m2026-04-01T17:04:24.009605Z[0m [32m INFO[0m [2msingularity_world::store[0m[2m:[0m [store] 0 個房間已同步至 PostgreSQL
[2m2026-04-01T17:04:24.009660Z[0m [32m INFO[0m [2mnpc_behavior[0m[2m:[0m loaded 18 roles from /home/tanger/Projects/singularity_world/data/npc_behaviors.json
[2m2026-04-01T17:04:24.009667Z[0m [32m INFO[0m [2mpathfind[0m[2m:[0m graph synced from store: 0 rooms, 0 directed edges
[2m2026-04-01T17:04:24.009675Z[0m [32m INFO[0m [2msingularity_world::server::hex_editor[0m[2m:[0m hex_editor: 載入 0 格
[2m2026-04-01T17:04:24.009777Z[0m [32m INFO[0m [2msingularity_world::server::run[0m[2m:[0m Rust server listening on http://0.0.0.0:1721 (WebSocket /ws)
[2m2026-04-01T17:04:24.018496Z[0m [32m INFO[0m [2msingularity_world::server::simulation_loop[0m[2m:[0m 注入事件種子: 五樓那戶陽台的根鬚盤得更緊了，看著倒是挺穩的
[2m2026-04-01T17:14:24.515677Z[0m [32m INFO[0m [2msingularity_world::server::simulation_loop[0m[2m:[0m 注入事件種子: 有人說聽見了低樓層的結構在微微嗡鳴，像建築在呼吸
[2m2026-04-01T17:24:25.015525Z[0m [32m INFO[0m [2msingularity_world::server::simulation_loop[0m[2m:[0m 注入事件種子: 今早走廊牆縫裡的玉質脈絡又長了一截，紋路很好看
[2m2026-04-01T17:34:25.015761Z[0m [32m INFO[0m [2msingularity_world::server::simulation_loop[0m[2m:[0m 注入事件種子: 電梯間排了好長的隊，聽說中間幾層在做維護
[2m2026-04-01T17:44:25.515597Z[0m [32m INFO[0m [2msingularity_world::server::simulation_loop[0m[2m:[0m 注入事件種子: 凌晨在窗邊能看到遠處地脈的微光隱約在脈動，像心跳一樣
[2m2026-04-01T17:54:26.026221Z[0m [32m INFO[0m [2msingularity_world::server::simulation_loop[0m[2m:[0m 注入事件種子: 最近幾天金屬器具的表面都浮了一層淡淡的礦脈紋路
[2m2026-04-01T18:04:26.515428Z[0m [32m INFO[0m [2msingularity_world::server::simulation_loop[0m[2m:[0m 注入事件種子: 十六樓的某面牆突然長出了一小片琉璃化的結晶，很漂亮
[2m2026-04-01T18:14:26.516465Z[0m [32m INFO[0m [2msingularity_world::server::simulation_loop[0m[2m:[0m 注入事件種子: 聽說好事多的批發價又調了，最近物流好像不太順
[2m2026-04-01T18:24:27.024755Z[0m [32m INFO[0m [2msingularity_world::server::simulation_loop[0m[2m:[0m 注入事件種子: 樓頂的蓄水設施今天開始例行清洗，水量可能會少一會兒
[2m2026-04-01T18:34:27.015175Z[0m [32m INFO[0m [2msingularity_world::server::simulation_loop[0m[2m:[0m 注入事件種子: 市集今天來了一批品相很好的玉質木材，攤販搶著進貨
[2m2026-04-01T18:44:27.016133Z[0m [32m INFO[0m [2msingularity_world::server::simulation_loop[0m[2m:[0m 注入事件種子: 今天空氣裡的膠質味比平常濃，像要變天了
[2m2026-04-01T18:54:27.515126Z[0m [32m INFO[0m [2msingularity_world::server::simulation_loop[0m[2m:[0m 注入事件種子: 有住戶搬家了，留下的房間牆上全是根鬚攀痕，挺有意思的
[2m2026-04-01T19:04:27.516132Z[0m [32m INFO[0m [2msingularity_world::server::simulation_loop[0m[2m:[0m 注入事件種子: 採集隊說城外淺層礦脈的礦石開始出現新的玉化紋理
[2m2026-04-01T19:14:28.015712Z[0m [32m INFO[0m [2msingularity_world::server::simulation_loop[0m[2m:[0m 注入事件種子: 有採集隊從城外回來說，霜林靠近城側的那片最近長得特別快
[2m2026-04-01T19:24:28.015481Z[0m [32m INFO[0m [2msingularity_world::server::simulation_loop[0m[2m:[0m 注入事件種子: 有住戶說家裡石板縫長出了新的發光菌絲，紫綠色的
[2m2026-04-01T19:34:28.015732Z[0m [32m INFO[0m [2msingularity_world::server::simulation_loop[0m[2m:[0m 注入事件種子: 昨晚牆面的玉質脈絡突然閃了一下暗紫色的光，只持續了幾秒
[2m2026-04-01T19:44:28.017657Z[0m [32m INFO[0m [2msingularity_world::server::simulation_loop[0m[2m:[0m 注入事件種子: 有人從低樓層看到遠處林冠線在晃動，可能是大型生物經過
[2m2026-04-01T19:54:28.515354Z[0m [32m INFO[0m [2msingularity_world::server::simulation_loop[0m[2m:[0m 注入事件種子: 十一樓健身區新添了幾件器材，是用富態化木材做的
[2m2026-04-01T20:04:29.015312Z[0m [32m INFO[0m [2msingularity_world::server::simulation_loop[0m[2m:[0m 注入事件種子: 樓梯間的菌絲光昨晚特別亮，是琥珀色的
[2m2026-04-01T20:14:29.015456Z[0m [32m INFO[0m [2msingularity_world::server::simulation_loop[0m[2m:[0m 注入事件種子: 遠處的地脈微光今晚比平常亮一些，淡綠色的
[2m2026-04-01T20:24:29.015149Z[0m [32m INFO[0m [2msingularity_world::server::simulation_loop[0m[2m:[0m 注入事件種子: 加了福的肉質蔬果到貨了，今天特別新鮮
[2m2026-04-01T20:34:29.514799Z[0m [32m INFO[0m [2msingularity_world::server::simulation_loop[0m[2m:[0m 注入事件種子: 城外商路上的指引石被增生物覆蓋了一半，有隊伍去清理了
[2m2026-04-01T20:44:30.014487Z[0m [32m INFO[0m [2msingularity_world::server::simulation_loop[0m[2m:[0m 注入事件種子: 今天的游離輻射塵好像比平常多一些，空氣裡有淡淡的粉光
[2m2026-04-01T20:54:30.015315Z[0m [32m INFO[0m [2msingularity_world::server::simulation_loop[0m[2m:[0m 注入事件種子: 藥材價格穩著，但品種比上個月少了幾樣
[2m2026-04-01T21:04:30.515856Z[0m [32m INFO[0m [2msingularity_world::server::simulation_loop[0m[2m:[0m 注入事件種子: 三樓醫療區最近比較忙，好像是採集隊回城的季節
[2m2026-04-01T21:14:31.015846Z[0m [32m INFO[0m [2msingularity_world::server::simulation_loop[0m[2m:[0m 注入事件種子: 走廊的老長凳被根鬚纏得更穩了，坐起來比以前舒服
[2m2026-04-01T21:24:31.514843Z[0m [32m INFO[0m [2msingularity_world::server::simulation_loop[0m[2m:[0m 注入事件種子: 十六樓商區的地面接縫處冒出了細細的礦脈紋路
[2m2026-04-01T21:34:31.515776Z[0m [32m INFO[0m [2msingularity_world::server::simulation_loop[0m[2m:[0m 注入事件種子: 有人在樓下收購琉璃化的礦石碎片，出手很闊綽
[2m2026-04-01T21:44:32.015269Z[0m [32m INFO[0m [2msingularity_world::server::simulation_loop[0m[2m:[0m 注入事件種子: 聽回來的人講，城外的肉質籐蔓又往路邊多蔓了一些
[2m2026-04-01T21:54:32.015797Z[0m [32m INFO[0m [2msingularity_world::server::simulation_loop[0m[2m:[0m 注入事件種子: 打鐵巷最近接了不少單，聽說是採集隊的工具要換新
[2m2026-04-01T22:58:29.947373Z[0m [33m WARN[0m [2msingularity_world::store[0m[2m:[0m [city] 載入失敗 "/home/tanger/Projects/singularity_world/data/cities/32.json": 找不到 burg_id=32 對應的世界房間（editor JSON meta.burg_id）
[2m2026-04-01T22:58:29.954906Z[0m [32m INFO[0m [2mpostgres::connection[0m[2m:[0m NOTICE: extension "vector" already exists, skipping
[2m2026-04-01T22:58:29.955018Z[0m [32m INFO[0m [2mpostgres::connection[0m[2m:[0m NOTICE: relation "auth" already exists, skipping
[2m2026-04-01T22:58:29.955070Z[0m [32m INFO[0m [2mpostgres::connection[0m[2m:[0m NOTICE: relation "event_log" already exists, skipping
[2m2026-04-01T22:58:29.955231Z[0m [32m INFO[0m [2mpostgres::connection[0m[2m:[0m NOTICE: relation "idx_event_log_entity_id" already exists, skipping
[2m2026-04-01T22:58:29.955288Z[0m [32m INFO[0m [2mpostgres::connection[0m[2m:[0m NOTICE: relation "archival" already exists, skipping
[2m2026-04-01T22:58:29.955347Z[0m [32m INFO[0m [2mpostgres::connection[0m[2m:[0m NOTICE: relation "idx_archival_entity_id" already exists, skipping
[2m2026-04-01T22:58:29.955404Z[0m [32m INFO[0m [2mpostgres::connection[0m[2m:[0m NOTICE: relation "npc_memories" already exists, skipping
[2m2026-04-01T22:58:29.955448Z[0m [32m INFO[0m [2mpostgres::connection[0m[2m:[0m NOTICE: relation "npc_summaries" already exists, skipping
[2m2026-04-01T22:58:29.955491Z[0m [32m INFO[0m [2mpostgres::connection[0m[2m:[0m NOTICE: relation "npc_npc_summaries" already exists, skipping
[2m2026-04-01T22:58:29.955540Z[0m [32m INFO[0m [2mpostgres::connection[0m[2m:[0m NOTICE: relation "npc_threads" already exists, skipping
[2m2026-04-01T22:58:29.955588Z[0m [32m INFO[0m [2mpostgres::connection[0m[2m:[0m NOTICE: relation "npc_dyads" already exists, skipping
[2m2026-04-01T22:58:29.955644Z[0m [32m INFO[0m [2mpostgres::connection[0m[2m:[0m NOTICE: relation "npc_rumors" already exists, skipping
[2m2026-04-01T22:58:29.955691Z[0m [32m INFO[0m [2mpostgres::connection[0m[2m:[0m NOTICE: relation "rooms" already exists, skipping
[2m2026-04-01T22:58:29.955734Z[0m [32m INFO[0m [2mpostgres::connection[0m[2m:[0m NOTICE: relation "exits" already exists, skipping
[2m2026-04-01T22:58:29.955807Z[0m [32m INFO[0m [2mpostgres::connection[0m[2m:[0m NOTICE: relation "entities" already exists, skipping
[2m2026-04-01T22:58:29.955902Z[0m [32m INFO[0m [2mpostgres::connection[0m[2m:[0m NOTICE: column "current_activity" of relation "entities" already exists, skipping
[2m2026-04-01T22:58:29.956335Z[0m [32m INFO[0m [2mpostgres::connection[0m[2m:[0m NOTICE: relation "entity_rooms" already exists, skipping
[2m2026-04-01T22:58:29.956431Z[0m [32m INFO[0m [2mpostgres::connection[0m[2m:[0m NOTICE: relation "venues" already exists, skipping
[2m2026-04-01T22:58:29.956500Z[0m [32m INFO[0m [2mpostgres::connection[0m[2m:[0m NOTICE: relation "assignments" already exists, skipping
[2m2026-04-01T22:58:29.956575Z[0m [32m INFO[0m [2mpostgres::connection[0m[2m:[0m NOTICE: relation "idx_assignments_venue" already exists, skipping
[2m2026-04-01T22:58:29.956619Z[0m [32m INFO[0m [2mpostgres::connection[0m[2m:[0m NOTICE: relation "schedules" already exists, skipping
[2m2026-04-01T22:58:29.956668Z[0m [32m INFO[0m [2mpostgres::connection[0m[2m:[0m NOTICE: relation "items" already exists, skipping
[2m2026-04-01T22:58:29.956725Z[0m [32m INFO[0m [2mpostgres::connection[0m[2m:[0m NOTICE: column "vit_bonus" of relation "items" already exists, skipping
[2m2026-04-01T22:58:29.957135Z[0m [32m INFO[0m [2mpostgres::connection[0m[2m:[0m NOTICE: column "dex_bonus" of relation "items" already exists, skipping
[2m2026-04-01T22:58:29.957533Z[0m [32m INFO[0m [2mpostgres::connection[0m[2m:[0m NOTICE: column "atk_bonus" of relation "items" already exists, skipping
[2m2026-04-01T22:58:29.957956Z[0m [32m INFO[0m [2mpostgres::connection[0m[2m:[0m NOTICE: relation "world_lexicon" already exists, skipping
[2m2026-04-01T22:58:29.958026Z[0m [32m INFO[0m [2mpostgres::connection[0m[2m:[0m NOTICE: relation "word_element_embeddings" already exists, skipping
[2m2026-04-01T22:58:29.958044Z[0m [32m INFO[0m [2msingularity_world::store[0m[2m:[0m [store] PostgreSQL 連線池已初始化: postgres://postgres:singularity@localhost:5432/singularity
[2m2026-04-01T22:58:29.958462Z[0m [32m INFO[0m [2msingularity_world::store[0m[2m:[0m [store] Loaded 1 entities from PostgreSQL
[2m2026-04-01T22:58:29.958606Z[0m [32m INFO[0m [2msingularity_world::store[0m[2m:[0m [store] Loaded 1 entity_rooms from PostgreSQL
[2m2026-04-01T22:58:29.958910Z[0m [32m INFO[0m [2msingularity_world::store[0m[2m:[0m [store] Loaded 1 venues from PostgreSQL
[2m2026-04-01T22:58:29.959010Z[0m [32m INFO[0m [2msingularity_world::store[0m[2m:[0m [store] Loaded 10 items from PostgreSQL
[2m2026-04-01T22:58:29.959239Z[0m [32m INFO[0m [2msingularity_world::store[0m[2m:[0m [store] 資料從 PostgreSQL 載入（主資料源）
[2m2026-04-01T22:58:29.959630Z[0m [32m INFO[0m [2msingularity_world::store[0m[2m:[0m [store] 載入完成: 0 rooms, 0 entity_room, 1 venues, 0 assignments, 0 schedules, 1 entities, 10 items, 0 threads, 0 dyads, 233 rumors
[2m2026-04-01T22:58:29.959718Z[0m [32m INFO[0m [2msingularity_world::store[0m[2m:[0m [store] 0 個房間已同步至 PostgreSQL
[2m2026-04-01T22:58:29.959788Z[0m [32m INFO[0m [2mnpc_behavior[0m[2m:[0m loaded 18 roles from /home/tanger/Projects/singularity_world/data/npc_behaviors.json
[2m2026-04-01T22:58:29.959794Z[0m [32m INFO[0m [2mpathfind[0m[2m:[0m graph synced from store: 0 rooms, 0 directed edges
[2m2026-04-01T22:58:29.959803Z[0m [32m INFO[0m [2msingularity_world::server::hex_editor[0m[2m:[0m hex_editor: 載入 0 格
[2m2026-04-01T22:58:29.959929Z[0m [32m INFO[0m [2msingularity_world::server::run[0m[2m:[0m Rust server listening on http://0.0.0.0:1721 (WebSocket /ws)
[2m2026-04-01T22:58:29.961746Z[0m [32m INFO[0m [2msingularity_world::server::simulation_loop[0m[2m:[0m 注入事件種子: 今早走廊牆縫裡的玉質脈絡又長了一截，紋路很好看
[2m2026-04-01T23:08:30.463407Z[0m [32m INFO[0m [2msingularity_world::server::simulation_loop[0m[2m:[0m 注入事件種子: 今天的游離輻射塵好像比平常多一些，空氣裡有淡淡的粉光
[2m2026-04-01T23:18:30.963694Z[0m [32m INFO[0m [2msingularity_world::server::simulation_loop[0m[2m:[0m 注入事件種子: 十一樓健身區新添了幾件器材，是用富態化木材做的
[2m2026-04-01T23:28:31.463262Z[0m [32m INFO[0m [2msingularity_world::server::simulation_loop[0m[2m:[0m 注入事件種子: 電梯間排了好長的隊，聽說中間幾層在做維護
[2m2026-04-01T23:38:31.464681Z[0m [32m INFO[0m [2msingularity_world::server::simulation_loop[0m[2m:[0m 注入事件種子: 有採集隊從城外回來說，霜林靠近城側的那片最近長得特別快
[2m2026-04-01T23:48:31.465148Z[0m [32m INFO[0m [2msingularity_world::server::simulation_loop[0m[2m:[0m 注入事件種子: 城外商路上的指引石被增生物覆蓋了一半，有隊伍去清理了
[2m2026-04-01T23:58:31.965271Z[0m [32m INFO[0m [2msingularity_world::server::simulation_loop[0m[2m:[0m 注入事件種子: 有住戶說家裡石板縫長出了新的發光菌絲，紫綠色的
[2m2026-04-02T00:08:31.965708Z[0m [32m INFO[0m [2msingularity_world::server::simulation_loop[0m[2m:[0m 注入事件種子: 加了福的肉質蔬果到貨了，今天特別新鮮
[2m2026-04-02T00:18:31.966443Z[0m [32m INFO[0m [2msingularity_world::server::simulation_loop[0m[2m:[0m 注入事件種子: 市集今天來了一批品相很好的玉質木材，攤販搶著進貨
[2m2026-04-02T00:28:32.465122Z[0m [32m INFO[0m [2msingularity_world::server::simulation_loop[0m[2m:[0m 注入事件種子: 採集隊說城外淺層礦脈的礦石開始出現新的玉化紋理
[2m2026-04-02T00:38:32.468012Z[0m [32m INFO[0m [2msingularity_world::server::simulation_loop[0m[2m:[0m 注入事件種子: 聽說好事多的批發價又調了，最近物流好像不太順
[2m2026-04-02T00:48:32.965312Z[0m [32m INFO[0m [2msingularity_world::server::simulation_loop[0m[2m:[0m 注入事件種子: 今天空氣裡的膠質味比平常濃，像要變天了
[2m2026-04-02T00:58:33.465121Z[0m [32m INFO[0m [2msingularity_world::server::simulation_loop[0m[2m:[0m 注入事件種子: 聽回來的人講，城外的肉質籐蔓又往路邊多蔓了一些
[2m2026-04-02T01:08:33.466086Z[0m [32m INFO[0m [2msingularity_world::server::simulation_loop[0m[2m:[0m 注入事件種子: 樓頂的蓄水設施今天開始例行清洗，水量可能會少一會兒
[2m2026-04-02T01:18:33.464905Z[0m [32m INFO[0m [2msingularity_world::server::simulation_loop[0m[2m:[0m 注入事件種子: 最近幾天金屬器具的表面都浮了一層淡淡的礦脈紋路
[2m2026-04-02T01:28:33.964802Z[0m [32m INFO[0m [2msingularity_world::server::simulation_loop[0m[2m:[0m 注入事件種子: 有人說聽見了低樓層的結構在微微嗡鳴，像建築在呼吸
[2m2026-04-02T01:38:33.965003Z[0m [32m INFO[0m [2msingularity_world::server::simulation_loop[0m[2m:[0m 注入事件種子: 有住戶搬家了，留下的房間牆上全是根鬚攀痕，挺有意思的
[2m2026-04-02T01:48:33.965463Z[0m [32m INFO[0m [2msingularity_world::server::simulation_loop[0m[2m:[0m 注入事件種子: 有人從低樓層看到遠處林冠線在晃動，可能是大型生物經過
[2m2026-04-02T01:58:34.465225Z[0m [32m INFO[0m [2msingularity_world::server::simulation_loop[0m[2m:[0m 注入事件種子: 三樓醫療區最近比較忙，好像是採集隊回城的季節
[2m2026-04-02T02:08:34.465300Z[0m [32m INFO[0m [2msingularity_world::server::simulation_loop[0m[2m:[0m 注入事件種子: 十六樓商區的地面接縫處冒出了細細的礦脈紋路
[2m2026-04-02T02:18:34.964930Z[0m [32m INFO[0m [2msingularity_world::server::simulation_loop[0m[2m:[0m 注入事件種子: 走廊的老長凳被根鬚纏得更穩了，坐起來比以前舒服
[2m2026-04-02T02:28:34.972700Z[0m [32m INFO[0m [2msingularity_world::server::simulation_loop[0m[2m:[0m 注入事件種子: 遠處的地脈微光今晚比平常亮一些，淡綠色的
[2m2026-04-02T02:38:34.964977Z[0m [32m INFO[0m [2msingularity_world::server::simulation_loop[0m[2m:[0m 注入事件種子: 五樓那戶陽台的根鬚盤得更緊了，看著倒是挺穩的
[2m2026-04-02T02:48:34.965771Z[0m [32m INFO[0m [2msingularity_world::server::simulation_loop[0m[2m:[0m 注入事件種子: 凌晨在窗邊能看到遠處地脈的微光隱約在脈動，像心跳一樣
[2m2026-04-02T02:58:35.466071Z[0m [32m INFO[0m [2msingularity_world::server::simulation_loop[0m[2m:[0m 注入事件種子: 樓梯間的菌絲光昨晚特別亮，是琥珀色的
[2m2026-04-02T03:08:35.465887Z[0m [32m INFO[0m [2msingularity_world::server::simulation_loop[0m[2m:[0m 注入事件種子: 有人在樓下收購琉璃化的礦石碎片，出手很闊綽
[2m2026-04-02T03:18:35.964556Z[0m [32m INFO[0m [2msingularity_world::server::simulation_loop[0m[2m:[0m 注入事件種子: 藥材價格穩著，但品種比上個月少了幾樣
[2m2026-04-02T03:28:35.965637Z[0m [32m INFO[0m [2msingularity_world::server::simulation_loop[0m[2m:[0m 注入事件種子: 昨晚牆面的玉質脈絡突然閃了一下暗紫色的光，只持續了幾秒
[2m2026-04-02T03:38:35.965723Z[0m [32m INFO[0m [2msingularity_world::server::simulation_loop[0m[2m:[0m 注入事件種子: 十六樓的某面牆突然長出了一小片琉璃化的結晶，很漂亮
[2m2026-04-02T03:48:36.465119Z[0m [32m INFO[0m [2msingularity_world::server::simulation_loop[0m[2m:[0m 注入事件種子: 打鐵巷最近接了不少單，聽說是採集隊的工具要換新
[2m2026-04-02T23:06:14.318934Z[0m [33m WARN[0m [2msingularity_world::store[0m[2m:[0m [city] 載入失敗 "/home/tanger/Projects/singularity_world/data/cities/32.json": 找不到 burg_id=32 對應的世界房間（editor JSON meta.burg_id）
[2m2026-04-02T23:06:14.321247Z[0m [31mERROR[0m [2mr2d2[0m[2m:[0m error connecting to server: Connection refused (os error 111)
[2m2026-04-02T23:06:14.321247Z[0m [31mERROR[0m [2mr2d2[0m[2m:[0m error connecting to server: Connection refused (os error 111)
[2m2026-04-02T23:06:14.321247Z[0m [31mERROR[0m [2mr2d2[0m[2m:[0m error connecting to server: Connection refused (os error 111)
[2m2026-04-02T23:06:14.321326Z[0m [31mERROR[0m [2mr2d2[0m[2m:[0m error connecting to server: Connection refused (os error 111)
[2m2026-04-02T23:06:14.321357Z[0m [31mERROR[0m [2mr2d2[0m[2m:[0m error connecting to server: Connection refused (os error 111)
[2m2026-04-02T23:06:14.321385Z[0m [31mERROR[0m [2mr2d2[0m[2m:[0m error connecting to server: Connection refused (os error 111)
[2m2026-04-02T23:06:14.321386Z[0m [31mERROR[0m [2mr2d2[0m[2m:[0m error connecting to server: Connection refused (os error 111)
[2m2026-04-02T23:06:14.321417Z[0m [31mERROR[0m [2mr2d2[0m[2m:[0m error connecting to server: Connection refused (os error 111)
[2m2026-04-02T23:06:14.321431Z[0m [31mERROR[0m [2mr2d2[0m[2m:[0m error connecting to server: Connection refused (os error 111)
[2m2026-04-02T23:06:14.321483Z[0m [31mERROR[0m [2mr2d2[0m[2m:[0m error connecting to server: Connection refused (os error 111)
[2m2026-04-02T23:06:14.721539Z[0m [31mERROR[0m [2mr2d2[0m[2m:[0m error connecting to server: Connection refused (os error 111)
[2m2026-04-02T23:06:14.721578Z[0m [31mERROR[0m [2mr2d2[0m[2m:[0m error connecting to server: Connection refused (os error 111)
[2m2026-04-02T23:06:14.721576Z[0m [31mERROR[0m [2mr2d2[0m[2m:[0m error connecting to server: Connection refused (os error 111)
[2m2026-04-02T23:06:14.721662Z[0m [31mERROR[0m [2mr2d2[0m[2m:[0m error connecting to server: Connection refused (os error 111)
[2m2026-04-02T23:06:14.721745Z[0m [31mERROR[0m [2mr2d2[0m[2m:[0m error connecting to server: Connection refused (os error 111)
[2m2026-04-02T23:06:14.721751Z[0m [31mERROR[0m [2mr2d2[0m[2m:[0m error connecting to server: Connection refused (os error 111)
[2m2026-04-02T23:06:14.721765Z[0m [31mERROR[0m [2mr2d2[0m[2m:[0m error connecting to server: Connection refused (os error 111)
[2m2026-04-02T23:06:14.721841Z[0m [31mERROR[0m [2mr2d2[0m[2m:[0m error connecting to server: Connection refused (os error 111)
[2m2026-04-02T23:06:14.721869Z[0m [31mERROR[0m [2mr2d2[0m[2m:[0m error connecting to server: Connection refused (os error 111)
[2m2026-04-02T23:06:14.721901Z[0m [31mERROR[0m [2mr2d2[0m[2m:[0m error connecting to server: Connection refused (os error 111)
[2m2026-04-02T23:06:15.521944Z[0m [31mERROR[0m [2mr2d2[0m[2m:[0m error connecting to server: Connection refused (os error 111)
[2m2026-04-02T23:06:15.521943Z[0m [31mERROR[0m [2mr2d2[0m[2m:[0m error connecting to server: Connection refused (os error 111)
[2m2026-04-02T23:06:15.521948Z[0m [31mERROR[0m [2mr2d2[0m[2m:[0m error connecting to server: Connection refused (os error 111)
[2m2026-04-02T23:06:15.522073Z[0m [31mERROR[0m [2mr2d2[0m[2m:[0m error connecting to server: Connection refused (os error 111)
[2m2026-04-02T23:06:15.522124Z[0m [31mERROR[0m [2mr2d2[0m[2m:[0m error connecting to server: Connection refused (os error 111)
[2m2026-04-02T23:06:15.522154Z[0m [31mERROR[0m [2mr2d2[0m[2m:[0m error connecting to server: Connection refused (os error 111)
[2m2026-04-02T23:06:15.522175Z[0m [31mERROR[0m [2mr2d2[0m[2m:[0m error connecting to server: Connection refused (os error 111)
[2m2026-04-02T23:06:15.522207Z[0m [31mERROR[0m [2mr2d2[0m[2m:[0m error connecting to server: Connection refused (os error 111)
[2m2026-04-02T23:06:15.522239Z[0m [31mERROR[0m [2mr2d2[0m[2m:[0m error connecting to server: Connection refused (os error 111)
[2m2026-04-02T23:06:15.522245Z[0m [31mERROR[0m [2mr2d2[0m[2m:[0m error connecting to server: Connection refused (os error 111)
[2m2026-04-02T23:06:17.122287Z[0m [31mERROR[0m [2mr2d2[0m[2m:[0m error connecting to server: Connection refused (os error 111)
[2m2026-04-02T23:06:17.122291Z[0m [31mERROR[0m [2mr2d2[0m[2m:[0m error connecting to server: Connection refused (os error 111)
[2m2026-04-02T23:06:17.122287Z[0m [31mERROR[0m [2mr2d2[0m[2m:[0m error connecting to server: Connection refused (os error 111)
[2m2026-04-02T23:06:17.122413Z[0m [31mERROR[0m [2mr2d2[0m[2m:[0m error connecting to server: Connection refused (os error 111)
[2m2026-04-02T23:06:17.122466Z[0m [31mERROR[0m [2mr2d2[0m[2m:[0m error connecting to server: Connection refused (os error 111)
[2m2026-04-02T23:06:17.122518Z[0m [31mERROR[0m [2mr2d2[0m[2m:[0m error connecting to server: Connection refused (os error 111)
[2m2026-04-02T23:06:17.122519Z[0m [31mERROR[0m [2mr2d2[0m[2m:[0m error connecting to server: Connection refused (os error 111)
[2m2026-04-02T23:06:17.122572Z[0m [31mERROR[0m [2mr2d2[0m[2m:[0m error connecting to server: Connection refused (os error 111)
[2m2026-04-02T23:06:17.122583Z[0m [31mERROR[0m [2mr2d2[0m[2m:[0m error connecting to server: Connection refused (os error 111)
[2m2026-04-02T23:06:17.122633Z[0m [31mERROR[0m [2mr2d2[0m[2m:[0m error connecting to server: Connection refused (os error 111)
[2m2026-04-02T23:06:20.322719Z[0m [31mERROR[0m [2mr2d2[0m[2m:[0m error connecting to server: Connection refused (os error 111)
[2m2026-04-02T23:06:20.322719Z[0m [31mERROR[0m [2mr2d2[0m[2m:[0m error connecting to server: Connection refused (os error 111)
[2m2026-04-02T23:06:20.322719Z[0m [31mERROR[0m [2mr2d2[0m[2m:[0m error connecting to server: Connection refused (os error 111)
[2m2026-04-02T23:06:20.322878Z[0m [31mERROR[0m [2mr2d2[0m[2m:[0m error connecting to server: Connection refused (os error 111)
[2m2026-04-02T23:06:20.322892Z[0m [31mERROR[0m [2mr2d2[0m[2m:[0m error connecting to server: Connection refused (os error 111)
[2m2026-04-02T23:06:20.322902Z[0m [31mERROR[0m [2mr2d2[0m[2m:[0m error connecting to server: Connection refused (os error 111)
[2m2026-04-02T23:06:20.322956Z[0m [31mERROR[0m [2mr2d2[0m[2m:[0m error connecting to server: Connection refused (os error 111)
[2m2026-04-02T23:06:20.323026Z[0m [31mERROR[0m [2mr2d2[0m[2m:[0m error connecting to server: Connection refused (os error 111)
[2m2026-04-02T23:06:20.323039Z[0m [31mERROR[0m [2mr2d2[0m[2m:[0m error connecting to server: Connection refused (os error 111)
[2m2026-04-02T23:06:20.323045Z[0m [31mERROR[0m [2mr2d2[0m[2m:[0m error connecting to server: Connection refused (os error 111)
[2m2026-04-02T23:06:26.723031Z[0m [31mERROR[0m [2mr2d2[0m[2m:[0m error connecting to server: Connection refused (os error 111)
[2m2026-04-02T23:06:26.723031Z[0m [31mERROR[0m [2mr2d2[0m[2m:[0m error connecting to server: Connection refused (os error 111)
[2m2026-04-02T23:06:26.723050Z[0m [31mERROR[0m [2mr2d2[0m[2m:[0m error connecting to server: Connection refused (os error 111)
[2m2026-04-02T23:06:26.723108Z[0m [31mERROR[0m [2mr2d2[0m[2m:[0m error connecting to server: Connection refused (os error 111)
[2m2026-04-02T23:06:26.723109Z[0m [31mERROR[0m [2mr2d2[0m[2m:[0m error connecting to server: Connection refused (os error 111)
[2m2026-04-02T23:06:26.723185Z[0m [31mERROR[0m [2mr2d2[0m[2m:[0m error connecting to server: Connection refused (os error 111)
[2m2026-04-02T23:06:26.723200Z[0m [31mERROR[0m [2mr2d2[0m[2m:[0m error connecting to server: Connection refused (os error 111)
[2m2026-04-02T23:06:26.723201Z[0m [31mERROR[0m [2mr2d2[0m[2m:[0m error connecting to server: Connection refused (os error 111)
[2m2026-04-02T23:06:26.723258Z[0m [31mERROR[0m [2mr2d2[0m[2m:[0m error connecting to server: Connection refused (os error 111)
[2m2026-04-02T23:06:26.723260Z[0m [31mERROR[0m [2mr2d2[0m[2m:[0m error connecting to server: Connection refused (os error 111)
[2m2026-04-02T23:06:39.552485Z[0m [32m INFO[0m [2mpostgres::connection[0m[2m:[0m NOTICE: extension "vector" already exists, skipping
[2m2026-04-02T23:06:39.553594Z[0m [32m INFO[0m [2mpostgres::connection[0m[2m:[0m NOTICE: relation "auth" already exists, skipping
[2m2026-04-02T23:06:39.553652Z[0m [32m INFO[0m [2mpostgres::connection[0m[2m:[0m NOTICE: relation "event_log" already exists, skipping
[2m2026-04-02T23:06:39.555624Z[0m [32m INFO[0m [2mpostgres::connection[0m[2m:[0m NOTICE: relation "idx_event_log_entity_id" already exists, skipping
[2m2026-04-02T23:06:39.555702Z[0m [32m INFO[0m [2mpostgres::connection[0m[2m:[0m NOTICE: relation "archival" already exists, skipping
[2m2026-04-02T23:06:39.555770Z[0m [32m INFO[0m [2mpostgres::connection[0m[2m:[0m NOTICE: relation "idx_archival_entity_id" already exists, skipping
[2m2026-04-02T23:06:39.555821Z[0m [32m INFO[0m [2mpostgres::connection[0m[2m:[0m NOTICE: relation "npc_memories" already exists, skipping
[2m2026-04-02T23:06:39.555862Z[0m [32m INFO[0m [2mpostgres::connection[0m[2m:[0m NOTICE: relation "npc_summaries" already exists, skipping
[2m2026-04-02T23:06:39.555907Z[0m [32m INFO[0m [2mpostgres::connection[0m[2m:[0m NOTICE: relation "npc_npc_summaries" already exists, skipping
[2m2026-04-02T23:06:39.555953Z[0m [32m INFO[0m [2mpostgres::connection[0m[2m:[0m NOTICE: relation "npc_threads" already exists, skipping
[2m2026-04-02T23:06:39.555999Z[0m [32m INFO[0m [2mpostgres::connection[0m[2m:[0m NOTICE: relation "npc_dyads" already exists, skipping
[2m2026-04-02T23:06:39.556054Z[0m [32m INFO[0m [2mpostgres::connection[0m[2m:[0m NOTICE: relation "npc_rumors" already exists, skipping
[2m2026-04-02T23:06:39.556105Z[0m [32m INFO[0m [2mpostgres::connection[0m[2m:[0m NOTICE: relation "rooms" already exists, skipping
[2m2026-04-02T23:06:39.556149Z[0m [32m INFO[0m [2mpostgres::connection[0m[2m:[0m NOTICE: relation "exits" already exists, skipping
[2m2026-04-02T23:06:39.556219Z[0m [32m INFO[0m [2mpostgres::connection[0m[2m:[0m NOTICE: relation "entities" already exists, skipping
[2m2026-04-02T23:06:39.556848Z[0m [32m INFO[0m [2mpostgres::connection[0m[2m:[0m NOTICE: column "current_activity" of relation "entities" already exists, skipping
[2m2026-04-02T23:06:39.559289Z[0m [32m INFO[0m [2mpostgres::connection[0m[2m:[0m NOTICE: relation "entity_rooms" already exists, skipping
[2m2026-04-02T23:06:39.559338Z[0m [32m INFO[0m [2mpostgres::connection[0m[2m:[0m NOTICE: relation "venues" already exists, skipping
[2m2026-04-02T23:06:39.559384Z[0m [32m INFO[0m [2mpostgres::connection[0m[2m:[0m NOTICE: relation "assignments" already exists, skipping
[2m2026-04-02T23:06:39.559463Z[0m [32m INFO[0m [2mpostgres::connection[0m[2m:[0m NOTICE: relation "idx_assignments_venue" already exists, skipping
[2m2026-04-02T23:06:39.559510Z[0m [32m INFO[0m [2mpostgres::connection[0m[2m:[0m NOTICE: relation "schedules" already exists, skipping
[2m2026-04-02T23:06:39.559565Z[0m [32m INFO[0m [2mpostgres::connection[0m[2m:[0m NOTICE: relation "items" already exists, skipping
[2m2026-04-02T23:06:39.559624Z[0m [32m INFO[0m [2mpostgres::connection[0m[2m:[0m NOTICE: column "vit_bonus" of relation "items" already exists, skipping
[2m2026-04-02T23:06:39.562052Z[0m [32m INFO[0m [2mpostgres::connection[0m[2m:[0m NOTICE: column "dex_bonus" of relation "items" already exists, skipping
[2m2026-04-02T23:06:39.564387Z[0m [32m INFO[0m [2mpostgres::connection[0m[2m:[0m NOTICE: column "atk_bonus" of relation "items" already exists, skipping
[2m2026-04-02T23:06:39.566775Z[0m [32m INFO[0m [2mpostgres::connection[0m[2m:[0m NOTICE: relation "world_lexicon" already exists, skipping
[2m2026-04-02T23:06:39.566834Z[0m [32m INFO[0m [2mpostgres::connection[0m[2m:[0m NOTICE: relation "word_element_embeddings" already exists, skipping
[2m2026-04-02T23:06:39.566840Z[0m [32m INFO[0m [2msingularity_world::store[0m[2m:[0m [store] PostgreSQL 連線池已初始化: postgres://postgres:singularity@localhost:5432/singularity
[2m2026-04-02T23:06:39.572996Z[0m [32m INFO[0m [2msingularity_world::store[0m[2m:[0m [store] Loaded 1 entities from PostgreSQL
[2m2026-04-02T23:06:39.575935Z[0m [32m INFO[0m [2msingularity_world::store[0m[2m:[0m [store] Loaded 1 entity_rooms from PostgreSQL
[2m2026-04-02T23:06:39.576957Z[0m [32m INFO[0m [2msingularity_world::store[0m[2m:[0m [store] Loaded 1 venues from PostgreSQL
[2m2026-04-02T23:06:39.577217Z[0m [32m INFO[0m [2msingularity_world::store[0m[2m:[0m [store] Loaded 10 items from PostgreSQL
[2m2026-04-02T23:06:39.578259Z[0m [32m INFO[0m [2msingularity_world::store[0m[2m:[0m [store] 資料從 PostgreSQL 載入（主資料源）
[2m2026-04-02T23:06:39.580138Z[0m [32m INFO[0m [2msingularity_world::store[0m[2m:[0m [store] 載入完成: 0 rooms, 0 entity_room, 1 venues, 0 assignments, 0 schedules, 1 entities, 10 items, 0 threads, 0 dyads, 301 rumors
[2m2026-04-02T23:06:39.580205Z[0m [32m INFO[0m [2msingularity_world::store[0m[2m:[0m [store] 0 個房間已同步至 PostgreSQL
[2m2026-04-02T23:06:39.580481Z[0m [32m INFO[0m [2mnpc_behavior[0m[2m:[0m loaded 18 roles from /home/tanger/Projects/singularity_world/data/npc_behaviors.json
[2m2026-04-02T23:06:39.580486Z[0m [32m INFO[0m [2mpathfind[0m[2m:[0m graph synced from store: 0 rooms, 0 directed edges
[2m2026-04-02T23:06:39.580889Z[0m [32m INFO[0m [2msingularity_world::server::hex_editor[0m[2m:[0m hex_editor: 載入 0 格
[2m2026-04-02T23:06:39.583251Z[0m [32m INFO[0m [2msingularity_world::server::run[0m[2m:[0m Rust server listening on http://0.0.0.0:1721 (WebSocket /ws)
[2m2026-04-02T23:06:39.586863Z[0m [32m INFO[0m [2msingularity_world::server::simulation_loop[0m[2m:[0m 注入事件種子: 市集今天來了一批品相很好的玉質木材，攤販搶著進貨
[2m2026-04-02T23:16:39.622303Z[0m [32m INFO[0m [2msingularity_world::server::simulation_loop[0m[2m:[0m 注入事件種子: 電梯間排了好長的隊，聽說中間幾層在做維護
[2m2026-04-02T23:26:39.260056Z[0m [32m INFO[0m [2msingularity_world::server::simulation_loop[0m[2m:[0m 注入事件種子: 聽說好事多的批發價又調了，最近物流好像不太順
[2m2026-04-02T23:36:39.260869Z[0m [32m INFO[0m [2msingularity_world::server::simulation_loop[0m[2m:[0m 注入事件種子: 打鐵巷最近接了不少單，聽說是採集隊的工具要換新
[2m2026-04-02T23:46:39.761217Z[0m [32m INFO[0m [2msingularity_world::server::simulation_loop[0m[2m:[0m 注入事件種子: 走廊的老長凳被根鬚纏得更穩了，坐起來比以前舒服
[2m2026-04-02T23:56:39.762617Z[0m [32m INFO[0m [2msingularity_world::server::simulation_loop[0m[2m:[0m 注入事件種子: 聽回來的人講，城外的肉質籐蔓又往路邊多蔓了一些
[2m2026-04-03T00:06:40.261844Z[0m [32m INFO[0m [2msingularity_world::server::simulation_loop[0m[2m:[0m 注入事件種子: 採集隊說城外淺層礦脈的礦石開始出現新的玉化紋理
[2m2026-04-03T00:16:40.262520Z[0m [32m INFO[0m [2msingularity_world::server::simulation_loop[0m[2m:[0m 注入事件種子: 十一樓健身區新添了幾件器材，是用富態化木材做的
[2m2026-04-03T00:26:40.263012Z[0m [32m INFO[0m [2msingularity_world::server::simulation_loop[0m[2m:[0m 注入事件種子: 樓頂的蓄水設施今天開始例行清洗，水量可能會少一會兒
[2m2026-04-03T00:36:40.762843Z[0m [32m INFO[0m [2msingularity_world::server::simulation_loop[0m[2m:[0m 注入事件種子: 今天的游離輻射塵好像比平常多一些，空氣裡有淡淡的粉光
[2m2026-04-03T00:46:41.262894Z[0m [32m INFO[0m [2msingularity_world::server::simulation_loop[0m[2m:[0m 注入事件種子: 十六樓的某面牆突然長出了一小片琉璃化的結晶，很漂亮
[2m2026-04-03T00:56:41.262094Z[0m [32m INFO[0m [2msingularity_world::server::simulation_loop[0m[2m:[0m 注入事件種子: 遠處的地脈微光今晚比平常亮一些，淡綠色的
[2m2026-04-03T01:06:41.762730Z[0m [32m INFO[0m [2msingularity_world::server::simulation_loop[0m[2m:[0m 注入事件種子: 今早走廊牆縫裡的玉質脈絡又長了一截，紋路很好看
[2m2026-04-03T01:16:42.261950Z[0m [32m INFO[0m [2msingularity_world::server::simulation_loop[0m[2m:[0m 注入事件種子: 今天空氣裡的膠質味比平常濃，像要變天了
[2m2026-04-03T01:26:42.761402Z[0m [32m INFO[0m [2msingularity_world::server::simulation_loop[0m[2m:[0m 注入事件種子: 最近幾天金屬器具的表面都浮了一層淡淡的礦脈紋路
[2m2026-04-03T01:36:42.762190Z[0m [32m INFO[0m [2msingularity_world::server::simulation_loop[0m[2m:[0m 注入事件種子: 凌晨在窗邊能看到遠處地脈的微光隱約在脈動，像心跳一樣
[2m2026-04-03T01:46:43.262503Z[0m [32m INFO[0m [2msingularity_world::server::simulation_loop[0m[2m:[0m 注入事件種子: 五樓那戶陽台的根鬚盤得更緊了，看著倒是挺穩的
[2m2026-04-03T01:56:43.262457Z[0m [32m INFO[0m [2msingularity_world::server::simulation_loop[0m[2m:[0m 注入事件種子: 三樓醫療區最近比較忙，好像是採集隊回城的季節
[2m2026-04-03T02:06:43.762212Z[0m [32m INFO[0m [2msingularity_world::server::simulation_loop[0m[2m:[0m 注入事件種子: 十六樓商區的地面接縫處冒出了細細的礦脈紋路
[2m2026-04-03T02:16:43.762166Z[0m [32m INFO[0m [2msingularity_world::server::simulation_loop[0m[2m:[0m 注入事件種子: 樓梯間的菌絲光昨晚特別亮，是琥珀色的
[2m2026-04-03T02:26:43.762949Z[0m [32m INFO[0m [2msingularity_world::server::simulation_loop[0m[2m:[0m 注入事件種子: 有人說聽見了低樓層的結構在微微嗡鳴，像建築在呼吸
[2m2026-04-03T02:36:44.262525Z[0m [32m INFO[0m [2msingularity_world::server::simulation_loop[0m[2m:[0m 注入事件種子: 藥材價格穩著，但品種比上個月少了幾樣
[2m2026-04-03T02:46:44.262876Z[0m [32m INFO[0m [2msingularity_world::server::simulation_loop[0m[2m:[0m 注入事件種子: 加了福的肉質蔬果到貨了，今天特別新鮮
[2m2026-04-03T02:56:44.763244Z[0m [32m INFO[0m [2msingularity_world::server::simulation_loop[0m[2m:[0m 注入事件種子: 有住戶說家裡石板縫長出了新的發光菌絲，紫綠色的
[2m2026-04-03T03:06:45.262813Z[0m [32m INFO[0m [2msingularity_world::server::simulation_loop[0m[2m:[0m 注入事件種子: 城外商路上的指引石被增生物覆蓋了一半，有隊伍去清理了
[2m2026-04-03T03:16:45.763279Z[0m [32m INFO[0m [2msingularity_world::server::simulation_loop[0m[2m:[0m 注入事件種子: 有採集隊從城外回來說，霜林靠近城側的那片最近長得特別快
